SAMPLE ID,Rb,Ba,Th,U,Nb,K,La,Ce,Pb,Sr,Nd,Zr,Ti,Y,Yb,Lu,SiO2,MgO,Na2O,P2O5,CaO
ODP0129-0801B-043R-001/132-135,32.34193719449802,21.71793110905451,,-7.004342845929045,,26.890783856757686,-6.194551588447197,-6.379049273242785,3.85965588477492,-7.720062851853189,-6.367896695988627,,,-1.7596135366731342,-0.701573792663031,-0.709525066758808,0.10763276555665158,4.735917169943702,0.22076090302201923,0.02425051196605771,-3.234927592790706
ODP0129-0801B-038R-001/022-025,110.65004644902986,36.55043652003108,,26.459988780979145,,170.50468058931827,-3.5077649804484032,-5.652170436751284,-7.499592555269087,-15.856749207094637,-6.615167499557959,,,-1.6901535687098965,-0.6265943727469985,-0.6678400901744261,4.442392221758112,-1.0984547878503292,-0.7952157835654634,-0.06395860294846967,-8.789754165778385
ODP0129-0801B-040R-001/015-018,146.98460922397297,21.403420091093523,,-2.2017301751885583,,166.45371607027215,-3.220809541264501,-3.5388039703265264,61.090937283795256,-11.88615580921416,-2.802997872330387,,,1.924930085512325,0.037137131846856075,-0.009471756437421153,7.178572565137792,-6.496361496516288,0.32218177414741067,0.24410608444930393,-8.945722487598111
ODP0129-0801B-041R-001/020-025,56.55632617783851,7.595515210527218,,0.4569499858034689,,54.261531856747226,0.132638786652997,-1.8211871198172105,96.10190894381691,-12.862716080639299,-4.130113167728261,,,0.4907589837389663,1.0661181998202043,1.613213539475133,0.5295124519369949,-3.6085648228734666,0.9866534792298647,0.02802877264031345,-2.3674375460254824
ODP0129-0801B-041R-001/026-031,29.13735647450678,14.046428233006438,,19.302990415337447,,30.311239960713827,-5.106938984159861,-3.9398470997635826,16.51805410747961,-4.056255607987879,-5.6785401463553455,,,-1.0821538016367196,0.061551106390069776,-0.08639694604543546,-1.0816477357221004,-1.9097130341636817,0.7317551958984212,0.06827408636473875,-1.3288176831788938
ODP0129-0801B-041R-001/130-136,44.34800756109131,8.924677199726808,,-1.732056182556235,,42.148570294986214,0.8108611627067006,-0.9815661443544457,111.34026709515467,-8.597914157946175,-3.300681717814374,,,0.021103252215920243,1.0034013882822643,1.6947918452372868,-0.25932495812936196,-2.540963481287717,0.8085225019661628,-0.04757504163357218,-1.7442991615253804
ODP0129-0801B-042R-002/000-007,38.155989497060176,12.10865715797069,,1.8841574910079046,,32.422229351517814,0.6384962956043978,-1.1495744664996153,87.75720953799402,-0.8040569226461969,-4.385682163925427,,,0.04937344357658269,0.3608365371699964,0.818820235241942,1.4043330648512438,-0.16182944684193767,0.6827416104856461,-0.04424556014704428,-2.2231384046261553
ODP0129-0801B-042R-002/129-134,33.05585770979613,12.455157528407959,,0.8520326162801766,,31.713528905182216,-1.4843814368558483,-2.370831365088094,75.1964462084479,0.585906682998548,-7.524012114049004,,,-0.9523738281193772,-0.019218239811658044,0.02581856545867911,-0.6120034677449695,1.5390423631656036,0.349595626161586,0.04303906690866621,-2.5904726852092264
ODP0129-0801B-043R-001/022-027,35.11064381901748,32.94729997750371,,3.650319110180895,,31.966793788579032,-3.064426836782168,-2.7737197961069953,32.387633124609735,-9.188316024644909,-6.1188223414319225,,,-1.370254435885279,-0.12835407507923868,-0.32167960663454576,-0.9834944771645979,2.5412730911090042,1.0391531325613559,0.02455857386676019,-3.998829380703758
ODP0129-0801B-043R-001/128-134,25.352038542204046,15.81492526610377,,2.157507798769416,,20.038084473765032,4.4245788507374115,0.49456481500316585,3.6559639644091853,-4.912110778537407,-2.675333366422226,,,-0.5909570247054949,-0.3588920134400757,0.18208357044290757,-1.8935486648003206,1.7664859479235417,0.05169445684361351,-0.006108282357685679,-3.9544871811061757
ODP0129-0801B-043R-004/005-010,63.156646512952406,24.410038817106653,,-7.982788853824438,,72.66366425845047,-3.7421006640228285,-3.362782102721283,61.15215227180013,-7.547786573134317,-9.720149105587868,,,-1.6619026826634506,0.15109130878631927,0.2191496492908147,0.13409832743852945,-2.3990870879996935,0.8158964815716594,0.0009346550188320535,-3.0131871785305755
ODP0129-0801B-044R-001/018-024,51.13491465309698,13.51635965010044,,-3.1715989557658446,,62.27064418859726,1.9289311245244534,0.023566489895507914,103.52622103190922,-3.2004230345481623,-3.4306534113663467,,,-0.5359430776377136,0.6579803388416652,1.0760089938694,-1.9497235854455681,-3.0231085279815297,1.021209598601971,0.010804083174268508,-0.16188879351629026
ODP0129-0801B-044R-001/107-113,74.21688628395695,26.679319600492292,,-9.155387129975914,,126.48858829722467,-0.617526049687875,-3.6069720633955598,-7.974690004981314,-14.457631730404398,-6.9603298208167566,,,-0.14096443353423105,-0.04595025314189716,-0.20402489689252423,1.6038436800589722,-3.1462277847928206,0.38110544134648183,0.0966504329713182,-6.849905382412464
ODP0129-0801B-044R-002/027-032,75.00779741252379,36.24920395007566,,61.84151484250232,,152.28582460605327,-0.018696738057769835,-0.03258821787289179,89.6853688196654,-11.754472620134136,-4.122189895639416,,,-0.8811872637260887,0.5985084999633274,1.0059318392943135,4.337995390083414,-3.1869578033192867,0.17645478020155947,-0.0064060892440641615,-6.310136710880599
ODP0129-0801B-044R-003/028-033,42.80148799608668,15.54687379570614,,1.1582838408040246,,39.823096862090175,-3.8100202670699588,-3.5257330451117923,116.96176553144313,-2.1522295040261312,-3.1595260720866207,,,-0.7144143267590506,0.7040635950828982,0.7052580502452805,0.27302721439149735,-1.291984287634392,0.95618424820226,-0.018891563661363242,-1.9566557193455179
ODP0129-0801C-001R-001/014-020,28.827556936404452,8.155697842711476,,5.771184434718705,,25.023566318583924,5.084189380845231,1.9311452659372286,-8.883789746699483,-0.8455983780888126,-2.201458970719159,,,-0.839461481387695,-0.18366868595480135,0.23162348167387137,-2.2839361573514765,3.682002827678267,-0.2976078350018261,0.0456088653775481,-3.1935675970593485
ODP0129-0801C-001R-001/109-114,34.64174257603823,21.629396354945563,,5.311159179408293,,26.336943525168248,-2.4810211104416595,-2.904214078122898,-10.007019618456068,-9.178268194389375,-4.327100012079878,,,-1.6732928634351882,-0.3294245633544195,-0.35288246337382567,-1.6031439752654535,3.343759742141841,0.5715307870246638,0.05781185226395713,-3.751027049258753
ODP0129-0801C-001R-005/033-038,44.32793359960084,95.2574406934342,,4.870813550219623,,44.60187321022063,-2.628920353240929,-3.4660701404627474,46.419623206230355,-5.116251538920736,-4.653844302776278,,,-1.0664567220784562,0.47125602573076897,0.4013728442069313,-1.3065115846393311,-0.7102039645598817,1.4789184974210108,-0.02370559830364183,-2.4359431576383592
ODP0129-0801C-002R-001/112-118,40.249783539374036,21.11181132934979,,-8.804784896436992,,38.49121094754671,4.584091414575624,1.0195392307750666,19.03436698813085,-3.118376850294297,-3.63555876253038,,,-2.1421326570939616,-0.031010607114706268,0.6607183851842189,-2.265916114044984,-0.4763052325510113,0.7337695587548354,0.020578319290737057,-1.9194553877276972
ODP0129-0801C-002R-003/114-119,47.656870296270725,22.161131442782946,,6.796091338867463,,48.974349639870496,-0.6771300875222721,-3.0275208373374056,-9.0149194885855,-0.7618418112142287,-8.526811395050405,,,-1.8184021678224864,-0.40413798381730537,-0.40860079455010645,-2.5587706898921994,-0.3852833967294176,0.786395471313174,0.03158156916279098,-3.1643035780442297
ODP0129-0801C-002R-004/071-076,44.610613104231305,18.955911623249413,,-6.892242210754638,,44.84706231840263,4.659121508750687,1.0026915451882346,5.034982554704452,-1.5261434502947466,-3.5137320254048205,,,-1.5462178974924967,0.1133102968675459,0.7767859787223008,-1.7935224201046864,0.017373246782656615,0.6648577664297117,-0.029413946233004307,-2.354897073784186
ODP0129-0801C-005R-001/103-105,91.67778297569107,20.000241865066922,,19.388651840992935,,225.97935065028273,-0.3696774861162635,-0.7278072719240138,9.505362096083147,-0.6589547571279253,1.335537269804032,,,-0.9776050077361518,-2.250596758758304,-2.625046679218237,2.366001454107227,-6.219910837090624,-0.9889602559841104,-0.08439879508765295,-6.837485075893023
ODP0129-0801C-005R-002/087-089,27.68480562543785,0.8831618048546994,,7.258427272296225,,21.618707369778924,-0.9306292641043936,-0.9553692930836974,10.400440085698795,3.142191021795319,-0.6630553411373503,,,-1.8956081860925096,-1.807888898692676,-2.2632318196022085,-4.513741275486112,-5.0833863646389545,0.7609873106843885,-0.09415645166977728,1.8849080678808026
ODP0129-0801C-005R-003/038-043,3.3886044619903077,-0.15682659859286474,,4.450495434498056,,-0.4459833667541524,-2.2051779919636783,-1.5301509169241654,9.536282471199648,1.3751166064389215,-0.7769990513757472,,,-0.6686898434113306,-1.008026195720542,-1.1761267986445638,-3.6521297153719274,-2.982221853355173,0.4432112090183571,-0.04198237450744147,0.959587596946438
ODP0129-0801C-005R-003/125-131,46.612133592978,-0.4266907143078389,,34.53756497839942,,35.60039337565759,2.8631751961934326,1.8369147651963234,56.884786574281186,-0.7375502843321957,3.201281930410488,,,5.028010716313387,4.311975569825099,5.530210964912931,-4.931739409216824,-4.205255731815888,-1.5543745187768259,-0.032891843286225755,-1.6031751645126429
ODP0129-0801C-006R-002/029-034,5.232685612060514,-0.9848314183972444,,5.441629013927087,,-0.43552075451564987,-1.753272874921221,-0.9948676760472082,10.615600446606603,0.5319714905287531,-0.41481867008367423,,,-0.17183641707168817,-0.1879427842339334,-0.3191603738711013,-3.186341229472319,1.0082730287056112,0.19878016143811372,-0.03296763413275207,-0.7559789115122761
ODP0129-0801C-006R-002/119-124,2.7147726390825664,-0.1276349909682044,,-0.47704820306189877,,-1.0184263587552336,-0.9348215347967814,-0.26557339984785466,11.693371554160212,0.4736588503901089,0.9034612029069793,,,-0.07782157587534133,0.18101478526560477,0.8624584570324982,-3.063821222639916,-0.9861855520299505,0.3444537736257045,-0.07978259077167697,0.7207799286358281
ODP0129-0801C-006R-003/037-042,13.848740436251104,0.20133342763636763,,30.516702344145255,,28.443895807497775,-0.4764378621336869,0.09932117623654779,12.378881083242721,1.2422956984900067,0.5638131826674493,,,-0.9658730515767582,-0.917018461648246,-0.5873954317326753,-8.470583187263728,-6.4862357097975485,0.7964092069975992,-0.0666852944884942,4.083760264200672
ODP0129-0801C-007R-001/053-058,-0.2515367812189284,2.1148402400032134,,-2.8749324081931853,,-2.458733264814666,1.8630066188002505,0.46212388799190585,63.486695974986986,0.37930243673430386,0.8213457452226738,,,-0.24653277140151353,0.9900312556457553,1.5355440746234574,-2.0030063134353213,-0.12030207169155194,0.1579351975474106,-0.013425223296315153,0.4018843798199079
ODP0129-0801C-007R-001/099-105,0.28828341638057187,1.9898659796495135,,14.695547739892742,,-1.405844446707087,-0.6419543965313386,-1.9040113994928172,64.02919056337588,0.5429683003158354,-0.35157022498109747,,,-0.38595546148654414,0.7429293665262131,0.24685458306768915,-3.3072058675099782,-0.49610494242088343,0.5094880140911795,-0.059939455677394116,0.9080799464738618
ODP0129-0801C-007R-003/000-005,20.50320782424092,0.47329200467395216,,6.319692080198674,,10.199660390228512,0.44471782579666197,-0.7730228078421959,93.17488714005943,1.0320239274415348,-0.19082955994777429,,,-0.9763399207743948,0.1921844149280778,0.3994986424172744,-3.270698095092534,-0.9161888418786654,0.2971803571789935,-0.08161861603001919,0.49741215298471886
ODP0129-0801C-007R-004/077-083,2.0751515182841773,0.5132395884019507,,13.6426714858494,,-1.0054554082714922,-0.5155940270686408,-1.8521153967434358,79.74196780388324,0.5387989114828553,-1.54423152667961,,,-0.14261902896743806,0.969700737002718,0.41407063036275815,-1.47099720455045,-0.5480195595646373,0.5416668566306253,-0.10316235495864362,0.8508595979335727
ODP0129-0801C-007R-004/137-142,1.8667377565929426,1.6516707939005464,,-2.185290739450211,,-0.30067967218973823,0.6427568778941852,-0.3296411209745971,64.50671925228589,1.2654206860314972,0.4285736613836164,,,-0.38151724323737035,0.7115717373749417,1.3362027255274267,-3.6720093137815084,-0.8958107522478773,0.39758449604557944,-0.0857551369215118,1.6654598762037356
ODP0129-0801C-008R-001/065-067,30.942315508785182,2.5127349733677344,,30.356282667350406,,25.504548821009294,-0.5079231681595573,-0.8875299353370831,23.877798090342544,2.881858683294084,-1.3220462592915627,,,-1.4650024548066618,-2.396174279953076,-2.408718084349716,-3.4463888023123204,-3.543220136333245,1.0162545853650844,-0.1356204339507341,0.5105690411393304
ODP0129-0801C-008R-001/101-106,3.2718685324834706,-0.3885727467820712,,-2.8343805838609275,,-0.7884982338946331,0.46740330780044115,-0.49065318364457244,63.72090729649663,0.8662408738420337,0.19879025269957928,,,-0.12147409747908888,0.9040882069455467,1.6974610705543203,-2.901092485345764,-0.5343587154033305,0.2622088794326025,-0.08120897085256709,1.096858082896924
ODP0129-0801C-008R-002/078-080,2.2561987297686414,0.11515551936167379,,5.550758824669378,,-0.30406403068080445,-0.9055967975625494,-1.338649347176621,79.98102024615979,0.8934603050744707,-0.8591863969177336,,,-0.6280703852926095,0.4762580095270206,0.0448132287113161,-2.8319970073014105,0.4566710127457565,0.3013682436022407,-0.05312962834932142,2.2835576961137907
ODP0129-0801C-008R-002/133-139,4.145045145530486,1.2929130758430227,,15.790334031939118,,0.15674975238550015,-0.09305397952922512,-1.1074061119710397,78.9271224912371,0.6383506090831128,-0.10969697932094746,,,-0.3126245446561491,-0.6785211327900313,-0.11739890772546246,-1.677612837688585,-0.4077897135866868,0.9202909893176185,-0.09356724595065366,0.7464830807716485
ODP0129-0801C-009R-005/020-024,1.0267907060095443,0.9909231422742004,,11.418821288636726,,-0.3975122445126358,-0.9003969070991404,-1.1074936953248047,80.11119531328319,0.7913066083127154,-2.785016616611978,,,-0.12559567151669349,-0.36316061628840046,-0.7233699259494086,-1.0608355410868668,0.006584494956672238,0.17269740171368309,-0.16039652800867532,0.9757637745614023
ODP0129-0801C-010R-001/055-060,0.7044927231737509,0.19977901321627756,,-1.4625532961393546,,-0.9240165347898515,0.03376629170749368,-0.5511862958500604,80.13145548053728,0.26761120987536824,0.006565144787169963,,,0.3132894820967582,1.1246531432774303,1.327999867007069,-0.03721847995568339,-0.4602606878778843,0.4211741380056706,-0.11965542317727318,0.937880250059342
ODP0129-0801C-010R-006/067-070,1.1261281103418532,0.03474906704689462,,1.463813896502475,,0.2619838165952926,-0.3774227313257885,-1.2248768088657052,37.85764168790055,0.68819434039247,-0.6149752012711884,,,-0.19161054139288147,0.4724357927525986,0.9154803280278232,-1.4451187387265776,-0.1108296041176553,0.30702527185388107,-0.18218384866632079,1.722673293296637
ODP0129-0801C-011R-002/121-126,-0.6590277806323663,0.7014997073572844,,-6.694309545415524,,-3.9789945602625494,-1.9019675165293677,-2.3907388365594624,76.44213960466635,0.5568040779446726,-2.3991290614435137,,,-1.638341976235104,0.22885817396155517,0.43996244932270123,-1.7912083177823348,0.06144233216483652,0.20313138285183197,-0.08623515959747692,1.2816917221152053
ODP0129-0801C-011R-003/121-126,3.956829545129001,2.804760035362449,,-0.7395443691798418,,-0.24519589010138443,-0.4584482988867018,-1.0161852169886263,49.90773310148719,0.40125472353229696,-0.6237119027375986,,,-0.14585762986240347,0.66163824028453,1.443699987453364,-4.254152961259017,-1.5539428190552638,0.028369817298297573,-0.10645618180087757,1.8568223429749011
ODP0129-0801C-011R-003/131-136,5.42074946728863,1.00177254968124,,26.446769305424077,,0.5277677727004817,-0.31017080023409527,-1.4968384502786165,80.25975591542644,0.23340512818601766,-3.4293280658016414,,,-0.9005292491620533,0.03624089493172988,-0.9031879787543424,-2.894179247660304,-0.7523006413715159,0.01085912670300715,-0.0975274928358362,1.5723843917275122
ODP0129-0801C-012R-003/032-037,0.4538182261316759,1.263163974745559,,23.27998255978342,,-1.870566255147287,-0.23124257097374734,-1.1312536825697155,63.763959056294354,1.5158645960328148,1.5862762627158133,,,-1.469439139375357,-0.8881643223341253,-1.0276069231508789,-1.9598454790142625,0.5045943017465859,0.15778397830715374,-0.022121239122900566,0.9381130461144398
ODP0129-0801C-012R-003/057-062,2.5002712115532297,1.8542362486881814,,15.073806814624456,,0.0785031247837722,-0.1655326741301062,-1.571067596146805,78.52977593302312,1.463966366607627,-1.98639964388415,,,-1.478002587117743,-0.8907879543964086,-1.0372160678772637,-1.5036077037131292,0.4630280412475134,0.1872209754482932,-0.09853875481382501,0.8085917129987763
ODP0185-0801C-015R-007/031-034,6.159410370108318,0.5222341882524963,,19.904462296045345,,14.832523152458313,-1.2025286894109177,1.205851214314598,11.449883246479697,2.4158798005818136,1.385016110075079,,,-0.07408858558548026,-1.8977426914233408,-2.5105517485835938,0.7719466803035147,-4.375322977124084,1.0774667003913314,0.07490597203176833,3.446918446297831
ODP0185-0801C-034R-001/093-096,5.884575201176327,-0.15494853142907705,,31.159711304718606,,2.130982050771636,-0.4344718584801077,0.2384252977349135,2.4032983447578102,1.156175382536638,-0.0033216329467062877,,,2.258904302238939,0.5657748174842787,0.5490995244989101,-2.38000142139402,0.26318789632691697,0.003583908165221583,0.0001066706027608999,-0.1992561015211436
ODP0185-0801C-040R-001/024-027,28.2515925401496,-0.32996763767827153,,74.70676054503235,,15.629394463491911,0.04662891258099844,-0.7368723012819292,-2.3440161512670876,0.34675563854607727,-0.7115180892426478,,,1.8935191871488772,0.29768154319605866,0.8235217874203897,-8.13389618618966,-1.2873606481483417,-0.673124867238347,-0.01393374898936009,12.589258500633433
ODP0185-0801C-044R-003/023-026,12.275497259915166,0.6904901230297806,,64.94387375835775,,8.248952882091347,-0.5034167003486054,-0.10442901361058787,-2.3539413542470005,1.339216705704109,0.01671523082663562,,,2.570565879783601,0.30167454284387496,0.14379551617809305,-2.844625589337781,-0.4234997040975079,0.34400443777571965,0.013622375390762997,1.7794382817562244
ODP0129-0801B-037R-001/036-038,114.87886596231336,51.207041329170224,,15.648767056052002,,222.33743763033988,-6.5015166373289155,-7.99050402188773,11.245111331751108,-14.159505821275205,-5.086554539032928,,,1.2225662100895631,0.6597731566612883,0.8293634163570056,14.049471641478561,-4.51795695657327,-0.2746108789121817,0.06107018071967307,-10.433945199874609
ODP0129-0801B-041R-001/026-030,38.835225116420055,10.350705245555531,,-0.633731982734858,,34.194715074045526,-9.709385048783751,-7.839210497837044,-1.7251408799348482,-4.492113830398569,-5.34826651609573,,,-0.9343615032324228,0.1133535973807529,0.42532424626340326,1.1394606227726527,-1.62503187795049,0.4140261108953909,0.023214889013315698,-0.2786388564103106
ODP0129-0801B-041R-002/074-079,53.93555432161274,7.781312466480202,,-2.9228991370503437,,51.17377337320199,-6.000039562344398,-5.24283546630177,3.3445965298358544,-5.289136340478834,-3.631770382323694,,,-0.4690338919034014,0.7409981617211487,1.0527991359415028,2.0327043409024483,-1.5152897809575663,0.48436955617791533,0.063109322098579,-0.1682585656329163
ODP0129-0801B-043R-003/111-114,57.56316806728273,20.635370372178677,,115.57728108406519,,82.03995026637081,4.10609104805696,2.233925622218152,7.724787471547739,-10.504650302391678,2.749789277659353,,,2.1129021744953427,0.8192071214541023,1.6534133641827102,-0.6937214626500605,0.8839865115884615,-0.3445830761334845,0.19271430651377774,0.8507639892335259
ODP0129-0801C-001R-005/033-035,45.96917008642566,61.36238027901133,,-3.512280088107836,,41.189543371955864,-8.258164923540356,-6.13019374875865,6.888503657927128,-11.403580148229675,-4.9872807030346635,,,-1.6306793635271815,-0.2427166657078894,0.21687436724989873,0.6125518634421638,0.04145428609302115,1.784197974189802,0.06500876275170042,-1.7695765907594048
ODP0129-0801C-002R-005/024-028,34.56044023669989,19.77484211468977,,4.810220845464642,,57.34711374365337,-20.177303724341222,-8.557568174852534,4.262275630891622,-5.065498615027909,-8.05191931789934,,,-0.8959981578883145,-0.5665194774051701,-1.0254151615512619,-5.075249190228341,3.6997247774905317,0.46664855498907354,0.2168639824643157,5.373825687611696
ODP0129-0801C-005R-001/095-098,122.90065303316949,25.46011361367913,,13.560275551174593,,267.14155817259746,0.02732108309902248,-0.1957515536962786,0.024733780235830505,0.1658157290079041,-0.3219342206714426,,,-1.0627905926468255,-2.023613601774075,-2.4249455878779362,7.812914415838975,-5.923193541242924,-0.8472012705615133,-0.0004838538089523142,-8.007834009984386
ODP0129-0801C-006R-003/042-045,20.106724950509022,-0.8819836975862286,,20.26351791480729,,26.36795050724898,1.594424543084537,1.6426240179846117,2.0795476562168536,2.866640399456302,2.3780369352381605,,,-1.2485670969131686,1.965086130426867,2.411463906479339,0.2375740631252441,-5.761352633178598,0.838776830646879,-0.023015327756318316,1.9753869165450464
ODP0129-0801C-007R-003/043-048,11.000258158843838,0.48086196440156054,,24.602227778411674,,12.298209353329892,-0.48125169926146305,-1.3757882883940722,1.9519470408206612,1.3217415116494378,-2.7106234890252754,,,0.6583471356944051,-2.6370467847177763,-2.8355672034753074,-8.331362676962343,-2.3470075634522436,-0.2706675640342473,-0.051136697708485335,10.015006444123799
ODP0129-0801C-009R-004/001-004,-1.5874988899916456,-0.1741438308511899,,-0.2162493666901666,,-2.4458135576024924,-0.6817444134606157,-1.2697364686454398,-3.404831739002003,0.6956389077331506,-0.32683428652129987,,,0.4224630445022006,0.28137664520032324,-0.0026601824212075798,-1.2449845740596146,-1.1512123722346423,-0.04381579761771626,-0.031772282034327776,2.0695575290125348
ODP0129-0801C-011R-002/145-148,7.489510794368542,-0.13432912590946966,,0.6311386300490929,,2.9425796988443134,-0.996435646072606,-0.7367244425249906,-0.9462614107440315,0.8673585638821875,-0.6543965418090414,,,0.757545842012874,0.03214329906300861,0.32373328890205144,-2.5879289361935065,-1.5989681053439027,-0.2851231576682802,-0.06172627956414986,3.5878907245917606
ODP0129-0801C-012R-002/111-113,0.6054211524490112,-0.13860550992705578,,5.686131061462971,,-0.9836806654558674,-0.488263504650301,-0.7445445608952088,-1.780241451433727,2.362501442901074,-0.7049199340787347,,,1.682137737894612,-0.07824556751342815,0.28754931719190147,-8.172960892918844,-0.8862044357758254,-0.4173836369987072,0.005795452160619635,10.276111785628402
ODP0185-0801C-014R-001/086-088,-0.05505667433364225,0.43784347120474343,,-0.7362114122507242,,-0.7391665821805682,-0.8822007728766188,-0.5382445653230938,2.8988120432721685,1.1899259584212203,-0.7312071756702689,,,0.27706947786946046,-0.5303131325908552,-0.2561148988754294,-2.105080513080374,-0.2639740444312313,-0.0702223861408684,0.07486020606291821,1.7384700549811836
ODP0185-0801C-015R-002/117-120,8.444296229671341,0.888870746311824,,23.187908962882254,,15.256047823978333,-1.1181788984015784,-1.4910996696538774,1.695796906410581,3.1109082028788606,-1.2934107526740988,,,-0.7697444035285432,-1.842522635216186,-1.8127385481761378,-0.21139034571552173,-2.1458811088112677,0.8008809960235173,-0.0015796372796869074,-0.18234728283462154
ODP0185-0801C-015R-007/096-099,-0.4849963101625663,-0.12682060166674325,,2.21591033061641,,-1.0394501694003182,-2.2530713007994683,-2.2167722666858705,-1.0860388036058897,2.118107686082766,-2.8785398993432736,,,-5.285411270212901,-5.285403070125679,-5.584978192384429,-6.220947622269513,-0.9483131500393229,0.2587406100521785,-0.012573032120863858,-4.035770267048443
ODP0185-0801C-016R-002/027-031,59.821663997295865,0.35991548739075263,,31.919758383837756,,74.98651716156294,-0.8030064819488318,-1.1214797596064088,-2.65335030329995,0.6641705218564473,-0.020832412857142657,,,3.7091820645289673,-0.5624051534818104,-0.018557693073129045,-7.656375079279144,-1.4305418468614457,-0.7934063704006178,-0.014683500236292113,3.5954207356682186
ODP0185-0801C-016R-002/082-086,16.48569361063406,-0.05934167588981931,,14.26440990704534,,20.941778378717828,-2.4079540968292097,-2.517845745810792,5.595069325888359,3.659930296211515,-2.705138966329864,,,-0.3533943386297036,-2.2335383337318238,-2.696336752302397,-1.2730640537848288,-3.5039726517098604,0.4903896659327085,-0.014676853746757923,3.5367079320182935
ODP0185-0801C-016R-005/062-065,4.229556769692387,-0.6780812243766117,,78.29814962643984,,11.258301436401505,-0.7815935471237507,-2.2717286356285884,-4.174834975333016,-1.6749652650846958,-1.1190807339438829,,,1.0844161367020524,-0.515119421534572,-0.18317769238603976,-3.3462273748964293,-4.688177957299086,-0.8285431053051402,0.023270942715847565,10.406731494169595
ODP0185-0801C-018R-001/064-069,-0.13727955273568104,-0.07428578619505699,,2.1229866433401217,,-0.03162416584187966,-1.2235910216304617,-0.8101731387644939,-1.6162859891412777,1.522402440658806,-1.0577927624289174,,,0.7085130481077648,0.07677073348211749,0.4101206767278054,-2.4555961417370327,-0.13970122201803115,0.032555540094346025,-0.014215150354838973,0.4225148250862958
ODP0185-0801C-021R-002/086-089,10.261922983099803,-0.13896332529390487,,39.31907533170628,,4.684030900838365,1.2907877097977511,1.0067557734587789,-2.448680121033168,1.5540475000232234,1.5578904688788633,,,3.7327338612049807,2.157982356598163,2.743463540296192,-7.157114149393742,-1.2202908463368702,-0.2245834816511234,0.019831050933211025,8.162369421922467
ODP0185-0801C-023R-003/080-084,-1.3587946123762855,-0.5638787840970314,,-0.4233459427758417,,-2.200928384936862,-1.5745708060659105,-1.1897633893883501,-3.0163987988814513,1.0457897897237798,-1.5345889674383315,,,-0.6299605905642114,-1.599964730557856,-1.5082815311020035,-1.9338923015691023,0.05101177575476079,0.18135797225948114,-0.026134212635158777,-0.1062339085104167
ODP0185-0801C-024R-001/046-049,2.7877739216279727,-1.0082173994274715,,12.97386079106499,,-1.8938384060323843,-1.870740854186442,-1.4953793828765436,-0.08927097113592097,-0.2991337908450804,-1.0915387007648985,,,0.49100814523277414,-1.1434752035785678,-0.69250012242812,-2.5055207314113517,0.11174215539689669,-0.03620196757582983,-0.027051975634139525,-0.3759421046478444
ODP0185-0801C-025R-001/010-013,-1.0773969307288649,-0.41007191296508005,,-0.9988853341175412,,-2.781925628967257,-0.5831636433262206,-0.4266001304284517,0.5922507505448085,0.833385005962545,-0.059326459566559464,,,1.15757420527207,0.3708658608341171,0.7918381285905589,-1.440252969497294,-0.19174336546380832,-0.028883990106753465,-0.007493232756574653,0.6907997874981895
ODP0185-0801C-027R-003/066-069,1.8021281455257119,0.03570080333567183,,14.163999134307517,,-0.9240572474102904,-0.35559249517810976,-0.35409195834765494,0.35327036724433736,0.646158378539571,-0.18682210180155678,,,1.52957747062033,0.09124566850872373,0.22583327022624022,-2.66928672935731,-1.3432749201849816,-0.3051787507954766,-0.007387389269118444,3.6544405174203245
ODP0185-0801C-028R-001/110-114,15.201809502232527,0.2434810461272483,,1.9958197432674663,,14.591185619394707,0.2370209585215557,0.09180650270292467,-0.2747980763886586,0.48353518050939037,0.9903536995936832,,,1.6473465666097855,-0.3424355934760479,0.0023848964116011118,-1.655670454161104,0.7406735249766419,-0.1782178354392978,0.01793492464569535,0.6000445291126209
ODP0185-0801C-028R-002/036-038,-0.8822495204879408,-0.10611728364953388,,-0.229082800944294,,-1.996596778067844,-0.02515408005477049,-0.17399273894702727,-0.8677937843628483,0.70952708352839,0.25541913583536235,,,1.068856087233259,0.364677808428131,0.5486832386372065,-1.4974453580482248,-0.05192451879340698,-0.2299892987705885,-0.0018545476536208916,1.5851379531447218
ODP0185-0801C-028R-002/100-104,7.135593280412249,1.5849314165616186,,54.740911204140346,,16.296119850015295,-0.8764661148581991,-1.6261116990190798,-2.4345007507643945,-0.26148442837584174,-1.1990897078969143,,,0.07781320569622086,-0.09462316778120616,0.13683843122889883,-2.994017477332669,0.10719504023272997,-0.4158340948774444,-0.034024682715563276,2.475467896414358
ODP0185-0801C-029R-001/016-018,-0.6358062603930227,-0.6591252721527407,,26.96887793879074,,0.2656913248353332,-0.6529503640868395,-0.18123531887777133,-2.3453491991306965,1.0218433865633747,0.016068378940099493,,,1.730081963371875,0.7412920334966717,1.0518918023060557,-2.8772691852232555,0.09004140368658575,-0.12841542917328708,-0.00839857301381125,0.5834167143595899
ODP0185-0801C-030R-001/003-007,20.626673718341497,-0.6060615982162205,,6.069130116649867,,8.951761650300618,-1.002651378987422,-0.7569828427062859,-0.4140374976488763,1.1122783829929812,-0.5085880213144005,,,1.380006945648331,-1.510599988886474,-1.5583076318279474,-3.1008990364238898,0.4449081305459215,-0.0411923236548688,0.01626471110364064,-1.1888736245994345
ODP0185-0801C-030R-001/111-114,-0.2277429130450258,-0.13775973593866309,,0.24696629204060638,,-1.333612398007586,-0.8331852590608984,-0.36883658021082866,-6.061858443732014,0.5627377876078805,0.05186782653766109,,,1.1989814988916763,0.41189902171677595,0.6646017337550401,-2.083639951785912,-0.49473388987846967,-0.20979386110861942,-0.006830805165650183,0.443617250383765
ODP0185-0801C-030R-005/039-042,8.629844410097496,-0.20684597558008666,,10.574871250205026,,3.2046703860059846,-0.3556246508701051,-0.8203188751719859,-4.264225496780372,-0.12739743788647662,-0.46627428875926213,,,1.997201080008148,1.5695055078318392,1.9472921528054066,-2.644642927978758,-0.10789675125196219,-0.21592593065329613,-0.00986200285396277,3.7835465253707437
ODP0185-0801C-031R-004/043-045,-0.8394822665385641,-0.023355615559208065,,-1.0094916200296309,,-1.707131761817992,-0.9160648777517038,-0.6026763360747722,25.196793489293533,0.5099314386944549,-0.053691497136993505,,,1.6395505573853377,0.4874118008885677,0.8820004001737622,-1.5280140199446066,-0.6933446301299666,-0.17249561913681122,-0.0006866031373177206,0.6586369974426045
ODP0185-0801C-031R-007/007-010,23.515771452337795,-0.18795759156231684,,1.8210333599529167,,10.604342792659686,0.43499940819885907,-0.10889332798838058,-4.73011276662258,0.16930770920051508,-0.014372696157833431,,,2.2785485674127894,-0.20148357312206677,0.0019873531834839753,-0.9562432138701027,1.3495134198860823,-0.4419727597746421,0.008271975673488363,-1.615559032221265
ODP0185-0801C-032R-001/121-127,70.54153250032049,-0.2459110020277111,,-1.057773820908283,,57.04667798162389,-0.8110858099520195,-1.1295612313197188,-3.8735885037410527,-1.7676473441809004,-0.08260973122586712,,,-0.06854622290236101,0.062403463182331365,0.17827940809059584,1.1327736649861748,1.6697025093924402,-0.5082486448315153,0.011852015371256241,-5.024777366788563
ODP0185-0801C-034R-002/036-040,42.73677969844763,0.13669395219957337,,24.440999895666394,,23.550148246591352,0.08003587419105962,0.028183420203806264,-2.2229875687773895,0.7275569593383127,0.11051221718157578,,,1.3953474625700473,1.15275008941404,1.8108807041543855,-1.2966482489149982,-0.8112677799858155,-0.31446037704209484,-0.010232109629783742,-1.1228039598400184
ODP0185-0801C-035R-003/100-104,1.536561762273744,0.005315021740346593,,31.734594914296014,,0.02860655514118271,1.1194889278071782,1.0738986503988563,-0.8154472443261129,1.0056003384829761,0.4261646520719804,,,4.233951499345995,2.3003815912496233,2.5799565843420815,0.21921528445572136,-0.73742556098785,-0.06484922289233452,0.0003932683065815401,0.3728337183799333
ODP0185-0801C-037R-004/106-110,-0.59141443995349,0.05797669315346443,,-1.2887035295431435,,-1.4124154919936402,-1.2838168290159926,-0.6938008963931193,-7.100681962662087,0.04753680448657338,0.03535931212006993,,,0.7644839611920577,0.2694274454436112,0.4468256718485115,-0.8009463908304895,-0.7564668764942493,-0.16973612969738294,-0.020128684346694292,0.53901113910125
ODP0185-0801C-037R-005/112-114,21.117674001054127,0.6854354400352161,,7.963542265018254,,10.434627374141916,0.11944304792397009,-0.14155169988459093,-3.7920407232902096,-0.03975922579362301,0.07378460178450474,,,0.9792713152481358,0.14714441281230606,0.46644943788649407,-3.371111947115125,1.6670823048113474,-0.28489626217646835,0.032605224659467386,-3.6102496636809525
ODP0185-0801C-038R-001/022-027,6.29197605204441,0.4760421705395399,,22.962175589031823,,3.3977519531244345,-0.10094177728787734,-0.917604447769186,-0.8347121870828849,1.362238991847759,-1.3307615645502775,,,1.0762809219184906,-0.063993263954778,0.14287074186426452,-3.8368454298377728,-0.6270161021477696,-0.20846532662607853,-0.01176798774710075,5.276669592095407
ODP0185-0801C-038R-003/053-059,29.402453782278926,1.3503264745884016,,28.556915907561716,,18.044870399078324,2.0528143269953016,1.5316546116903744,16.850491297835248,0.3903278271240822,-0.9894107190884771,,,-0.718752449208651,-0.38271829141597635,-0.15059502656272983,-1.9978289554592408,2.5449950328540067,0.164179732148384,-0.0835223984364852,-4.707116454878657
ODP0185-0801C-042R-002/034-038,5.977294987569012,0.2151873457291249,,33.331651070598234,,1.7850248215937876,-0.5925967095436357,-0.6807451625234764,-2.1441507077825444,0.5586394319546644,-0.08075206626203091,,,1.1492081621110266,-0.331031689666653,-0.17849742840269123,1.0335652288943322,-0.693302719232924,0.07444984295919133,-0.005085829189218433,-0.13946428023794688
ODP0185-0801C-043R-001/013-015,-0.6900853440458015,-0.15989757700483898,,-0.7871044455427834,,-1.673343421045709,-0.7513464199710933,-0.6750800730151534,3.1756737903624783,0.7822883018764033,-0.1015502994365356,,,0.5916799810937832,0.12687688684845,0.2694199556886172,-1.603371455589837,-0.17521903665765137,0.037764686480159515,-0.013261756220757842,0.523333868711747
ODP0185-0801C-043R-002/101-104,46.48827619198336,0.17271148491200305,,3.7370778566488587,,42.95700404354593,-0.8128865704723349,-1.1127556463460344,-2.6626455426451,-0.409434944256275,-0.6366849246253725,,,1.3620758796355048,0.30511427664160085,0.6522701988050992,-1.1845942415532136,-0.7228854456276066,-0.09921411226696808,-0.012592978337065242,-2.350286818960498
ODP0185-0801C-043R-003/050-055,81.60276106299887,-0.721304445508737,,-0.05696339126537797,,69.78783537280772,-1.052050905781572,-1.6974095006816592,-1.4171238026114166,-2.124140167221302,-1.041204011757162,,,-0.5145820772399299,0.6968460173907021,0.6821328692387567,-0.10671218292132778,-0.07288772526008813,-0.7435670388602733,-0.033088856720076235,-3.5085806872615635
ODP0185-0801C-046R-002/048-052,20.01086059136216,0.23222064983932134,,3.642644866192798,,13.518359258682313,-0.37258787028499274,-0.18434289554020644,0.22625175498452776,0.5244565197530999,0.06431898047042495,,,-0.1278786645757357,-0.8643703488980083,-0.8503351400138097,-0.4711459040090631,-1.4055634551831773,0.1907048506637361,0.021832598617385318,1.4932710306688826
ODP0185-0801C-050M-001/029-032,1.5572074478662472,0.3549929973089361,,1.9291403334540664,,0.35621512167490765,-0.1606560211753143,0.05993253852299141,0.5785470758961608,1.8149575931255146,-0.4988695600403279,,,0.5743851059247955,-0.5714126336303327,-0.05988917777684044,-2.0781504888500706,0.17751627417594307,0.3659088141282929,0.012169642129215896,0.15476611403712148
ODP0185-0801C-052M-001/047-049,-0.9680051646945754,-0.6860863831732915,,-0.922903487278794,,-0.8962400648859234,-1.1250161643426768,-0.6928219537947342,-0.696730128935827,0.8485846917995641,-0.6877353050045585,,,-0.13055023370849383,-0.4461363287801561,-0.44919403421373794,-1.6691578196993078,0.2182265972446018,0.05309308537635182,-0.00494320363953224,0.4504641607397186
