SAMPLE ID,Ag,Al,As,Au,B,Ba,Be,Bi,Br,C,Ca,Cd,Ce,Co,Cr,Cs,Cu,Dy,Er,Eu,Fe,Ga,Gd,Hf,Hg,Ho,I,Ir,K,La,Li,Lu,Mg,Mn,Mo,N,Na,Nb,Nd,Ni,Os,P,Pb,Pd,Pr,Pt,Rb,Re,Rh,Ru,S,Sb,Sc,Se,Si,Sm,Sn,Sr,Ta,Tb,Te,Th,Ti,Tl,Tm,U,V,W,Y,Yb,Zn,Zr,IGSN,EXPEDITION ID,REFERENCES,LATITUDE,LONGITUDE,LOC PREC,MIN ELEVATION,MAX ELEVATION,TECTONIC SETTING,MIN AGE,AGE,MAX AGE,METHOD,ANALYZED MATERIAL,ROCK TYPE,ROCK NAME,MINERAL,SiO2,TiO2,Al2O3,Cr2O3,Fe2O3,Fe2O3T,FeO,FeOT,NiO,MnO,MgO,CaO,SrO,Na2O,K2O,P2O5,BaO,LOI,H2O,H2O_M,H2O_P,SO2,SO3,V2O3,V2O5,ZnO,CoO,La2O3,Ce2O3,O,FeS2,S_SLFI,SLFA,C_NON_CARB,CaCO3,CuO,Cu2O,Dy2O3,FeCO3,Gd2O3,HfO,HfO2,MgCO3,MnCO3,Nb2O3,Nb2O5,Nd2O3,Sc2O3,Sm2O3,Ta2O5,ThO,ThO2,UO2,WO3,Y2O3,ZrO2,S_PY,TOC,Ag.1,Al.1,As.1,Ca.1,Cd.1,Co.1,Cu.1,GER,INDIUM,Mg.1,Mn.1,Ni.1,OS_INI,Pa,S.1,Si.1,Zn.1,Zr2O3,Ti.1,As.2,As.3,GER.1,H2O_M.1,H2O_P.1,H2O_M.2,H2O_P.2,INDIUM.1,area,depth_start,depth_end,depth_mean,Depth,DataBase,SAMPLE_INFO
ODP0129-0801B-043R-001/132-135,,,,,,60.237516096723425,,,,,,,27.380281690140848,,,29.873417721518983,,6.2279511533242875,4.645833333333333,10.892857142857142,,,1.3976510067114094,15.825242718446601,,5.189024390243902,,,53.46117630572654,31.877729257641917,16.187499999999996,3.918918918918919,,,,,,57.0827489481066,18.389955686853764,,,23.520279959233385,26.760563380281692,,22.463768115942027,,57.637795275590555,,,,,,,,,11.936936936936936,,16.587677725118482,63.90243902439025,49.62962962962963,,28.235294117647054,11.156830923718374,,,34.42857142857142,,,5.230769230769231,3.894523326572008,,20.982142857142858,,ODP0129,"ANDERSEN, 2015; HAUFF, 2003; KELLEY, 2003",18.6423,156.36,0.0001,-5674.0,-5674.0,OLD_OCEANIC_CRUST,,,,ICPAES; ICPMS; IGN; MC-ICP-MS; MS-ID,WHOLE ROCK,IGNEOUS:VOLCANIC:MAFIC,ALKALI BASALT,,47.3,2.42,13.54,,12.51,,,,,0.153,11.16,6.85,,3.22,1.61,0.512,,5.74,,,,,,,,,,,,,,,,,,,,,,,,,,,,,,,,,,,,,,,,,,,,,,60.4,35.5,,,,,310.0,,,,,90.5,,,,,,,,,,,pacific_plate_west_ref,132.0,135.0,133.5,493.52,Northwest_Pacific,Seafloor altered basalt
ODP0129-0801B-038R-001/022-025,,,,,,65.38846759193018,,,,,,,24.225352112676056,,,168.35443037974682,,,,7.857142857142857,,,,13.559870550161813,,,,,192.5930574988906,29.54876273653566,,3.2432432432432434,,,,,,50.490883590462836,15.509601181683898,,,16.537696846335976,14.084507042253522,,,,129.13385826771653,,,,,,,,,9.391891891891891,,4.834123222748815,60.243902439024396,5.648148148148148,,23.52941176470588,12.309396101788455,,,56.19047619047618,,,4.395604395604396,3.4279918864097363,,17.321428571428573,,ODP0129,"CASTILLO, 1992",18.6423,156.36,0.0001,-5674.0,-5674.0,OLD_OCEANIC_CRUST,,,,IGN; INAA; TITR; VOL; XRF,WHOLE ROCK,IGNEOUS:VOLCANIC:MAFIC,BASALT,,51.45,2.67,18.62,,5.97,,0.61,,,0.04,4.69,2.0,,2.04,5.8,0.36,,5.67,,,4.81,,,,,,,,,,,,,,,,,,,,,,,,,,,,,,,,,,,,,,,,,,,18.0,64.0,,,,,67.0,,,162.0,,93.0,,,,,,,4.81,,4.81,,pacific_plate_west_ref,22.0,25.0,23.5,466.32,Northwest_Pacific,Seafloor altered basalt
ODP0129-0801B-040R-001/015-018,,,,,,62.8129918443268,,,,,,,33.29577464788733,,,418.98734177215186,,,,12.916666666666666,,,,11.779935275080907,,,,,195.24951346439258,43.8136826783115,,3.3783783783783785,,,,,,68.72370266479663,20.679468242245196,,,28.940969481087958,84.50704225352113,,,,173.22834645669292,,,,,,,,,15.495495495495495,,15.023696682464454,77.3170731707317,8.611111111111112,,37.17647058823529,15.213860350525056,,,37.14285714285714,,,7.252747252747253,3.7322515212981746,,13.660714285714286,,ODP0129,"CASTILLO, 1992",18.6423,156.36,0.0001,-5674.0,-5674.0,OLD_OCEANIC_CRUST,,,,IGN; INAA; TITR; VOL; XRF,WHOLE ROCK,IGNEOUS:VOLCANIC:MAFIC,BASALT,,51.58,3.3,17.42,,9.02,,0.75,,,0.12,2.75,2.63,,2.91,5.88,0.63,,2.68,,,2.72,,,,,,,,,,,,,,,,,,,,,,,,,,,,,,,,,,,,,,,,,,,36.0,37.0,,,,,82.0,,,105.0,,111.0,,,,,,,2.72,,2.72,,pacific_plate_west_ref,15.0,18.0,16.5,477.05,Northwest_Pacific,Seafloor altered basalt
ODP0129-0801B-041R-001/020-025,,,,,,64.10072971812849,,,,,,,46.06197183098592,,,59.49367088607594,,9.49796472184532,7.0,16.01190476190476,,,13.506711409395974,24.271844660194176,,7.439024390243902,,,99.94915570201047,57.65647743813682,,5.9459459459459465,,,,,,74.33380084151473,28.862629246676512,,,31.697252288810613,126.7605633802817,,33.91304347826087,,97.63779527559055,,,,,,,,,18.513513513513516,,23.033175355450236,85.1219512195122,,,42.35294117647059,16.41252813571794,,,49.523809523809526,,,7.912087912087912,5.720081135902636,,27.5,,ODP0129,"CASTILLO, 1992",18.6423,156.36,0.0001,-5674.0,-5674.0,OLD_OCEANIC_CRUST,,,,IGN; INAA; TITR; VOL; XRF,WHOLE ROCK,IGNEOUS:VOLCANIC:MAFIC,BASALT,,46.33,3.56,15.14,,4.27,,5.57,,,0.14,4.52,7.71,,3.88,3.01,0.69,,4.67,,,1.54,,,,,,,,,,,,,,,,,,,,,,,,,,,,,,,,,,,,,,,,,,,,44.0,,,,,28.0,,,251.0,,101.0,,,,,,,1.54,,1.54,,pacific_plate_west_ref,20.0,25.0,22.5,484.7,Northwest_Pacific,Seafloor altered basalt
ODP0129-0801B-041R-001/026-031,,,,,,59.235942194877666,,,,,,,35.943661971830984,,,36.70886075949367,,,,13.809523809523808,,,,19.158576051779935,,,,,71.06019707717688,44.39592430858806,,4.324324324324325,,,,,,67.32117812061712,22.895125553914326,,,28.48158901313418,42.25352112676057,,,,61.41732283464567,,,,,,,,,16.396396396396398,,24.549763033175353,77.3170731707317,9.537037037037038,,35.52941176470588,15.25996295764786,,,66.66666666666666,,,7.032967032967033,4.685598377281948,,24.28571428571429,,ODP0129,"CASTILLO, 1992",18.6423,156.36,0.0001,-5674.0,-5674.0,OLD_OCEANIC_CRUST,,,,IGN; INAA; TITR; VOL; XRF,WHOLE ROCK,IGNEOUS:VOLCANIC:MAFIC,BASALT,,45.77,3.31,16.03,,4.76,,4.72,,,0.14,5.2,8.25,,3.81,2.14,0.62,,5.09,,,2.0,,,,,,,,,,,,,,,,,,,,,,,,,,,,,,,,,,,,,,,,,,,28.0,44.0,,,,,46.0,,,358.0,,90.0,,,,,,,2.0,,2.0,,pacific_plate_west_ref,26.0,31.0,28.5,483.26,Northwest_Pacific,Seafloor altered basalt
ODP0129-0801B-041R-001/130-136,,,,,,60.38059808270139,,,,,,,41.780281690140846,,,49.36708860759494,,8.683853459972864,6.479166666666667,14.702380952380953,,,12.130872483221477,20.711974110032365,,6.951219512195121,,,86.66687587450078,52.83842794759825,,5.9459459459459465,,,,,,68.72370266479663,26.196454948301326,,,28.022208545180405,140.84507042253523,,31.340579710144926,,81.88976377952756,,,,,,,,,16.68918918918919,,24.265402843601894,78.78048780487805,,,41.17647058823529,14.937244707788237,,,48.095238095238095,,,7.032967032967033,5.273833671399594,,25.446428571428573,,ODP0129,"CASTILLO, 1992",18.6423,156.36,0.0001,-5674.0,-5674.0,OLD_OCEANIC_CRUST,,,,IGN; INAA; TITR; VOL; XRF,WHOLE ROCK,IGNEOUS:VOLCANIC:MAFIC,BASALT,,46.08,3.24,15.8,,4.28,,5.79,,,0.15,4.86,7.64,,3.71,2.61,0.61,,4.71,,,1.55,,,,,,,,,,,,,,,,,,,,,,,,,,,,,,,,,,,,,,,,,,,,44.0,,,,,45.0,,,250.0,,90.0,,,,,,,1.55,,1.55,,pacific_plate_west_ref,130.0,136.0,133.0,484.3,Northwest_Pacific,Seafloor altered basalt
ODP0129-0801B-042R-002/000-007,,,,,,53.941908713692946,,,,,,,36.59154929577465,,,36.70886075949367,,7.706919945725915,5.645833333333333,13.214285714285715,,,11.04026845637584,18.77022653721683,,6.219512195121951,,,65.08317115479753,47.2197962154294,,5.135135135135135,,,,,,58.906030855539974,23.197932053175773,,,24.80654526950396,112.67605633802818,,27.101449275362317,,66.14173228346456,,,,,,,,,14.90990990990991,,27.10900473933649,67.3170731707317,,,35.29411764705882,13.323653458490124,,,47.61904761904761,,,6.373626373626374,4.584178498985801,,21.696428571428573,,ODP0129,"CASTILLO, 1992",18.6423,156.36,0.0001,-5674.0,-5674.0,OLD_OCEANIC_CRUST,,,,IGN; INAA; TITR; VOL; XRF,WHOLE ROCK,IGNEOUS:VOLCANIC:MAFIC,BASALT,,46.91,2.89,17.42,,4.63,,4.68,,,0.14,6.5,8.36,,3.43,1.96,0.54,,2.93,,,1.97,,,,,,,,,,,,,,,,,,,,,,,,,,,,,,,,,,,,,,,,,,,,37.0,,,,,69.0,,,276.0,,72.0,,,,,,,1.97,,1.97,,pacific_plate_west_ref,0.0,7.0,3.5,489.05,Northwest_Pacific,Seafloor altered basalt
ODP0129-0801B-042R-002/129-134,,,,,,50.651023036199746,,,,,,,32.901408450704224,,,30.379746835443033,,,,12.440476190476188,,,,17.15210355987055,,,,,60.43437321516913,40.174672489082965,,4.054054054054054,,,,,,57.503506311360454,18.46381093057607,,,25.725306205411517,98.59154929577466,,72.46376811594202,,59.84251968503937,,,,,,,,,14.90990990990991,,26.492890995260662,68.29268292682926,8.24074074074074,,30.235294117647054,13.461961279858535,,,42.38095238095238,,,6.153846153846154,4.421906693711968,,20.80357142857143,,ODP0129,"CASTILLO, 1992",18.6423,156.36,0.0001,-5674.0,-5674.0,OLD_OCEANIC_CRUST,,,,IGN; INAA; TITR; VOL; XRF,WHOLE ROCK,IGNEOUS:VOLCANIC:MAFIC,BASALT,,46.33,2.92,16.96,,4.04,,5.7,,,0.14,7.18,8.06,,3.26,1.82,0.56,,2.85,,,2.09,,,,,,,,,,,,,,,,,,,,,,,,,,,,,,,,,,,,,,,,,,,34.0,39.0,,,,,92.0,,,298.0,,71.0,,,,,,,2.09,,2.09,,pacific_plate_west_ref,129.0,134.0,131.5,490.34,Northwest_Pacific,Seafloor altered basalt
ODP0129-0801B-043R-001/022-027,,,,,,70.82558305909286,,,,,,,32.563380281690144,,,44.303797468354425,,,,12.559523809523808,,,,17.734627831715212,,,,,63.09082918067107,39.44687045123726,,4.054054054054054,,,,,,58.906030855539974,20.679468242245196,,,25.26592573745774,56.33802816901409,,,,62.99212598425197,,,,,,,,,14.977477477477478,,18.19905213270142,66.58536585365853,8.333333333333334,,30.11764705882353,13.554166494104141,,,45.238095238095234,,,6.153846153846154,4.300202839756593,,21.78571428571429,,ODP0129,"CASTILLO, 1992",18.6423,156.36,0.0001,-5674.0,-5674.0,OLD_OCEANIC_CRUST,,,,IGN; INAA; TITR; VOL; XRF,WHOLE ROCK,IGNEOUS:VOLCANIC:MAFIC,BASALT,,45.88,2.94,15.23,,4.7,,5.7,,,0.13,8.28,6.21,,4.02,1.9,0.55,,4.58,,,4.17,,,,,,,,,,,,,,,,,,,,,,,,,,,,,,,,,,,,,,,,,,,46.0,39.0,,,,,163.0,,,379.0,,86.0,,,,,,,4.17,,4.17,,pacific_plate_west_ref,22.0,27.0,24.5,492.24,Northwest_Pacific,Seafloor altered basalt
ODP0129-0801B-043R-001/128-134,,,,,,53.08341679782515,,,,,,,31.47605633802817,,,35.44303797468354,,6.662143826322931,4.916666666666667,11.249999999999998,,,9.345637583892618,15.533980582524272,,5.182926829268292,,,48.4803213704104,40.116448326055306,,4.324324324324325,,,,,,51.89340813464236,20.066469719350074,,,21.131501525873745,28.169014084507044,,228.6231884057971,,50.39370078740157,,,,,,,,,12.792792792792792,,17.6303317535545,57.80487804878049,,,29.882352941176467,11.433446566455194,,,36.666666666666664,,,5.4945054945054945,3.995943204868154,,18.571428571428573,,ODP0129,"CASTILLO, 1992",18.6423,156.36,0.0001,-5674.0,-5674.0,OLD_OCEANIC_CRUST,,,,IGN; INAA; TITR; VOL; XRF,WHOLE ROCK,IGNEOUS:VOLCANIC:MAFIC,BASALT,,44.43,2.48,13.11,,5.73,,5.72,,,0.15,10.58,6.59,,2.76,1.46,0.46,,6.16,,,3.27,,,,,,,,,,,,,,,,,,,,,,,,,,,,,,,,,,,,,,,,,,,,35.0,,,,,375.0,,,1388.0,,89.0,,,,,,,3.27,,3.27,,pacific_plate_west_ref,128.0,134.0,131.0,493.48,Northwest_Pacific,Seafloor altered basalt
ODP0129-0801B-043R-004/005-010,,,,,,64.67305766204035,,,,,,,33.46478873239437,,,40.506329113924046,,,,12.857142857142858,,,,18.6084142394822,,,,,108.58263758989177,40.611353711790386,,4.594594594594595,,,,,,60.308555399719495,17.725258493353028,,,27.10344760927285,84.50704225352113,,,,92.91338582677166,,,,,,,,,15.135135135135135,,19.47867298578199,68.04878048780488,8.796296296296296,,31.17647058823529,14.199602993823385,,,38.095238095238095,,,6.373626373626374,4.726166328600406,,23.125,,ODP0129,"CASTILLO, 1992",18.6423,156.36,0.0001,-5674.0,-5674.0,OLD_OCEANIC_CRUST,,,,IGN; INAA; TITR; VOL; XRF,WHOLE ROCK,IGNEOUS:VOLCANIC:MAFIC,BASALT,,47.2,3.08,16.83,,4.11,,4.59,,,0.2,3.58,6.15,,3.84,3.27,0.59,,6.82,,,2.14,,,,,,,,,,,,,,,,,,,,,,,,,,,,,,,,,,,,,,,,,,,23.0,33.0,,,,,41.0,,,234.0,,81.0,,,,,,,2.14,,2.14,,pacific_plate_west_ref,5.0,10.0,7.5,496.53,Northwest_Pacific,Seafloor altered basalt
ODP0129-0801B-044R-001/018-024,,,,,,53.79882672771498,,,,,,,38.04507042253521,,,63.291139240506325,,8.480325644504749,6.3125,14.107142857142858,,,11.996644295302014,20.06472491909385,,6.829268292682928,,,97.62475673219629,47.80203784570597,,5.405405405405406,,,,,,60.308555399719495,24.32791728212703,,,26.18468667336529,126.7605633802817,,28.550724637681157,,80.31496062992126,,,,,,,,,15.81081081081081,,23.222748815165875,68.53658536585365,,,32.94117647058823,15.029449922033841,,,45.238095238095234,,,7.032967032967033,5.192697768762677,,23.571428571428573,,ODP0129,"CASTILLO, 1992",18.6423,156.36,0.0001,-5674.0,-5674.0,OLD_OCEANIC_CRUST,,,,IGN; INAA; TITR; VOL; XRF,WHOLE ROCK,IGNEOUS:VOLCANIC:MAFIC,BASALT,,44.87,3.26,16.8,,3.76,,4.16,,,0.31,2.65,9.37,,4.01,2.94,0.57,,7.69,,,1.57,,,,,,,,,,,,,,,,,,,,,,,,,,,,,,,,,,,,,,,,,,,,35.0,,,,,60.0,,,214.0,,79.0,,,,,,,1.57,,1.57,,pacific_plate_west_ref,18.0,24.0,21.0,501.88,Northwest_Pacific,Seafloor altered basalt
ODP0129-0801B-044R-001/107-113,,,,,,62.526827872370866,,,,,,,31.887323943661976,,,65.82278481012658,,,,12.261904761904761,,,,17.05501618122977,,,,,151.7500470292983,39.30131004366812,,3.648648648648649,,,,,,58.906030855539974,18.46381093057607,,,26.18468667336529,14.084507042253522,,,,99.21259842519684,,,,,,,,,13.918918918918918,,11.848341232227487,68.29268292682926,8.148148148148149,,30.823529411764707,15.029449922033841,,,26.19047619047619,,,5.934065934065934,4.0973630831643,,19.107142857142858,,ODP0129,"CASTILLO, 1992",18.6423,156.36,0.0001,-5674.0,-5674.0,OLD_OCEANIC_CRUST,,,,IGN; INAA; TITR; VOL; XRF,WHOLE ROCK,IGNEOUS:VOLCANIC:MAFIC,BASALT,,48.13,3.26,17.72,,4.32,,3.22,,,0.18,3.05,4.35,,3.12,4.57,0.57,,6.96,,,3.34,,,,,,,,,,,,,,,,,,,,,,,,,,,,,,,,,,,,,,,,,,,43.0,35.0,,,,,107.0,,,347.0,,87.0,,,,,,,3.34,,3.34,,pacific_plate_west_ref,107.0,113.0,110.0,502.77,Northwest_Pacific,Seafloor altered basalt
ODP0129-0801B-044R-002/027-032,,,,,,75.97653455429962,,,,,,,37.44788732394366,,,93.67088607594935,,8.331071913161464,6.229166666666667,13.75,,,11.677852348993289,18.77022653721683,,6.585365853658537,,,188.27631655494997,46.34643377001455,,5.405405405405406,,,,,,61.71107994389902,23.929098966026586,,,25.26592573745774,112.67605633802818,,27.826086956521735,,105.51181102362204,,,,,,,,,15.698198198198197,,14.739336492890994,68.29268292682926,,,32.94117647058823,15.075552529156647,,,109.5238095238095,,,6.813186813186814,5.1115618661257605,,22.67857142857143,,ODP0129,"CASTILLO, 1992",18.6423,156.36,0.0001,-5674.0,-5674.0,OLD_OCEANIC_CRUST,,,,IGN; INAA; TITR; VOL; XRF,WHOLE ROCK,IGNEOUS:VOLCANIC:MAFIC,BASALT,,51.42,3.27,17.7,,3.75,,3.27,,,0.13,3.03,3.56,,3.2,5.67,0.55,,4.38,,,2.06,,,,,,,,,,,,,,,,,,,,,,,,,,,,,,,,,,,,,,,,,,,,42.0,,,,,93.0,,,264.0,,69.0,,,,,,,2.06,,2.06,,pacific_plate_west_ref,27.0,32.0,29.5,503.42,Northwest_Pacific,Seafloor altered basalt
ODP0129-0801B-044R-003/028-033,,,,,,56.66046644727429,,,,,,,34.140845070422536,,,41.77215189873417,,,,13.869047619047619,,,,19.02912621359223,,,,,76.70516600386851,42.0669577874818,,5.135135135135135,,,,,,61.71107994389902,24.37223042836041,,,26.18468667336529,140.84507042253523,,,,72.44094488188976,,,,,,,,,15.968468468468467,,25.023696682464454,68.04878048780488,10.092592592592593,,32.470588235294116,14.56842385080581,,,46.19047619047619,,,7.252747252747253,5.273833671399594,,23.92857142857143,,ODP0129,"CASTILLO, 1992",18.6423,156.36,0.0001,-5674.0,-5674.0,OLD_OCEANIC_CRUST,,,,IGN; INAA; TITR; VOL; XRF,WHOLE ROCK,IGNEOUS:VOLCANIC:MAFIC,BASALT,,47.65,3.16,17.22,,4.18,,5.04,,,0.14,4.21,7.24,,4.08,2.31,0.57,,3.65,,,1.4,,,,,,,,,,,,,,,,,,,,,,,,,,,,,,,,,,,,,,,,,,,35.0,36.0,,,,,59.0,,,285.0,,83.0,,,,,,,1.4,,1.4,,pacific_plate_west_ref,28.0,33.0,30.5,504.91,Northwest_Pacific,Seafloor altered basalt
ODP0129-0801C-001R-001/014-020,,,,,,45.0708255830591,,,,,,,33.36338028169014,,,39.24050632911392,,7.0284938941655355,5.208333333333334,11.845238095238095,,,,15.857605177993529,,5.48780487804878,,,52.132948322975565,42.1688500727802,,4.594594594594595,,,,,,53.295932678821885,20.997045790251107,,,23.42840386564263,14.084507042253522,,24.23913043478261,,55.118110236220474,,,,,,,,,13.648648648648647,,22.037914691943126,56.34146341463415,,,29.41176470588235,12.40160131603406,,,39.52380952380952,,,5.934065934065934,4.219066937119676,,19.732142857142858,,ODP0129,"CASTILLO, 1992",18.6423,156.36,0.0001,-5674.0,-5674.0,OLD_OCEANIC_CRUST,,,,IGN; INAA; TITR; VOL; XRF,WHOLE ROCK,IGNEOUS:VOLCANIC:MAFIC,BASALT,,44.06,2.69,14.18,,4.49,,6.34,,,0.16,10.14,7.44,,2.58,1.57,0.51,,5.31,,,2.42,,,,,,,,,,,,,,,,,,,,,,,,,,,,,,,,,,,,,,,,,,,,39.0,,,,,247.0,,,381.0,,84.0,,,,,,,2.42,,2.42,,pacific_plate_west_ref,14.0,20.0,17.0,493.84,Northwest_Pacific,Seafloor altered basalt
ODP0129-0801C-001R-001/109-114,,,,,,61.09600801259121,,,,,,,32.3943661971831,,,39.24050632911392,,,,12.20238095238095,,,,17.47572815533981,,,,,58.10997424535493,39.88355167394468,,4.054054054054054,,,,,,57.503506311360454,22.156573116691284,,,27.562828077226627,14.084507042253522,,,,62.99212598425197,,,,,,,,,14.346846846846846,,17.20379146919431,63.90243902439025,8.333333333333334,,30.705882352941174,12.908729994384895,,,46.19047619047619,,,5.934065934065934,4.158215010141988,,21.607142857142858,,ODP0129,"CASTILLO, 1992",18.6423,156.36,0.0001,-5674.0,-5674.0,OLD_OCEANIC_CRUST,,,,IGN; INAA; TITR; VOL; XRF,WHOLE ROCK,IGNEOUS:VOLCANIC:MAFIC,BASALT,,44.92,2.8,14.72,,3.62,,6.4,,,0.15,9.58,6.46,,3.45,1.75,0.6,,5.3,,,3.77,,,,,,,,,,,,,,,,,,,,,,,,,,,,,,,,,,,,,,,,,,,46.0,40.0,,,,,197.0,,,263.0,,86.0,,,,,,,3.77,,3.77,,pacific_plate_west_ref,109.0,114.0,111.5,494.79,Northwest_Pacific,Seafloor altered basalt
ODP0129-0801C-001R-005/033-038,,,,,,135.64172270711117,,,,,,,33.971830985915496,,,37.974683544303794,,,,13.690476190476188,,,,19.12621359223301,,,,,80.6898499521214,42.0669577874818,,4.864864864864865,,,,,,61.71107994389902,22.895125553914326,,,26.18468667336529,70.42253521126761,,,,74.01574803149606,,,,,,,,,15.81081081081081,,22.274881516587676,69.7560975609756,9.537037037037038,,31.64705882352941,14.476218636560205,,,50.476190476190474,,,7.032967032967033,5.0912778904665315,,23.839285714285715,,ODP0129,"CASTILLO, 1992",18.6423,156.36,0.0001,-5674.0,-5674.0,OLD_OCEANIC_CRUST,,,,IGN; INAA; TITR; VOL; XRF,WHOLE ROCK,IGNEOUS:VOLCANIC:MAFIC,BASALT,,46.13,3.14,16.57,,3.96,,5.79,,,0.16,5.08,6.59,,4.63,2.43,0.57,,4.36,,,2.9,,,,,,,,,,,,,,,,,,,,,,,,,,,,,,,,,,,,,,,,,,,30.0,36.0,,,,,57.0,,,312.0,,76.0,,,,,,,2.9,,2.9,,pacific_plate_west_ref,33.0,38.0,35.5,498.88,Northwest_Pacific,Seafloor altered basalt
ODP0129-0801C-002R-001/112-118,,,,,,56.66046644727429,,,,,,,36.40563380281691,,,55.69620253164557,,8.42605156037992,6.229166666666667,13.809523809523808,,,11.577181208053693,18.446601941747574,,6.646341463414634,,,71.06019707717688,45.356622998544395,,5.675675675675675,,,,,,58.906030855539974,23.397341211225996,,,28.022208545180405,42.25352112676057,,27.13768115942029,,69.29133858267717,,,,,,,,,15.608108108108107,,22.606635071090047,60.0,,,28.58823529411765,14.153500386700582,,,38.57142857142857,,,6.813186813186814,5.233265720081136,,23.125,,ODP0129,"CASTILLO, 1992",18.6423,156.36,0.0001,-5674.0,-5674.0,OLD_OCEANIC_CRUST,,,,IGN; INAA; TITR; VOL; XRF,WHOLE ROCK,IGNEOUS:VOLCANIC:MAFIC,BASALT,,45.53,3.07,16.31,,4.25,,5.32,,,0.16,4.68,7.14,,3.94,2.14,0.61,,6.92,,,1.86,,,,,,,,,,,,,,,,,,,,,,,,,,,,,,,,,,,,,,,,,,,28.0,40.0,,,,,42.0,,,307.0,,83.0,,,,,,,1.86,,1.86,,pacific_plate_west_ref,112.0,118.0,115.0,504.12,Northwest_Pacific,Seafloor altered basalt
ODP0129-0801C-002R-003/114-119,,,,,,58.37745027900987,,,,,,,32.67605633802817,,,53.16455696202531,,,,13.154761904761903,,,,18.576051779935277,,,,,81.3539639434969,40.32023289665211,,4.324324324324325,,,,,,57.503506311360454,18.46381093057607,,,27.562828077226627,14.084507042253522,,,,75.59055118110236,,,,,,,,,15.157657657657658,,23.601895734597154,64.39024390243902,8.611111111111112,,29.058823529411764,14.614526457928616,,,54.28571428571428,,,6.593406593406594,4.563894523326572,,22.767857142857146,,ODP0129,"CASTILLO, 1992",18.6423,156.36,0.0001,-5674.0,-5674.0,OLD_OCEANIC_CRUST,,,,IGN; INAA; TITR; VOL; XRF,WHOLE ROCK,IGNEOUS:VOLCANIC:MAFIC,BASALT,,45.25,3.17,16.77,,3.73,,5.27,,,0.19,4.9,6.34,,3.98,2.45,0.6,,7.39,,,2.13,,,,,,,,,,,,,,,,,,,,,,,,,,,,,,,,,,,,,,,,,,,41.0,42.0,,,,,114.0,,,279.0,,78.0,,,,,,,2.13,,2.13,,pacific_plate_west_ref,114.0,119.0,116.5,506.98,Northwest_Pacific,Seafloor altered basalt
ODP0129-0801C-002R-004/071-076,,,,,,55.3727285734726,,,,,,,36.47887323943662,,,50.63291139240506,,8.358208955223882,6.25,13.63095238095238,,,11.543624161073826,18.446601941747574,,6.646341463414634,,,77.369279995244,45.327510917030565,,5.54054054054054,,,,,,57.503506311360454,23.197932053175773,,,24.80654526950396,28.169014084507044,,26.992753623188403,,72.44094488188976,,,,,,,,,15.427927927927927,,23.459715639810426,59.75609756097561,,,28.941176470588232,14.522321243683008,,,40.476190476190474,,,7.032967032967033,5.192697768762677,,22.946428571428573,,ODP0129,"CASTILLO, 1992",18.6423,156.36,0.0001,-5674.0,-5674.0,OLD_OCEANIC_CRUST,,,,IGN; INAA; TITR; VOL; XRF,WHOLE ROCK,IGNEOUS:VOLCANIC:MAFIC,BASALT,,45.95,3.15,16.4,,3.66,,6.19,,,0.15,5.28,7.13,,3.86,2.33,0.54,,5.82,,,1.36,,,,,,,,,,,,,,,,,,,,,,,,,,,,,,,,,,,,,,,,,,,,40.0,,,,,46.0,,,246.0,,87.0,,,,,,,1.36,,1.36,,pacific_plate_west_ref,71.0,76.0,73.5,507.81,Northwest_Pacific,Seafloor altered basalt
ODP0129-0801C-005R-001/103-105,,,,,,21.319215910716842,,,,,,,3.3802816901408455,,,58.22784810126582,,,,5.535714285714286,,,,5.566343042071197,,,,,228.4552130331668,2.7074235807860263,,3.3783783783783785,,,,,,2.805049088359046,6.646971935007385,,,0.9187609359075541,14.084507042253522,,,,92.91338582677166,,,,,,,,,5.382882882882883,,3.886255924170616,1.2195121951219512,5.277777777777778,,1.1764705882352942,5.670620676104793,,,22.38095238095238,,,5.4945054945054945,3.610547667342799,,6.25,,ODP0129,"CASTILLO, 1992",18.6423,156.36,0.0001,-5674.0,-5674.0,OLD_OCEANIC_CRUST,,,,IGN; INAA; TITR; VOL; XRF,WHOLE ROCK,IGNEOUS:VOLCANIC:MAFIC,BASALT,,52.13,1.23,18.78,,4.76,,0.61,,,0.07,1.86,5.02,,1.37,6.88,0.02,,6.74,,,3.53,,,,,,,,,,,,,,,,,,,,,,,,,,,,,,,,,,,,,,,,,,,8.0,20.0,,,,,46.0,,,125.0,,39.0,,,,,,,3.53,,3.53,,pacific_plate_west_ref,103.0,105.0,104.0,532.23,Northwest_Pacific,Seafloor altered basalt
ODP0129-0801C-005R-002/087-089,,,,,,2.0031478036915153,,,,,,,3.042253521126761,,,24.050632911392402,,,,5.357142857142857,,,,5.760517799352751,,,,,23.243989698141974,2.1106259097525473,,3.648648648648649,,,,,,2.805049088359046,4.431314623338257,,,0.9187609359075541,14.084507042253522,,,,28.346456692913385,,,,,,,,,5.0675675675675675,,7.345971563981042,1.4634146341463414,4.722222222222222,,0.9411764705882353,5.532312854736384,,,9.523809523809524,,,4.615384615384616,3.914807302231237,,5.892857142857143,,ODP0129,"CASTILLO, 1992",18.6423,156.36,0.0001,-5674.0,-5674.0,OLD_OCEANIC_CRUST,,,,IGN; INAA; TITR; VOL; XRF,WHOLE ROCK,IGNEOUS:VOLCANIC:MAFIC,BASALT,,45.35,1.2,19.62,,3.85,,1.96,,,0.1,3.06,13.57,,2.93,0.7,0.02,,7.27,,,1.7,,,,,,,,,,,,,,,,,,,,,,,,,,,,,,,,,,,,,,,,,,,23.0,88.0,,,,,85.0,,,326.0,,48.0,,,,,,,1.7,,1.7,,pacific_plate_west_ref,87.0,89.0,88.0,533.33,Northwest_Pacific,Seafloor altered basalt
ODP0129-0801C-005R-003/038-043,,,,,,2.146229789669481,,,,,,,2.9859154929577465,,,15.189873417721516,,,,5.595238095238095,,,,5.4045307443365695,,,,,1.9923419741264548,1.9941775836972344,,4.324324324324325,,,,,,5.610098176718092,4.431314623338257,,,3.2156632756764396,14.084507042253522,,,,4.724409448818897,,,,,,,,,5.157657657657658,,6.777251184834123,1.707317073170732,5.648148148148148,,1.5294117647058822,5.301799819122368,,,9.047619047619047,,,5.274725274725275,4.279918864097363,,6.1607142857142865,,ODP0129,"CASTILLO, 1992",18.6423,156.36,0.0001,-5674.0,-5674.0,OLD_OCEANIC_CRUST,,,,IGN; INAA; TITR; VOL; XRF,WHOLE ROCK,IGNEOUS:VOLCANIC:MAFIC,BASALT,,45.91,1.15,19.39,,3.46,,3.6,,,0.13,4.79,13.14,,2.74,0.06,0.07,,5.06,,,1.44,,,,,,,,,,,,,,,,,,,,,,,,,,,,,,,,,,,,,,,,,,,66.0,86.0,,,,,89.0,,,493.0,,56.0,,,,,,,1.44,,1.44,,pacific_plate_west_ref,38.0,43.0,40.5,534.15,Northwest_Pacific,Seafloor altered basalt
ODP0129-0801C-005R-003/125-131,,,,,,2.289311775647446,,,,,,,5.881690140845071,,,34.177215189873415,,10.33921302578019,9.875,7.44047619047619,,,9.614093959731544,4.3042071197411005,,9.512195121951219,,,42.50329544803104,5.749636098981077,,10.945945945945947,,,,,,0.9817671809256662,8.197932053175775,,,2.2969023397688852,70.42253521126761,,6.44927536231884,,50.39370078740157,,,,,,,,,7.792792792792793,,4.218009478672985,2.195121951219512,,,1.2941176470588234,4.74856853364873,,,38.57142857142857,,,10.76923076923077,9.614604462474645,,5.982142857142858,,ODP0129,"CASTILLO, 1992",18.6423,156.36,0.0001,-5674.0,-5674.0,OLD_OCEANIC_CRUST,,,,IGN; INAA; TITR; VOL; XRF,WHOLE ROCK,IGNEOUS:VOLCANIC:MAFIC,BASALT,,45.59,1.03,6.63,,6.62,,9.58,,,0.39,4.05,6.94,,1.28,1.28,0.05,,15.92,,,1.49,,,,,,,,,,,,,,,,,,,,,,,,,,,,,,,,,,,,,,,,,,,,47.0,,,,,120.0,,,168.0,,181.0,,,,,,,1.49,,1.49,,pacific_plate_west_ref,125.0,131.0,128.0,535.02,Northwest_Pacific,Seafloor altered basalt
ODP0129-0801C-006R-002/029-034,,,,,,1.144655887823723,,,,,,,2.1971830985915495,,,13.924050632911392,,,,4.761904761904762,,,,4.5954692556634305,,,,,1.6602849784387121,1.4410480349344976,,4.72972972972973,,,,,,4.20757363253857,3.692762186115214,,,2.2969023397688852,14.084507042253522,,,,6.299212598425196,,,,,,,,,4.436936936936937,,4.739336492890995,1.4634146341463414,5.185185185185186,,0.9411764705882353,4.518055498034714,,,9.523809523809524,,,5.274725274725275,4.645030425963489,,4.910714285714286,,ODP0129,"CASTILLO, 1992",18.6423,156.36,0.0001,-5674.0,-5674.0,OLD_OCEANIC_CRUST,,,,IGN; INAA; TITR; VOL; XRF,WHOLE ROCK,IGNEOUS:VOLCANIC:MAFIC,BASALT,,46.43,0.98,16.32,,2.54,,5.9,,,0.14,9.67,11.48,,2.16,0.05,0.05,,4.45,,,1.51,,,,,,,,,,,,,,,,,,,,,,,,,,,,,,,,,,,,,,,,,,,48.0,79.0,,,,,240.0,,,383.0,,53.0,,,,,,,1.51,,1.51,,pacific_plate_west_ref,29.0,34.0,31.5,542.08,Northwest_Pacific,Seafloor altered basalt
ODP0129-0801C-006R-002/119-124,,,,,,0.8584919158677923,,,,,,,2.946478873239437,,,6.329113924050633,,5.508819538670284,5.270833333333333,5.178571428571428,,,5.654362416107383,4.854368932038835,,4.999999999999999,,,0.664113991375485,2.1979621542940317,,5.9459459459459465,,,,,,4.20757363253857,5.199409158050221,,,0.45938046795377707,14.084507042253522,,4.565217391304348,,3.149606299212598,,,,,,,,,4.324324324324324,,5.165876777251184,0.4878048780487805,,,0.3529411764705882,4.61026071228032,,,0.9523809523809523,,,5.714285714285714,4.949290060851927,,5.357142857142858,,ODP0129,"CASTILLO, 1992",18.6423,156.36,0.0001,-5674.0,-5674.0,OLD_OCEANIC_CRUST,,,,IGN; INAA; TITR; VOL; XRF,WHOLE ROCK,IGNEOUS:VOLCANIC:MAFIC,BASALT,,46.4,1.0,17.22,,3.44,,4.85,,,0.16,7.69,12.84,,2.37,0.02,0.01,,3.91,,,1.1,,,,,,,,,,,,,,,,,,,,,,,,,,,,,,,,,,,,,,,,,,,,82.0,,,,,283.0,,,505.0,,69.0,,,,,,,1.1,,1.1,,pacific_plate_west_ref,119.0,124.0,121.5,542.98,Northwest_Pacific,Seafloor altered basalt
ODP0129-0801C-006R-003/037-042,,,,,,1.0015739018457577,,,,,,,2.9239436619718315,,,8.860759493670885,,3.921302578018996,3.791666666666667,4.166666666666666,,,4.12751677852349,3.8187702265372168,,3.536585365853658,,,29.88512961189682,2.6637554585152836,,4.054054054054054,,,,,,5.610098176718092,4.202363367799114,,,0.45938046795377707,14.084507042253522,,3.8043478260869565,,14.173228346456693,,,,,,,,,3.4684684684684686,,6.161137440758293,0.975609756097561,,,0.3529411764705882,4.518055498034714,,,31.904761904761905,,,3.956043956043956,3.4888438133874238,,4.285714285714286,,ODP0129,"CASTILLO, 1992",18.6423,156.36,0.0001,-5674.0,-5674.0,OLD_OCEANIC_CRUST,,,,IGN; INAA; TITR; VOL; XRF,WHOLE ROCK,IGNEOUS:VOLCANIC:MAFIC,BASALT,,40.58,0.98,17.53,,2.87,,2.48,,,0.18,2.71,16.37,,2.63,0.9,0.01,,12.28,,,1.86,,,,,,,,,,,,,,,,,,,,,,,,,,,,,,,,,,,,,,,,,,,,85.0,,,,,220.0,,,323.0,,52.0,,,,,,,1.86,,1.86,,pacific_plate_west_ref,37.0,42.0,39.5,543.56,Northwest_Pacific,Seafloor altered basalt
ODP0129-0801C-007R-001/053-058,,,,,,4.578623551294892,,,,,,,8.523943661971831,,,6.329113924050633,,10.149253731343284,9.145833333333332,8.869047619047619,,,10.11744966442953,9.385113268608414,,9.024390243902438,,,2.65645596550194,7.816593886462882,,10.0,,,,,,9.817671809256662,9.867060561299851,,,7.350087487260433,70.42253521126761,,8.550724637681158,,1.574803149606299,,,,,,,,,9.54954954954955,,5.402843601895734,4.390243902439024,,,2.235294117647059,8.897803174701018,,,4.761904761904762,,,9.670329670329672,8.843813387423936,,10.625,,ODP0129,"CASTILLO, 1992",18.6423,156.36,0.0001,-5674.0,-5674.0,OLD_OCEANIC_CRUST,,,,IGN; INAA; TITR; VOL; XRF,WHOLE ROCK,IGNEOUS:VOLCANIC:MAFIC,BASALT,,48.26,1.93,13.23,,3.5,,9.12,,,0.2,6.96,11.16,,2.68,0.08,0.16,,2.58,,,0.59,,,,,,,,,,,,,,,,,,,,,,,,,,,,,,,,,,,,,,,,,,,,81.0,,,,,71.0,,,576.0,,98.0,,,,,,,0.59,,0.59,,pacific_plate_west_ref,53.0,58.0,55.5,550.63,Northwest_Pacific,Seafloor altered basalt
ODP0129-0801C-007R-001/099-105,,,,,,3.863213621405065,,,,,,,6.309859154929577,,,37.974683544303794,,,,8.809523809523808,,,,10.87378640776699,,,,,1.9923419741264548,5.283842794759825,,8.378378378378379,,,,,,11.220196353436185,9.601181683899556,,,6.890707019306657,70.42253521126761,,,,1.574803149606299,,,,,,,,,9.18918918918919,,5.592417061611374,4.634146341463414,9.537037037037038,,1.647058823529412,9.036110996069429,,,19.047619047619047,,,9.45054945054945,8.275862068965518,,10.714285714285715,,ODP0129,"CASTILLO, 1992",18.6423,156.36,0.0001,-5674.0,-5674.0,OLD_OCEANIC_CRUST,,,,IGN; INAA; TITR; VOL; XRF,WHOLE ROCK,IGNEOUS:VOLCANIC:MAFIC,BASALT,,47.01,1.96,13.58,,3.35,,8.43,,,0.19,6.62,11.44,,2.73,0.06,0.15,,3.86,,,0.85,,,,,,,,,,,,,,,,,,,,,,,,,,,,,,,,,,,,,,,,,,,53.0,73.0,,,,,71.0,,,607.0,,101.0,,,,,,,0.85,,0.85,,pacific_plate_west_ref,99.0,105.0,102.0,551.09,Northwest_Pacific,Seafloor altered basalt
ODP0129-0801C-007R-003/000-005,,,,,,2.8616397195593075,,,,,,,7.132394366197183,,,32.91139240506329,,9.470827679782904,8.416666666666668,8.63095238095238,,,9.479865771812081,9.385113268608414,,8.47560975609756,,,14.610507810260668,6.346433770014556,,8.91891891891892,,,,,,9.817671809256662,9.062038404726735,,,4.5938046795377705,98.59154929577466,,7.391304347826086,,22.04724409448819,,,,,,,,,8.67117117117117,,5.971563981042654,4.390243902439024,,,2.117647058823529,9.082213603192232,,,12.380952380952381,,,9.010989010989011,8.032454361054766,,10.625,,ODP0129,"CASTILLO, 1992",18.6423,156.36,0.0001,-5674.0,-5674.0,OLD_OCEANIC_CRUST,,,,IGN; INAA; TITR; VOL; XRF,WHOLE ROCK,IGNEOUS:VOLCANIC:MAFIC,BASALT,,47.04,1.97,13.82,,6.4,,6.46,,,0.15,6.18,11.16,,2.79,0.44,0.1,,2.95,,,1.11,,,,,,,,,,,,,,,,,,,,,,,,,,,,,,,,,,,,,,,,,,,,74.0,,,,,58.0,,,502.0,,107.0,,,,,,,1.11,,1.11,,pacific_plate_west_ref,0.0,5.0,2.5,552.98,Northwest_Pacific,Seafloor altered basalt
ODP0129-0801C-007R-004/077-083,,,,,,2.575475747603377,,,,,,,6.422535211267606,,,25.31645569620253,,,,8.988095238095237,,,,10.29126213592233,,,,,2.324398969814198,5.400291120815138,,8.64864864864865,,,,,,11.220196353436185,8.862629246676514,,,4.134424211583994,84.50704225352113,,,,3.149606299212598,,,,,,,,,9.572072072072071,,5.545023696682464,4.878048780487805,9.722222222222223,,1.8823529411764706,9.266624031683442,,,19.047619047619047,,,9.670329670329672,8.620689655172415,,10.714285714285715,,ODP0129,"CASTILLO, 1992",18.6423,156.36,0.0001,-5674.0,-5674.0,OLD_OCEANIC_CRUST,,,,IGN; INAA; TITR; VOL; XRF,WHOLE ROCK,IGNEOUS:VOLCANIC:MAFIC,BASALT,,48.88,2.01,13.71,,4.17,,7.65,,,0.17,6.64,11.31,,2.76,0.07,0.09,,1.7,,,0.91,,,,,,,,,,,,,,,,,,,,,,,,,,,,,,,,,,,,,,,,,,,47.0,76.0,,,,,67.0,,,622.0,,106.0,,,,,,,0.91,,0.91,,pacific_plate_west_ref,77.0,83.0,80.0,555.2,Northwest_Pacific,Seafloor altered basalt
ODP0129-0801C-007R-004/137-142,,,,,,3.863213621405065,,,,,,,7.335211267605634,,,6.329113924050633,,9.877883310719133,9.000000000000002,8.988095238095237,,,10.016778523489933,8.737864077669904,,8.780487804878048,,,3.3205699568774243,6.419213973799127,,9.594594594594595,,,,,,9.817671809256662,9.33530280649926,,,4.134424211583994,70.42253521126761,,7.898550724637681,,3.149606299212598,,,,,,,,,9.00900900900901,,6.208530805687204,3.902439024390244,,,1.8823529411764706,8.805597960455412,,,3.3333333333333335,,,9.45054945054945,8.580121703853957,,10.357142857142858,,ODP0129,"CASTILLO, 1992",18.6423,156.36,0.0001,-5674.0,-5674.0,OLD_OCEANIC_CRUST,,,,IGN; INAA; TITR; VOL; XRF,WHOLE ROCK,IGNEOUS:VOLCANIC:MAFIC,BASALT,,46.61,1.91,13.41,,3.06,,8.3,,,0.19,6.25,12.31,,2.82,0.1,0.09,,4.41,,,0.51,,,,,,,,,,,,,,,,,,,,,,,,,,,,,,,,,,,,,,,,,,,,71.0,,,,,56.0,,,644.0,,94.0,,,,,,,0.51,,0.51,,pacific_plate_west_ref,137.0,142.0,139.5,555.8,Northwest_Pacific,Seafloor altered basalt
ODP0129-0801C-008R-001/065-067,,,,,,4.149377593360996,,,,,,,7.211267605633804,,,39.24050632911392,,,,9.345238095238095,,,,10.679611650485436,,,,,27.892787637770365,5.880640465793304,,6.891891891891892,,,,,,8.41514726507714,8.862629246676514,,,6.431326551352879,28.169014084507044,,,,31.496062992125985,,,,,,,,,9.90990990990991,,7.109004739336492,4.634146341463414,9.25925925925926,,1.647058823529412,10.0964709598939,,,33.33333333333333,,,9.010989010989011,6.9979716024340775,,10.0,,ODP0129,"CASTILLO, 1992",18.6423,156.36,0.0001,-5674.0,-5674.0,OLD_OCEANIC_CRUST,,,,IGN; INAA; TITR; VOL; XRF,WHOLE ROCK,IGNEOUS:VOLCANIC:MAFIC,BASALT,,46.66,2.19,15.92,,7.86,,2.25,,,0.08,2.99,10.65,,3.47,0.84,0.14,,7.3,,,2.14,,,,,,,,,,,,,,,,,,,,,,,,,,,,,,,,,,,,,,,,,,,26.0,73.0,,,,,61.0,,,269.0,,70.0,,,,,,,2.14,,2.14,,pacific_plate_west_ref,65.0,67.0,66.0,560.15,Northwest_Pacific,Seafloor altered basalt
ODP0129-0801C-008R-001/101-106,,,,,,1.8600658177135498,,,,,,,7.183098591549296,,,12.658227848101266,,10.081411126187245,9.125,8.988095238095237,,,10.11744966442953,9.061488673139158,,9.024390243902438,,,3.3205699568774243,6.200873362445414,,10.0,,,,,,9.817671809256662,9.062038404726735,,,4.134424211583994,70.42253521126761,,7.6811594202898545,,4.724409448818897,,,,,,,,,9.054054054054053,,5.781990521327014,4.390243902439024,,,2.0,8.759495353332609,,,3.3333333333333335,,,9.670329670329672,8.76267748478702,,10.357142857142858,,ODP0129,"CASTILLO, 1992",18.6423,156.36,0.0001,-5674.0,-5674.0,OLD_OCEANIC_CRUST,,,,IGN; INAA; TITR; VOL; XRF,WHOLE ROCK,IGNEOUS:VOLCANIC:MAFIC,BASALT,,47.38,1.9,13.32,,2.76,,9.57,,,0.23,6.61,11.77,,2.69,0.1,0.09,,3.61,,,0.55,,,,,,,,,,,,,,,,,,,,,,,,,,,,,,,,,,,,,,,,,,,,73.0,,,,,55.0,,,561.0,,107.0,,,,,,,0.55,,0.55,,pacific_plate_west_ref,101.0,106.0,103.5,560.51,Northwest_Pacific,Seafloor altered basalt
ODP0129-0801C-008R-002/078-080,,,,,,1.8600658177135498,,,,,,,6.028169014084507,,,37.974683544303794,,,,8.63095238095238,,,,9.741100323624595,,,,,2.65645596550194,4.861717612809315,,8.243243243243244,,,,,,9.817671809256662,8.12407680945347,,,7.350087487260433,84.50704225352113,,,,3.149606299212598,,,,,,,,,9.256756756756758,,5.8767772511848335,4.634146341463414,9.62962962962963,,1.5294117647058822,8.713392746209806,,,9.523809523809524,,,9.230769230769232,8.1947261663286,,10.089285714285715,,ODP0129,"CASTILLO, 1992",18.6423,156.36,0.0001,-5674.0,-5674.0,OLD_OCEANIC_CRUST,,,,IGN; INAA; TITR; VOL; XRF,WHOLE ROCK,IGNEOUS:VOLCANIC:MAFIC,BASALT,,47.49,1.89,13.36,,3.48,,8.25,,,0.21,7.4,12.82,,2.71,0.08,0.16,,3.34,,,0.57,,,,,,,,,,,,,,,,,,,,,,,,,,,,,,,,,,,,,,,,,,,48.0,74.0,,,,,58.0,,,541.0,,101.0,,,,,,,0.57,,0.57,,pacific_plate_west_ref,78.0,80.0,79.0,561.35,Northwest_Pacific,Seafloor altered basalt
ODP0129-0801C-008R-002/133-139,,,,,,2.8616397195593075,,,,,,,6.366197183098592,,,11.392405063291138,,,,8.809523809523808,,,,10.258899676375405,,,,,2.988512961189682,5.414847161572053,,8.513513513513514,,,,,,8.41514726507714,8.862629246676514,,,6.890707019306657,84.50704225352113,,,,4.724409448818897,,,,,,,,,9.0990990990991,,5.450236966824644,4.878048780487805,9.722222222222223,,1.2941176470588234,8.805597960455412,,,19.047619047619047,,,9.670329670329672,8.255578093306289,,10.357142857142858,,ODP0129,"CASTILLO, 1992",18.6423,156.36,0.0001,-5674.0,-5674.0,OLD_OCEANIC_CRUST,,,,IGN; INAA; TITR; VOL; XRF,WHOLE ROCK,IGNEOUS:VOLCANIC:MAFIC,BASALT,,48.52,1.91,13.4,,3.59,,8.9,,,0.2,6.66,11.47,,3.49,0.09,0.15,,1.77,,,0.91,,,,,,,,,,,,,,,,,,,,,,,,,,,,,,,,,,,,,,,,,,,47.0,74.0,,,,,64.0,,,654.0,,104.0,,,,,,,0.91,,0.91,,pacific_plate_west_ref,133.0,139.0,136.0,561.9,Northwest_Pacific,Seafloor altered basalt
ODP0129-0801C-009R-005/020-024,,,,,,2.289311775647446,,,,,,,4.95774647887324,,,21.518987341772153,,,,7.619047619047619,,,,8.252427184466018,,,,,1.6602849784387121,4.0029112081513825,,7.162162162162163,,,,,,7.012622720897616,5.169867060561299,,,2.756282807722662,84.50704225352113,,,,1.574803149606299,,,,,,,,,7.612612612612613,,5.118483412322274,3.1707317073170733,8.703703703703704,,1.2941176470588234,7.883545817999347,,,14.285714285714285,,,8.131868131868131,7.1602434077079105,,8.482142857142858,,ODP0129,"CASTILLO, 1992",18.6423,156.36,0.0001,-5674.0,-5674.0,OLD_OCEANIC_CRUST,,,,IGN; INAA; TITR; VOL; XRF,WHOLE ROCK,IGNEOUS:VOLCANIC:MAFIC,BASALT,,49.1,1.71,14.05,,3.49,,7.81,,,0.18,7.19,11.73,,2.62,0.05,0.06,,1.31,,,0.97,,,,,,,,,,,,,,,,,,,,,,,,,,,,,,,,,,,,,,,,,,,46.0,78.0,,,,,69.0,,,670.0,,93.0,,,,,,,0.97,,0.97,,pacific_plate_west_ref,20.0,24.0,22.0,568.81,Northwest_Pacific,Seafloor altered basalt
ODP0129-0801C-010R-001/055-060,,,,,,2.0031478036915153,,,,,,,6.073239436619718,,,6.329113924050633,,8.656716417910447,7.979166666666667,7.916666666666667,,,8.724832214765101,7.766990291262136,,7.7439024390243905,,,1.9923419741264548,5.065502183406113,,8.378378378378379,,,,,,9.817671809256662,7.865583456425406,,,2.756282807722662,84.50704225352113,,7.463768115942028,,1.574803149606299,,,,,,,,,7.747747747747748,,5.355450236966824,3.1707317073170733,,,1.4117647058823528,7.468622353894118,,,2.380952380952381,,,8.351648351648352,7.484787018255578,,8.660714285714286,,ODP0129,"CASTILLO, 1992",18.6423,156.36,0.0001,-5674.0,-5674.0,OLD_OCEANIC_CRUST,,,,IGN; INAA; TITR; VOL; XRF,WHOLE ROCK,IGNEOUS:VOLCANIC:MAFIC,BASALT,,49.44,1.62,14.02,,3.82,,8.15,,,0.18,7.28,11.95,,2.56,0.06,0.06,,1.08,,,0.55,,,,,,,,,,,,,,,,,,,,,,,,,,,,,,,,,,,,,,,,,,,,75.0,,,,,70.0,,,602.0,,85.0,,,,,,,0.55,,0.55,,pacific_plate_west_ref,55.0,60.0,57.5,569.55,Northwest_Pacific,Seafloor altered basalt
ODP0129-0801C-010R-006/067-070,,,,,,1.2877378738016885,,,,,,,5.67887323943662,,,12.658227848101266,,8.466757123473542,7.729166666666667,7.738095238095238,,,8.406040268456376,8.414239482200648,,7.560975609756097,,,2.324398969814198,4.745269286754002,,8.378378378378379,,,,,,8.41514726507714,7.666174298375185,,,2.756282807722662,42.25352112676057,,6.44927536231884,,1.574803149606299,,,,,,,,,7.5,,5.592417061611374,2.926829268292683,,,1.2941176470588234,8.20626406785897,,,4.761904761904762,,,8.351648351648352,7.464503042596349,,9.017857142857144,,ODP0129,"CASTILLO, 1992",18.6423,156.36,0.0001,-5674.0,-5674.0,OLD_OCEANIC_CRUST,,,,IGN; INAA; TITR; VOL; XRF,WHOLE ROCK,IGNEOUS:VOLCANIC:MAFIC,BASALT,,48.64,1.78,14.55,,3.95,,6.14,,,0.16,7.12,12.26,,2.77,0.07,0.06,,2.19,,,1.03,,,,,,,,,,,,,,,,,,,,,,,,,,,,,,,,,,,,,,,,,,,47.0,78.0,,,,,67.0,,,275.0,,95.0,,,,,,,1.03,,1.03,,pacific_plate_west_ref,67.0,70.0,68.5,574.06,Northwest_Pacific,Seafloor altered basalt
ODP0129-0801C-011R-002/121-126,,,,,,3.7201316354270997,,,,,,,8.287323943661972,,,12.658227848101266,,10.407055630936227,9.395833333333334,9.642857142857142,,,10.771812080536913,11.326860841423949,,9.268292682926829,,,1.9923419741264548,7.190684133915575,,9.864864864864865,,,,,,12.622720897615709,9.933530280649926,,,5.053185147491548,84.50704225352113,,8.98550724637681,,1.574803149606299,,,,,,,,,9.684684684684685,,6.492890995260663,5.853658536585366,,,2.941176470588235,10.0964709598939,,,3.8095238095238093,,,9.670329670329672,9.046653144016227,,12.589285714285715,,ODP0129,"CASTILLO, 1992",18.6423,156.36,0.0001,-5674.0,-5674.0,OLD_OCEANIC_CRUST,,,,IGN; INAA; TITR; VOL; XRF,WHOLE ROCK,IGNEOUS:VOLCANIC:MAFIC,BASALT,,48.45,2.19,14.18,,5.04,,7.26,,,0.19,6.8,11.86,,2.81,0.06,0.11,,1.34,,,0.71,,,,,,,,,,,,,,,,,,,,,,,,,,,,,,,,,,,,,,,,,,,,71.0,,,,,66.0,,,249.0,,106.0,,,,,,,0.71,,0.71,,pacific_plate_west_ref,121.0,126.0,123.5,579.11,Northwest_Pacific,Seafloor altered basalt
ODP0129-0801C-011R-003/121-126,,,,,,4.578623551294892,,,,,,,6.918309859154929,,,12.658227848101266,,10.081411126187245,9.020833333333334,8.809523809523808,,,9.983221476510067,10.355987055016183,,9.024390243902438,,,2.988512961189682,5.633187772925764,,9.864864864864865,,,,,,9.817671809256662,8.862629246676514,,,4.5938046795377705,56.33802816901409,,7.2101449275362315,,4.724409448818897,,,,,,,,,8.91891891891892,,5.355450236966824,3.6585365853658534,,,1.5294117647058822,8.990008388946624,,,3.8095238095238093,,,9.89010989010989,8.72210953346856,,10.892857142857144,,ODP0129,"CASTILLO, 1992",18.6423,156.36,0.0001,-5674.0,-5674.0,OLD_OCEANIC_CRUST,,,,IGN; INAA; TITR; VOL; XRF,WHOLE ROCK,IGNEOUS:VOLCANIC:MAFIC,BASALT,,46.01,1.95,14.52,,4.13,,8.24,,,0.19,5.26,12.54,,2.57,0.09,0.1,,4.6,,,0.86,,,,,,,,,,,,,,,,,,,,,,,,,,,,,,,,,,,,,,,,,,,,66.0,,,,,67.0,,,443.0,,111.0,,,,,,,0.86,,0.86,,pacific_plate_west_ref,121.0,126.0,123.5,582.01,Northwest_Pacific,Seafloor altered basalt
ODP0129-0801C-011R-003/131-136,,,,,,2.289311775647446,,,,,,,6.084507042253522,,,50.63291139240506,,,,8.69047619047619,,,,10.323624595469255,,,,,3.3205699568774243,4.861717612809315,,8.243243243243244,,,,,,9.817671809256662,7.385524372230428,,,7.809467955214211,84.50704225352113,,,,6.299212598425196,,,,,,,,,9.572072072072071,,5.308056872037914,3.902439024390244,9.722222222222223,,0.823529411764706,9.727650102911474,,,28.57142857142857,,,9.670329670329672,8.275862068965518,,11.25,,ODP0129,"CASTILLO, 1992",18.6423,156.36,0.0001,-5674.0,-5674.0,OLD_OCEANIC_CRUST,,,,IGN; INAA; TITR; VOL; XRF,WHOLE ROCK,IGNEOUS:VOLCANIC:MAFIC,BASALT,,47.19,2.11,15.15,,5.19,,6.64,,,0.16,6.0,12.01,,2.59,0.1,0.17,,2.29,,,1.32,,,,,,,,,,,,,,,,,,,,,,,,,,,,,,,,,,,,,,,,,,,48.0,69.0,,,,,88.0,,,490.0,,111.0,,,,,,,1.32,,1.32,,pacific_plate_west_ref,131.0,136.0,133.5,580.16,Northwest_Pacific,Seafloor altered basalt
ODP0129-0801C-012R-003/032-037,,,,,,3.147803691515238,,,,,,,8.056338028169014,,,25.31645569620253,,,,9.88095238095238,,,,12.135922330097088,,,,,1.32822798275097,6.302765647743813,,9.45945945945946,,,,,,9.817671809256662,14.032496307237812,,,8.728228891121764,70.42253521126761,,,,1.574803149606299,,,,,,,,,10.608108108108107,,5.734597156398104,5.365853658536585,11.481481481481481,,1.8823529411764706,10.603599638244736,,,28.57142857142857,,,10.76923076923077,9.574036511156185,,12.767857142857144,,ODP0129,"CASTILLO, 1992",18.6423,156.36,0.0001,-5674.0,-5674.0,OLD_OCEANIC_CRUST,,,,IGN; INAA; TITR; VOL; XRF,WHOLE ROCK,IGNEOUS:VOLCANIC:MAFIC,BASALT,,48.42,2.3,13.25,,3.63,,8.78,,,0.22,6.8,11.3,,2.79,0.04,0.19,,1.22,,,0.51,,,,,,,,,,,,,,,,,,,,,,,,,,,,,,,,,,,,,,,,,,,47.0,74.0,,,,,56.0,,,574.0,,101.0,,,,,,,0.51,,0.51,,pacific_plate_west_ref,32.0,37.0,34.5,590.58,Northwest_Pacific,Seafloor altered basalt
ODP0129-0801C-012R-003/057-062,,,,,,3.5770496494491346,,,,,,,7.436619718309859,,,37.974683544303794,,,,9.821428571428571,,,,12.394822006472491,,,,,2.65645596550194,6.273653566229984,,9.45945945945946,,,,,,9.817671809256662,10.339734121122598,,,5.512565615445324,84.50704225352113,,,,3.149606299212598,,,,,,,,,10.878378378378379,,5.639810426540284,5.609756097560975,11.481481481481481,,1.647058823529412,10.557497031121931,,,19.047619047619047,,,10.76923076923077,9.553752535496958,,12.857142857142858,,ODP0129,"CASTILLO, 1992",18.6423,156.36,0.0001,-5674.0,-5674.0,OLD_OCEANIC_CRUST,,,,IGN; INAA; TITR; VOL; XRF,WHOLE ROCK,IGNEOUS:VOLCANIC:MAFIC,BASALT,,48.9,2.29,13.58,,4.61,,7.96,,,0.22,6.83,11.11,,2.82,0.08,0.12,,1.07,,,0.79,,,,,,,,,,,,,,,,,,,,,,,,,,,,,,,,,,,,,,,,,,,47.0,73.0,,,,,60.0,,,623.0,,108.0,,,,,,,0.79,,0.79,,pacific_plate_west_ref,57.0,62.0,59.5,590.83,Northwest_Pacific,Seafloor altered basalt
ODP0185-0801C-015R-007/031-034,,,,,,2.260695378451853,,,,,,,7.436619718309859,,,7.151898734177215,,8.059701492537314,7.187500000000001,9.345238095238095,,,1.6124161073825503,7.993527508090615,,7.682926829268292,,,17.565815071881573,5.880640465793304,4.14375,6.121621621621622,,,,,,5.483870967741936,9.30576070901034,,,12.21952044757047,15.492957746478876,,8.58695652173913,,6.771653543307086,,,,,,,,,9.684684684684685,,7.535545023696682,6.951219512195121,50.648148148148145,,2.4705882352941173,11.756164816314815,,,22.857142857142854,,,8.857142857142858,6.288032454361055,,7.598214285714286,,ODP0185,"HAUFF, 2003; KELLEY, 2003",18.6423,156.36,0.0001,-5674.0,-5674.0,OLD_OCEANIC_CRUST,,,,ICPAES; ICPMS; IGN; MS-ID,WHOLE ROCK,IGNEOUS:VOLCANIC:MAFIC,BASALT,,51.1,2.55,20.42,,5.65,,,,,0.149,2.02,14.26,,3.82,0.529,0.266,,9.07,,,,,,,,,,,,,,,,,,,,,,,,,,,,,,,,,,,,,,,,,,,,,,16.2,195.0,,,,,42.9,,,,,18.9,,,,,,,,,,,pacific_plate_west_ref,31.0,34.0,32.5,621.69,Northwest_Pacific,Seafloor altered basalt
ODP0185-0801C-034R-001/093-096,,,,,,1.7169838317355846,,,,,,,9.690140845070422,,,15.696202531645568,,12.510176390773406,11.770833333333334,11.19047619047619,,,13.37248322147651,14.110032362459549,,12.195121951219512,,,5.910614523241816,7.554585152838428,6.624999999999999,11.716216216216218,,,,,,6.32538569424965,12.1122599704579,,,11.43857365204905,9.859154929577466,,11.1231884057971,,7.4015748031496065,,,,,,,,,12.612612612612612,,5.592417061611374,7.634146341463414,13.425925925925926,,2.941176470588235,11.110728316595571,,,37.61904761904762,,,14.065934065934066,11.440162271805272,,14.642857142857144,,ODP0185,"HAUFF, 2003; KELLEY, 2003",18.6423,156.36,0.0001,-5674.0,-5674.0,OLD_OCEANIC_CRUST,,,,ICPAES; ICPMS; IGN; MS-ID,WHOLE ROCK,IGNEOUS:VOLCANIC:MAFIC,BASALT,,47.93,2.41,13.8,,15.68,,,,,0.202,6.88,10.22,,2.85,0.178,0.249,,0.38,,,,,,,,,,,,,,,,,,,,,,,,,,,,,,,,,,,,,,,,,,,,,,53.5,55.8,,,,,56.9,,,,,117.0,,,,,,,,,,,pacific_plate_west_ref,93.0,96.0,94.5,786.23,Northwest_Pacific,Seafloor altered basalt
ODP0185-0801C-040R-001/024-027,,,,,,0.9443411074545714,,,,,,,5.915492957746479,,,50.379746835443036,,7.978290366350068,7.979166666666667,6.9642857142857135,,,1.483221476510067,8.155339805825243,,8.109756097560975,,,19.259305749889062,5.007278020378457,6.312499999999999,8.0,,,,,,3.899018232819074,7.23781388478582,,,7.028521159692789,4.225352112676057,,6.666666666666666,,29.448818897637793,,,,,,,,,7.657657657657658,,5.545023696682464,4.658536585365853,45.55555555555556,,1.647058823529412,7.330314532525709,,,78.57142857142857,,,10.065934065934066,7.606490872210953,,9.285714285714286,,ODP0185,"HAUFF, 2003; KELLEY, 2003",18.6423,156.36,0.0001,-5674.0,-5674.0,OLD_OCEANIC_CRUST,,,,ICPAES; ICPMS; IGN; MS-ID,WHOLE ROCK,IGNEOUS:VOLCANIC:MAFIC,BASALT,,42.13,1.59,10.82,,11.47,,,,,0.388,6.25,23.89,,2.07,0.58,0.153,,15.41,,,,,,,,,,,,,,,,,,,,,,,,,,,,,,,,,,,,,,,,,,,,,,17.7,46.8,,,,,32.8,,,,,74.4,,,,,,,,,,,pacific_plate_west_ref,24.0,27.0,25.5,841.74,Northwest_Pacific,Seafloor altered basalt
ODP0185-0801C-044R-003/023-026,,,,,,2.518242953212191,,,,,,,8.0,,,29.11392405063291,,10.50203527815468,10.125000000000002,9.761904761904761,,,11.208053691275168,11.585760517799352,,10.426829268292682,,,12.385725939152794,6.724890829694322,6.19375,9.864864864864865,,,,,,5.301542776998597,9.970457902511077,,,9.784803967415451,4.225352112676057,,9.166666666666666,,13.858267716535433,,,,,,,,,10.585585585585585,,6.303317535545023,6.487804878048781,11.018518518518517,,2.4705882352941173,9.543239674420263,,,70.0,,,12.417582417582418,9.574036511156185,,11.785714285714286,,ODP0185,"HAUFF, 2003; KELLEY, 2003",18.6423,156.36,0.0001,-5674.0,-5674.0,OLD_OCEANIC_CRUST,,,,ICPAES; ICPMS; IGN; MS-ID,WHOLE ROCK,IGNEOUS:VOLCANIC:MAFIC,BASALT,,47.16,2.07,14.38,,13.39,,,,,0.227,6.4,12.63,,3.06,0.373,0.213,,3.31,,,,,,,,,,,,,,,,,,,,,,,,,,,,,,,,,,,,,,,,,,,,,,44.7,30.7,,,,,57.2,,,,,118.0,,,,,,,,,,,pacific_plate_west_ref,23.0,26.0,24.5,881.79,Northwest_Pacific,Seafloor altered basalt
ODP0129-0801B-037R-001/036-038,,,,,,83.13063385319788,,,,,,,24.95774647887324,,,168.35443037974682,,6.621438263229308,5.479166666666667,9.583333333333334,,,1.3859060402684564,10.485436893203884,,5.890243902439024,,,242.401606852052,31.004366812227072,22.25,4.391891891891892,,,,,,56.80224403927069,16.76514032496307,,,20.48836887073846,33.23943661971831,,21.304347826086953,,133.2283464566929,,,,,,,,,10.563063063063064,,6.350710900473933,68.53658536585365,45.925925925925924,,25.29411764705882,12.309396101788455,,,47.095238095238095,,,6.835164835164836,4.462474645030427,,15.089285714285715,,ODP0129,"KELLEY, 2003",18.6423,156.36,0.0001,-5674.0,-5674.0,OLD_OCEANIC_CRUST,,,,ICPAES; ICPMS; IGN,WHOLE ROCK,IGNEOUS:VOLCANIC:MAFIC,BASALT,,59.69,2.67,19.57,,3.91,,,,,0.191,2.65,1.4,,2.34,7.3,0.446,,2.83,,,,,,,,,,,,,,,,,,,,,,,,,,,,,,,,,,,,,,,,,,,,,,17.5,283.0,,,,,57.6,,,,,61.1,,,,,,,,,,,pacific_plate_west_ref,36.0,38.0,37.0,461.86,Northwest_Pacific,Seafloor altered basalt
ODP0129-0801B-041R-001/026-030,,,,,,64.52997567606238,,,,,,,36.95774647887324,,,39.24050632911392,,8.53459972862958,6.354166666666667,14.702380952380953,,,1.895973154362416,21.197411003236244,,7.012195121951219,,,79.6936789650582,43.37700145560407,15.0,5.22972972972973,,,,,,75.3155680224404,25.110782865583456,,,31.697252288810613,26.760563380281692,,30.79710144927536,,77.48031496062993,,,,,,,,,16.486486486486488,,25.781990521327014,86.09756097560975,68.14814814814815,,38.23529411764706,14.614526457928616,,,48.095238095238095,,,7.230769230769231,5.212981744421906,,27.67857142857143,,ODP0129,"KELLEY, 2003",18.6423,156.36,0.0001,-5674.0,-5674.0,OLD_OCEANIC_CRUST,,,,ICPAES; ICPMS; IGN,WHOLE ROCK,IGNEOUS:VOLCANIC:MAFIC,BASALT,,47.92,3.17,16.76,,10.66,,,,,0.154,5.18,8.61,,3.53,2.4,0.69,,2.89,,,,,,,,,,,,,,,,,,,,,,,,,,,,,,,,,,,,,,,,,,,,,,29.5,28.8,,,,,40.7,,,,,87.0,,,,,,,,,,,pacific_plate_west_ref,26.0,30.0,28.0,483.26,Northwest_Pacific,Seafloor altered basalt
ODP0129-0801B-041R-002/074-079,,,,,,61.239089998569185,,,,,,,36.845070422535215,,,42.91139240506329,,8.453188602442335,6.354166666666667,14.404761904761903,,,1.895973154362416,20.614886731391586,,7.073170731707316,,,93.97212977963112,43.8136826783115,14.75,5.310810810810811,,,,,,74.61430575035064,25.03692762186115,,,31.74319033560599,31.971830985915496,,30.6159420289855,,90.86614173228347,,,,,,,,,16.35135135135135,,25.16587677725118,84.63414634146342,67.12962962962963,,38.0,13.969089958209366,,,44.095238095238095,,,7.186813186813188,5.294117647058823,,25.17857142857143,,ODP0129,"KELLEY, 2003",18.6423,156.36,0.0001,-5674.0,-5674.0,OLD_OCEANIC_CRUST,,,,ICPAES; ICPMS; IGN,WHOLE ROCK,IGNEOUS:VOLCANIC:MAFIC,BASALT,,48.7,3.03,16.82,,10.9,,,,,0.171,5.1,8.95,,3.46,2.83,0.691,,5.62,,,,,,,,,,,,,,,,,,,,,,,,,,,,,,,,,,,,,,,,,,,,,,26.2,34.4,,,,,40.7,,,,,90.3,,,,,,,,,,,pacific_plate_west_ref,74.0,79.0,76.5,485.24,Northwest_Pacific,Seafloor altered basalt
ODP0129-0801B-043R-003/111-114,,,,,,60.66676205465732,,,,,,,40.0,,,57.21518987341772,,10.447761194029852,7.500000000000001,17.738095238095237,,,2.38255033557047,15.436893203883495,,8.658536585365853,,,122.52903140877696,51.2372634643377,7.125,6.297297297297298,,,,,,64.09537166900421,30.132939438700145,,,36.61262329591604,31.408450704225356,,35.57971014492753,,88.66141732283464,,,,,,,,,20.923423423423422,,15.545023696682463,75.85365853658536,88.51851851851852,,32.11764705882353,15.25996295764786,,,160.95238095238093,,,10.835164835164836,6.004056795131846,,25.53571428571429,,ODP0129,"KELLEY, 2003",18.6423,156.36,0.0001,-5674.0,-5674.0,OLD_OCEANIC_CRUST,,,,ICPAES; ICPMS; IGN,WHOLE ROCK,IGNEOUS:VOLCANIC:MAFIC,BASALT,,47.77,3.31,16.85,,8.02,,,,,0.549,5.86,9.8,,2.95,3.69,0.797,,11.71,,,,,,,,,,,,,,,,,,,,,,,,,,,,,,,,,,,,,,,,,,,,,,21.7,61.5,,,,,77.0,,,,,68.9,,,,,,,,,,,pacific_plate_west_ref,111.0,114.0,112.5,496.09,Northwest_Pacific,Seafloor altered basalt
ODP0129-0801C-001R-005/033-035,,,,,,106.45299756760625,,,,,,,35.21126760563381,,,48.48101265822785,,8.670284938941656,6.5625,14.761904761904761,,,1.9295302013422817,20.93851132686084,,7.1951219512195115,,,84.67453390037433,41.193595342066956,12.937499999999998,5.432432432432433,,,,,,69.7054698457223,24.37223042836041,,,31.329747914447598,32.25352112676057,,29.637681159420286,,80.62992125984252,,,,,,,,,16.32882882882883,,16.540284360189574,80.24390243902438,68.14814814814815,,34.11764705882353,14.337910815191796,,,45.8095238095238,,,7.604395604395605,5.476673427991887,,27.67857142857143,,ODP0129,"KELLEY, 2003",18.6423,156.36,0.0001,-5674.0,-5674.0,OLD_OCEANIC_CRUST,,,,ICPAES; ICPMS; IGN,WHOLE ROCK,IGNEOUS:VOLCANIC:MAFIC,BASALT,,48.61,3.11,17.23,,10.99,,,,,0.162,5.16,6.58,,5.02,2.55,0.682,,2.1,,,,,,,,,,,,,,,,,,,,,,,,,,,,,,,,,,,,,,,,,,,,,,29.8,24.3,,,,,51.0,,,,,83.5,,,,,,,,,,,pacific_plate_west_ref,33.0,35.0,34.0,498.88,Northwest_Pacific,Seafloor altered basalt
ODP0129-0801C-002R-005/024-028,,,,,,78.98125625983688,,,,,,,40.732394366197184,,,34.936708860759495,,9.60651289009498,7.5625,14.940476190476188,,,2.1140939597315436,22.815533980582526,,8.170731707317072,,,122.19697441308922,48.180494905385736,6.687499999999999,6.54054054054054,,,,,,80.08415147265077,27.104874446085674,,,35.32635798564546,39.29577464788733,,33.55072463768116,,90.23622047244093,,,,,,,,,17.52252252252252,,19.24170616113744,86.09756097560975,73.24074074074075,,42.23529411764705,9.128316210315035,,,74.76190476190476,,,8.901098901098901,6.511156186612576,,35.625,,ODP0129,"KELLEY, 2003",18.6423,156.36,0.0001,-5674.0,-5674.0,OLD_OCEANIC_CRUST,,,,ICPAES; ICPMS; IGN,WHOLE ROCK,IGNEOUS:VOLCANIC:MAFIC,BASALT,,46.88,1.98,14.17,,9.16,,,,,0.327,7.41,11.84,,4.04,3.68,0.769,,12.11,,,,,,,,,,,,,,,,,,,,,,,,,,,,,,,,,,,,,,,,,,,,,,10.1,12.0,,,,,7.8,,,,,90.0,,,,,,,,,,,pacific_plate_west_ref,24.0,28.0,26.0,508.73,Northwest_Pacific,Seafloor altered basalt
ODP0129-0801C-005R-001/095-098,,,,,,25.754757476033767,,,,,,,2.563380281690141,,,84.55696202531645,,4.233378561736771,3.8125000000000004,4.886904761904761,,,0.8221476510067114,5.339805825242718,,4.085365853658536,,,268.9661665070714,1.9796215429403201,21.6875,3.3513513513513513,,,,,,0.3842917251051894,4.039881831610044,,,3.9185153916457183,3.4647887323943665,,3.4637681159420284,,123.62204724409449,,,,,,,,,4.481981981981982,,4.213270142180095,0.9487804878048779,26.203703703703706,,0.2117647058823529,4.979081569262745,,,14.523809523809522,,,4.7032967032967035,3.3265720081135903,,5.5357142857142865,,ODP0129,"KELLEY, 2003",18.6423,156.36,0.0001,-5674.0,-5674.0,OLD_OCEANIC_CRUST,,,,ICPAES; ICPMS; IGN,WHOLE ROCK,IGNEOUS:VOLCANIC:MAFIC,BASALT,,57.38,1.08,19.63,,5.94,,,,,0.0541,2.17,4.97,,1.46,8.1,0.0853,,7.22,,,,,,,,,,,,,,,,,,,,,,,,,,,,,,,,,,,,,,,,,,,,,,11.5,18.3,,,,,64.8,,,,,44.0,,,,,,,,,,,pacific_plate_west_ref,95.0,98.0,96.5,532.15,Northwest_Pacific,Seafloor altered basalt
ODP0129-0801C-006R-003/042-045,,,,,,0.6624695950779796,,,,,,,5.509859154929577,,,21.518987341772153,,7.774762550881954,7.666666666666667,7.142857142857142,,,1.4580536912751678,8.058252427184467,,7.804878048780488,,,27.69355344035772,4.803493449781659,8.75,8.054054054054054,,,,,,3.4642356241234227,7.06794682422452,,,3.270788931830893,5.070422535211268,,6.44927536231884,,20.62992125984252,,,,,,,,,7.5,,6.872037914691942,4.585365853658536,44.62962962962963,,1.6588235294117644,5.255697211999564,,,22.428571428571427,,,4.65934065934066,7.586206896551725,,5.151785714285715,,ODP0129,"KELLEY, 2003",18.6423,156.36,0.0001,-5674.0,-5674.0,OLD_OCEANIC_CRUST,,,,ICPAES; ICPMS; IGN,WHOLE ROCK,IGNEOUS:VOLCANIC:MAFIC,BASALT,,50.0,1.14,21.89,,6.01,,,,,0.148,2.39,14.07,,3.04,0.834,0.0712,,9.86,,,,,,,,,,,,,,,,,,,,,,,,,,,,,,,,,,,,,,,,,,,,,,69.9,117.0,,,,,244.0,,,,,59.1,,,,,,,,,,,pacific_plate_west_ref,42.0,45.0,43.5,543.71,Northwest_Pacific,Seafloor altered basalt
ODP0129-0801C-007R-003/043-048,,,,,,0.888539132923165,,,,,,,2.202816901408451,,,6.468354430379746,,3.9348710990502034,3.8333333333333335,4.303571428571428,,,0.7281879194630873,5.6957928802588995,,3.957317073170732,,,14.975770505517184,1.5283842794759825,9.812499999999998,3.824324324324324,,,,,,0.3520336605890603,3.382570162481536,,,7.028521159692789,6.464788732394367,,2.927536231884058,,11.858267716535433,,,,,,,,,3.6936936936936933,,5.924170616113743,0.8463414634146341,22.22222222222222,,0.18823529411764706,7.0536988897888895,,,25.476190476190474,,,8.175824175824177,3.7119675456389456,,8.571428571428571,,ODP0129,"KELLEY, 2003",18.6423,156.36,0.0001,-5674.0,-5674.0,OLD_OCEANIC_CRUST,,,,ICPAES; ICPMS; IGN,WHOLE ROCK,IGNEOUS:VOLCANIC:MAFIC,BASALT,,41.9,1.53,11.99,,13.73,,,,,0.236,5.5,21.75,,2.28,0.451,0.153,,11.74,,,,,,,,,,,,,,,,,,,,,,,,,,,,,,,,,,,,,,,,,,,,,,42.1,58.6,,,,,65.7,,,,,78.7,,,,,,,,,,,pacific_plate_west_ref,43.0,48.0,45.5,553.41,Northwest_Pacific,Seafloor altered basalt
ODP0129-0801C-009R-004/001-004,,,,,,0.9443411074545714,,,,,,,5.047887323943662,,,0.43037974683544294,,7.6390773405698775,7.291666666666667,7.202380952380952,,,1.4345637583892619,8.4789644012945,,7.560975609756097,,,1.3182662728803376,3.784570596797671,4.39375,7.000000000000001,,,,,,2.9593267882187937,6.676514032496306,,,6.155698270580612,2.6760563380281694,,5.9057971014492745,,0.07952755905511812,,,,,,,,,7.477477477477477,,5.8767772511848335,4.121951219512195,44.07407407407407,,1.3764705882352941,6.9153910684204805,,,2.4476190476190474,,,8.065934065934067,6.9168356997971605,,8.848214285714286,,ODP0129,"KELLEY, 2003",18.6423,156.36,0.0001,-5674.0,-5674.0,OLD_OCEANIC_CRUST,,,,ICPAES; ICPMS; IGN,WHOLE ROCK,IGNEOUS:VOLCANIC:MAFIC,BASALT,,48.83,1.5,13.71,,12.04,,,,,0.204,6.41,13.56,,2.67,0.0397,0.134,,2.14,,,,,,,,,,,,,,,,,,,,,,,,,,,,,,,,,,,,,,,,,,,,,,45.7,64.8,,,,,62.7,,,,,83.9,,,,,,,,,,,pacific_plate_west_ref,1.0,4.0,2.5,566.35,Northwest_Pacific,Seafloor altered basalt
ODP0129-0801C-011R-002/145-148,,,,,,0.9257404492774359,,,,,,,6.028169014084507,,,21.898734177215186,,8.778833107191316,8.541666666666666,7.976190476190476,,,1.6610738255033557,10.485436893203884,,8.780487804878048,,,5.678174626260397,4.439592430858806,5.03125,8.297297297297298,,,,,,3.506311360448808,7.902511078286557,,,7.579777721237322,5.95774647887324,,7.137681159420289,,8.53543307086614,,,,,,,,,8.76126126126126,,5.734597156398104,4.951219512195122,50.925925925925924,,1.588235294117647,8.252366674981774,,,3.395238095238095,,,9.780219780219781,8.073022312373226,,9.910714285714286,,ODP0129,"KELLEY, 2003",18.6423,156.36,0.0001,-5674.0,-5674.0,OLD_OCEANIC_CRUST,,,,ICPAES; ICPMS; IGN,WHOLE ROCK,IGNEOUS:VOLCANIC:MAFIC,BASALT,,47.71,1.79,14.29,,13.2,,,,,0.219,5.68,14.47,,2.44,0.171,0.165,,3.1,,,,,,,,,,,,,,,,,,,,,,,,,,,,,,,,,,,,,,,,,,,,,,43.8,52.2,,,,,72.5,,,,,93.3,,,,,,,,,,,pacific_plate_west_ref,145.0,148.0,146.5,580.75,Northwest_Pacific,Seafloor altered basalt
ODP0129-0801C-012R-002/111-113,,,,,,1.1031621118901132,,,,,,,6.309859154929577,,,11.050632911392404,,8.181818181818182,8.041666666666666,7.3809523809523805,,,1.5436241610738257,9.514563106796116,,8.170731707317072,,,2.7029439448982235,5.036390101892285,4.25,8.162162162162163,,,,,,4.011220196353436,7.754800590841949,,,8.682290844326387,5.422535211267606,,7.065217391304347,,1.8740157480314958,,,,,,,,,8.265765765765765,,7.345971563981042,5.317073170731707,47.31481481481482,,1.788235294117647,8.160161460736166,,,9.428571428571429,,,10.351648351648352,7.809330628803246,,10.625,,ODP0129,"KELLEY, 2003",18.6423,156.36,0.0001,-5674.0,-5674.0,OLD_OCEANIC_CRUST,,,,ICPAES; ICPMS; IGN,WHOLE ROCK,IGNEOUS:VOLCANIC:MAFIC,BASALT,,42.08,1.77,11.55,,13.84,,,,,0.426,6.4,21.11,,2.29,0.0814,0.189,,10.55,,,,,,,,,,,,,,,,,,,,,,,,,,,,,,,,,,,,,,,,,,,,,,37.2,42.9,,,,,40.0,,,,,76.7,,,,,,,,,,,pacific_plate_west_ref,111.0,113.0,112.0,589.91,Northwest_Pacific,Seafloor altered basalt
ODP0185-0801C-014R-001/086-088,,,,,,2.23207898125626,,,,,,,8.056338028169014,,,3.1265822784810124,,10.746268656716419,10.375000000000002,9.88095238095238,,,2.030201342281879,12.944983818770227,,10.670731707317072,,,3.031680370629089,6.3609898107714695,4.18125,10.121621621621623,,,,,,5.722300140252455,10.19202363367799,,,12.678900915524249,9.830985915492958,,9.239130434782608,,1.3968503937007875,,,,,,,,,10.878378378378379,,6.018957345971564,7.560975609756097,62.22222222222222,,2.5294117647058822,10.004265745648294,,,4.738095238095238,,,11.384615384615385,9.797160243407708,,12.321428571428573,,ODP0185,"KELLEY, 2003",18.6423,156.36,0.0001,-5674.0,-5674.0,OLD_OCEANIC_CRUST,,,,ICPAES; ICPMS; IGN,WHOLE ROCK,IGNEOUS:VOLCANIC:MAFIC,BASALT,,47.93,2.17,13.85,,13.79,,,,,0.28,6.47,12.46,,2.67,0.0913,0.276,,1.09,,,,,,,,,,,,,,,,,,,,,,,,,,,,,,,,,,,,,,,,,,,,,,44.5,56.8,,,,,47.6,,,,,105.0,,,,,,,,,,,pacific_plate_west_ref,86.0,88.0,87.0,604.86,Northwest_Pacific,Seafloor altered basalt
ODP0185-0801C-015R-002/117-120,,,,,,2.1891543854628703,,,,,,,7.267605633802818,,,11.329113924050631,,9.837177747625509,8.770833333333334,9.70238095238095,,,10.738255033557047,10.970873786407768,,9.268292682926829,,,17.43299227360648,5.705967976710334,8.6875,7.702702702702703,,,,,,4.810659186535765,9.527326440177251,,,10.01449420139234,7.943661971830986,,8.659420289855072,,8.89763779527559,,,,,,,,,10.36036036036036,,7.677725118483412,8.146341463414634,10.74074074074074,,1.6,10.050368352771097,,,26.047619047619047,,,10.615384615384615,7.931034482758621,,12.589285714285715,,ODP0185,"KELLEY, 2003",18.6423,156.36,0.0001,-5674.0,-5674.0,OLD_OCEANIC_CRUST,,,,ICPAES; ICPMS; IGN,WHOLE ROCK,IGNEOUS:VOLCANIC:MAFIC,BASALT,,49.89,2.18,17.21,,11.49,,,,,0.0941,4.42,10.08,,3.51,0.525,0.218,,5.95,,,,,,,,,,,,,,,,,,,,,,,,,,,,,,,,,,,,,,,,,,,,,,39.3,71.4,,,,,61.5,,,,,110.0,,,,,,,,,,,pacific_plate_west_ref,117.0,120.0,118.5,616.19,Northwest_Pacific,Seafloor altered basalt
ODP0185-0801C-015R-007/096-099,,,,,,1.9745314064959223,,,,,,,7.71830985915493,,,3.683544303797468,,7.408412483039349,6.5625,8.571428571428571,,,8.439597315436242,12.912621359223301,,6.951219512195121,,,4.250329544803103,6.375545851528384,6.5625,5.837837837837838,,,,,,7.208976157082748,9.15805022156573,,,10.473874669346117,8.23943661971831,,8.6231884057971,,1.921259842519685,,,,,,,,,9.121621621621621,,7.156398104265403,8.853658536585366,8.166666666666666,,3.211764705882353,10.557497031121931,,,9.619047619047619,,,6.989010989010989,5.983772819472617,,15.000000000000002,,ODP0185,"KELLEY, 2003",18.6423,156.36,0.0001,-5674.0,-5674.0,OLD_OCEANIC_CRUST,,,,ICPAES; ICPMS; IGN,WHOLE ROCK,IGNEOUS:VOLCANIC:MAFIC,BASALT,,43.95,2.29,17.19,,19.83,,,,,0.0617,5.84,6.4,,3.1,0.128,0.228,,5.47,,,,,,,,,,,,,,,,,,,,,,,,,,,,,,,,,,,,,,,,,,,,,,59.8,76.1,,,,,100.0,,,,,226.0,,,,,,,,,,,pacific_plate_west_ref,96.0,99.0,97.5,622.34,Northwest_Pacific,Seafloor altered basalt
ODP0185-0801C-016R-002/027-031,,,,,,1.9745314064959223,,,,,,,7.211267605633804,,,89.74683544303797,,10.990502035278155,10.145833333333334,9.345238095238095,,,11.711409395973156,11.909385113268609,,10.792682926829269,,,80.35779295643368,6.317321688500727,8.5,9.594594594594595,,,,,,4.333800841514726,9.82274741506647,,,10.519812716141494,8.014084507042254,,8.840579710144926,,61.10236220472441,,,,,,,,,10.675675675675675,,6.966824644549763,6.146341463414634,11.574074074074074,,2.3999999999999995,9.312726638806247,,,36.38095238095238,,,14.307692307692307,9.208924949290061,,15.178571428571429,,ODP0185,"KELLEY, 2003",18.6423,156.36,0.0001,-5674.0,-5674.0,OLD_OCEANIC_CRUST,,,,ICPAES; ICPMS; IGN,WHOLE ROCK,IGNEOUS:VOLCANIC:MAFIC,BASALT,,42.36,2.02,12.66,,19.57,,,,,0.212,5.63,13.67,,2.2,2.42,0.229,,14.57,,,,,,,,,,,,,,,,,,,,,,,,,,,,,,,,,,,,,,,,,,,,,,42.6,30.9,,,,,70.5,,,,,67.0,,,,,,,,,,,pacific_plate_west_ref,27.0,31.0,29.0,625.01,Northwest_Pacific,Seafloor altered basalt
ODP0185-0801C-016R-002/082-086,,,,,,1.602518242953212,,,,,,,7.661971830985916,,,25.443037974683545,,9.972862957937584,9.3125,10.178571428571427,,,10.80536912751678,14.368932038834952,,9.634146341463415,,,24.339777783911522,5.997088791848617,6.374999999999999,8.662162162162163,,,,,,6.451612903225806,10.118168389955686,,,12.449210681547358,13.225352112676056,,9.166666666666666,,17.63779527559055,,,,,,,,,10.72072072072072,,8.104265402843602,8.268292682926829,10.74074074074074,,2.952941176470588,13.047037815753306,,,20.38095238095238,,,12.087912087912088,8.66125760649087,,16.875,,ODP0185,"KELLEY, 2003",18.6423,156.36,0.0001,-5674.0,-5674.0,OLD_OCEANIC_CRUST,,,,ICPAES; ICPMS; IGN,WHOLE ROCK,IGNEOUS:VOLCANIC:MAFIC,BASALT,,48.77,2.83,18.5,,8.98,,,,,0.15,2.76,13.41,,3.41,0.733,0.271,,9.11,,,,,,,,,,,,,,,,,,,,,,,,,,,,,,,,,,,,,,,,,,,,,,19.2,28.1,,,,,39.0,,,,,57.5,,,,,,,,,,,pacific_plate_west_ref,82.0,86.0,84.0,625.56,Northwest_Pacific,Seafloor altered basalt
ODP0185-0801C-016R-005/062-065,,,,,,1.3077693518386035,,,,,,,5.002816901408451,,,3.4556962025316453,,5.807327001356852,5.791666666666666,5.3809523809523805,,,6.2416107382550345,7.702265372168284,,5.878048780487805,,,18.22992906325706,5.385735080058224,9.0,6.135135135135136,,,,,,4.081346423562413,6.255539143279173,,,8.544476703940253,5.112676056338029,,6.08695652173913,,7.244094488188976,,,,,,,,,6.126126126126127,,6.350710900473933,5.121951219512194,6.092592592592593,,1.9764705882352942,6.039441533087219,,,82.38095238095238,,,7.472527472527473,5.801217038539553,,9.732142857142858,,ODP0185,"KELLEY, 2003",18.6423,156.36,0.0001,-5674.0,-5674.0,OLD_OCEANIC_CRUST,,,,ICPAES; ICPMS; IGN,WHOLE ROCK,IGNEOUS:VOLCANIC:MAFIC,BASALT,,46.89,1.31,6.56,,16.65,,,,,0.499,2.97,21.59,,1.91,0.549,0.186,,14.54,,,,,,,,,,,,,,,,,,,,,,,,,,,,,,,,,,,,,,,,,,,,,,30.8,13.5,,,,,40.4,,,,,55.7,,,,,,,,,,,pacific_plate_west_ref,62.0,65.0,63.5,629.51,Northwest_Pacific,Seafloor altered basalt
ODP0185-0801C-018R-001/064-069,,,,,,1.3907569037058236,,,,,,,8.507042253521128,,,0.4430379746835443,,11.329715061058344,10.604166666666666,10.595238095238095,,,12.046979865771812,13.689320388349516,,10.914634146341463,,,2.3044755500729326,6.43377001455604,5.20625,10.729729729729732,,,,,,6.185133239831697,11.004431314623337,,,10.795440996913761,5.67605633802817,,9.999999999999998,,0.5322834645669292,,,,,,,,,11.846846846846846,,5.924170616113743,7.658536585365853,12.222222222222223,,2.2823529411764705,11.202933530841177,,,6.380952380952381,,,12.549450549450551,10.365111561866126,,14.821428571428573,,ODP0185,"KELLEY, 2003",18.6423,156.36,0.0001,-5674.0,-5674.0,OLD_OCEANIC_CRUST,,,,ICPAES; ICPMS; IGN,WHOLE ROCK,IGNEOUS:VOLCANIC:MAFIC,BASALT,,47.73,2.43,13.49,,15.45,,,,,0.243,6.38,10.71,,2.84,0.0694,0.235,,0.18,,,,,,,,,,,,,,,,,,,,,,,,,,,,,,,,,,,,,,,,,,,,,,42.5,63.2,,,,,47.1,,,,,110.0,,,,,,,,,,,pacific_plate_west_ref,64.0,69.0,66.5,642.84,Northwest_Pacific,Seafloor altered basalt
ODP0185-0801C-021R-002/086-089,,,,,,1.334954929174417,,,,,,,8.0,,,19.493670886075947,,10.529172320217096,10.458333333333332,9.345238095238095,,,11.04026845637584,9.611650485436893,,10.609756097560975,,,8.36783629133111,6.870451237263463,7.125,10.621621621621623,,,,,,4.3758765778401125,9.896602658788774,,,9.187609359075541,5.042253521126761,,9.130434782608695,,11.527559055118111,,,,,,,,,10.292792792792794,,6.4454976303317535,5.2195121951219505,11.203703703703704,,1.9058823529411764,8.114058853613363,,,43.61904761904762,,,12.351648351648352,10.081135902636916,,10.535714285714286,,ODP0185,"KELLEY, 2003",18.6423,156.36,0.0001,-5674.0,-5674.0,OLD_OCEANIC_CRUST,,,,ICPAES; ICPMS; IGN,WHOLE ROCK,IGNEOUS:VOLCANIC:MAFIC,BASALT,,43.13,1.76,12.67,,13.27,,,,,0.25,6.07,19.04,,2.5,0.252,0.2,,8.46,,,,,,,,,,,,,,,,,,,,,,,,,,,,,,,,,,,,,,,,,,,,,,43.2,48.3,,,,,65.4,,,,,87.5,,,,,,,,,,,pacific_plate_west_ref,86.0,89.0,87.5,672.29,Northwest_Pacific,Seafloor altered basalt
ODP0185-0801C-023R-003/080-084,,,,,,1.3149234511375016,,,,,,,8.28169014084507,,,0.30379746835443033,,10.610583446404343,9.9375,10.119047619047619,,,11.291946308724834,13.365695792880258,,10.426829268292682,,,2.4372983483480297,6.448326055312954,6.25,9.527027027027026,,,,,,6.213183730715287,10.487444608567207,,,10.336060528959983,5.464788732394367,,9.492753623188406,,0.3354330708661417,,,,,,,,,11.08108108108108,,6.0663507109004735,7.512195121951219,11.38888888888889,,2.88235294117647,10.465291816876325,,,5.142857142857142,,,11.120879120879122,9.24949290060852,,15.178571428571429,,ODP0185,"KELLEY, 2003",18.6423,156.36,0.0001,-5674.0,-5674.0,OLD_OCEANIC_CRUST,,,,ICPAES; ICPMS; IGN,WHOLE ROCK,IGNEOUS:VOLCANIC:MAFIC,BASALT,,48.29,2.27,14.13,,13.82,,,,,0.212,6.89,10.26,,3.02,0.0734,0.225,,0.18,,,,,,,,,,,,,,,,,,,,,,,,,,,,,,,,,,,,,,,,,,,,,,42.0,57.3,,,,,46.8,,,,,117.0,,,,,,,,,,,pacific_plate_west_ref,80.0,84.0,82.0,685.38,Northwest_Pacific,Seafloor altered basalt
ODP0185-0801C-024R-001/046-049,,,,,,1.1646873658606383,,,,,,,7.154929577464789,,,7.329113924050632,,9.78290366350068,9.3125,9.107142857142856,,,10.40268456375839,12.588996763754047,,9.695121951219512,,,3.9846839482529095,5.5749636098981075,6.4375,9.297297297297296,,,,,,5.722300140252455,9.231905465288035,,,8.866043031507898,8.422535211267606,,8.405797101449274,,5.10236220472441,,,,,,,,,9.81981981981982,,5.781990521327014,7.1951219512195115,10.370370370370372,,2.952941176470588,9.266624031683442,,,19.0,,,10.813186813186814,8.823529411764705,,13.392857142857144,,ODP0185,"KELLEY, 2003",18.6423,156.36,0.0001,-5674.0,-5674.0,OLD_OCEANIC_CRUST,,,,ICPAES; ICPMS; IGN,WHOLE ROCK,IGNEOUS:VOLCANIC:MAFIC,BASALT,,47.99,2.01,13.28,,15.1,,,,,0.214,7.17,10.3,,2.78,0.12,0.193,,0.58,,,,,,,,,,,,,,,,,,,,,,,,,,,,,,,,,,,,,,,,,,,,,,42.0,45.4,,,,,53.2,,,,,99.9,,,,,,,,,,,pacific_plate_west_ref,46.0,49.0,47.5,691.76,Northwest_Pacific,Seafloor altered basalt
ODP0185-0801C-025R-001/010-013,,,,,,1.1060237516096725,,,,,,,7.323943661971831,,,0.36708860759493667,,10.420624151967436,10.041666666666668,9.642857142857142,,,10.973154362416109,12.297734627831714,,10.426829268292682,,,1.6038352891717962,5.604075691411936,5.00625,9.878378378378379,,,,,,4.53015427769986,9.527326440177251,,,8.498538657144875,7.704225352112677,,8.6231884057971,,0.2692913385826772,,,,,,,,,10.36036036036036,,5.6872037914691935,6.024390243902439,11.018518518518517,,2.188235294117647,9.266624031683442,,,3.428571428571428,,,10.857142857142858,9.47261663286004,,12.232142857142858,,ODP0185,"KELLEY, 2003",18.6423,156.36,0.0001,-5674.0,-5674.0,OLD_OCEANIC_CRUST,,,,ICPAES; ICPMS; IGN,WHOLE ROCK,IGNEOUS:VOLCANIC:MAFIC,BASALT,,48.56,2.01,13.74,,13.95,,,,,0.248,6.86,11.58,,2.68,0.0483,0.185,,0.67,,,,,,,,,,,,,,,,,,,,,,,,,,,,,,,,,,,,,,,,,,,,,,45.8,57.5,,,,,61.3,,,,,110.0,,,,,,,,,,,pacific_plate_west_ref,10.0,13.0,11.5,700.8,Northwest_Pacific,Seafloor altered basalt
ODP0185-0801C-027R-003/066-069,,,,,,1.6454428387466018,,,,,,,6.47887323943662,,,8.215189873417721,,8.697421981004071,8.333333333333334,8.095238095238095,,,9.177852348993289,10.22653721682848,,8.658536585365853,,,3.2873642573086506,5.211062590975255,5.1625,8.18918918918919,,,,,,4.642356241234222,8.12407680945347,,,8.039158189191099,7.281690140845071,,7.427536231884057,,3.4803149606299213,,,,,,,,,8.67117117117117,,6.018957345971564,5.902439024390244,9.212962962962964,,2.2941176470588234,8.114058853613363,,,19.38095238095238,,,9.868131868131869,7.870182555780933,,10.357142857142858,,ODP0185,"KELLEY, 2003",18.6423,156.36,0.0001,-5674.0,-5674.0,OLD_OCEANIC_CRUST,,,,ICPAES; ICPMS; IGN,WHOLE ROCK,IGNEOUS:VOLCANIC:MAFIC,BASALT,,47.64,1.76,13.99,,13.0,,,,,0.222,5.99,14.67,,2.45,0.099,0.175,,3.83,,,,,,,,,,,,,,,,,,,,,,,,,,,,,,,,,,,,,,,,,,,,,,43.7,57.3,,,,,64.6,,,,,92.2,,,,,,,,,,,pacific_plate_west_ref,66.0,69.0,67.5,723.14,Northwest_Pacific,Seafloor altered basalt
ODP0185-0801C-028R-001/110-114,,,,,,1.8028330233223637,,,,,,,6.687323943661972,,,30.506329113924046,,7.652645861601085,7.041666666666667,7.857142857142857,,,8.741610738255034,8.446601941747572,,7.378048780487805,,,18.395957561100936,5.429403202328966,19.25,6.905405405405406,,,,,,3.9971949509116413,8.389955686853765,,,8.268848423167988,5.859154929577465,,7.789855072463767,,16.69291338582677,,,,,,,,,8.693693693693694,,5.829383886255924,5.341463414634146,8.36111111111111,,1.9176470588235293,7.145904104034496,,,6.238095238095238,,,9.45054945054945,6.612576064908722,,8.910714285714286,,ODP0185,"KELLEY, 2003",18.6423,156.36,0.0001,-5674.0,-5674.0,OLD_OCEANIC_CRUST,,,,ICPAES; ICPMS; IGN,WHOLE ROCK,IGNEOUS:VOLCANIC:MAFIC,BASALT,,48.75,1.55,13.31,,13.53,,,,,0.168,8.35,11.62,,2.51,0.554,0.18,,5.72,,,,,,,,,,,,,,,,,,,,,,,,,,,,,,,,,,,,,,,,,,,,,,35.4,70.5,,,,,63.6,,,,,88.1,,,,,,,,,,,pacific_plate_west_ref,110.0,114.0,112.0,729.8,Northwest_Pacific,Seafloor altered basalt
ODP0185-0801C-028R-002/036-038,,,,,,1.6883674345399915,,,,,,,7.042253521126761,,,2.5569620253164556,,9.145183175033921,8.75,8.63095238095238,,,9.64765100671141,10.679611650485436,,9.085365853658535,,,1.7432992273606478,5.735080058224162,4.231249999999999,8.527027027027028,,,,,,5.399719495091165,8.78877400295421,,,8.131034282781854,6.154929577464789,,8.188405797101447,,0.6818897637795276,,,,,,,,,9.27927927927928,,5.8767772511848335,27.804878048780484,9.62962962962963,,2.494117647058823,8.390674496350183,,,4.699999999999999,,,10.10989010989011,8.296146044624747,,10.535714285714286,,ODP0185,"KELLEY, 2003",18.6423,156.36,0.0001,-5674.0,-5674.0,OLD_OCEANIC_CRUST,,,,ICPAES; ICPMS,WHOLE ROCK,IGNEOUS:VOLCANIC:MAFIC,BASALT,,48.72,1.82,14.38,,13.4,,,,,0.243,7.15,12.45,,2.5,0.0525,0.177,,,,,,,,,,,,,,,,,,,,,,,,,,,,,,,,,,,,,,,,,,,,,,,,52.9,67.4,,,,,76.4,,,,,101.0,,,,,,,,,,,pacific_plate_west_ref,36.0,38.0,37.0,730.4,Northwest_Pacific,Seafloor altered basalt
ODP0185-0801C-028R-002/100-104,,,,,,2.761482329374732,,,,,,,5.357746478873239,,,14.683544303797468,,7.394843962008141,7.229166666666667,6.904761904761904,,,7.835570469798658,8.414239482200648,,7.317073170731707,,,19.624568445145577,4.366812227074235,10.6875,7.067567567567568,,,,,,3.94109396914446,6.883308714918759,,,6.293512410966746,5.23943661971831,,6.231884057971014,,8.188976377952756,,,,,,,,,7.31981981981982,,5.355450236966824,4.658536585365853,7.796296296296296,,1.4470588235294117,7.238109318280102,,,58.09523809523809,,,7.934065934065934,6.7951318458417855,,9.732142857142858,,ODP0185,"KELLEY, 2003",18.6423,156.36,0.0001,-5674.0,-5674.0,OLD_OCEANIC_CRUST,,,,ICPAES; ICPMS; IGN,WHOLE ROCK,IGNEOUS:VOLCANIC:MAFIC,BASALT,,47.17,1.57,13.77,,11.79,,,,,0.182,7.72,13.78,,2.38,0.591,0.137,,5.08,,,,,,,,,,,,,,,,,,,,,,,,,,,,,,,,,,,,,,,,,,,,,,45.7,63.2,,,,,81.3,,,,,68.7,,,,,,,,,,,pacific_plate_west_ref,100.0,104.0,102.0,731.04,Northwest_Pacific,Seafloor altered basalt
ODP0185-0801C-029R-001/016-018,,,,,,0.9658034053512663,,,,,,,9.183098591549296,,,,,12.618724559023068,12.083333333333334,11.369047619047619,,,13.389261744966444,15.016181229773462,,12.560975609756097,,,3.5862155534276186,7.045123726346433,7.4375,11.891891891891893,,,,,,5.988779803646564,12.038404726735598,,,11.208883418072162,5.661971830985916,,10.833333333333334,,0.5590551181102362,,,,,,,,,12.882882882882882,,5.545023696682464,16.926829268292682,13.333333333333332,,2.6705882352941175,11.202933530841177,,,32.0,,,13.714285714285715,11.541582150101421,,15.089285714285715,,ODP0185,"KELLEY, 2003",18.6423,156.36,0.0001,-5674.0,-5674.0,OLD_OCEANIC_CRUST,,,,ICPAES; ICPMS,WHOLE ROCK,IGNEOUS:VOLCANIC:MAFIC,BASALT,,47.39,2.43,13.55,,14.97,,,,,0.274,6.7,10.98,,2.72,0.108,0.244,,,,,,,,,,,,,,,,,,,,,,,,,,,,,,,,,,,,,,,,,,,,,,,,50.0,52.6,,,,,58.6,,,,,128.0,,,,,,,,,,,pacific_plate_west_ref,16.0,18.0,17.0,738.06,Northwest_Pacific,Seafloor altered basalt
ODP0185-0801C-030R-001/003-007,,,,,,1.140363428244384,,,,,,,8.580281690140845,,,45.316455696202524,,11.424694708276798,10.395833333333334,10.595238095238095,,,12.701342281879196,14.207119741100323,,10.97560975609756,,,12.186491741740149,6.695778748180494,8.249999999999998,9.243243243243244,,,,,,5.778401122019636,11.344165435745937,,,11.943892166798204,6.802816901408451,,10.181159420289854,,21.73228346456693,,,,,,,,,12.252252252252253,,5.734597156398104,7.317073170731707,12.314814814814815,,2.6588235294117646,11.202933530841177,,,11.142857142857142,,,13.142857142857142,9.107505070993914,,14.464285714285715,,ODP0185,"KELLEY, 2003",18.6423,156.36,0.0001,-5674.0,-5674.0,OLD_OCEANIC_CRUST,,,,ICPAES; ICPMS; IGN,WHOLE ROCK,IGNEOUS:VOLCANIC:MAFIC,BASALT,,47.22,2.43,13.77,,16.61,,,,,0.163,7.11,9.18,,2.8,0.367,0.26,,2.4,,,,,,,,,,,,,,,,,,,,,,,,,,,,,,,,,,,,,,,,,,,,,,28.7,37.9,,,,,41.1,,,,,124.0,,,,,,,,,,,pacific_plate_west_ref,3.0,7.0,5.0,747.33,Northwest_Pacific,Seafloor altered basalt
ODP0185-0801C-030R-001/111-114,,,,,,1.4308198597796538,,,,,,,8.507042253521128,,,2.3797468354430378,,11.64179104477612,11.208333333333334,10.476190476190476,,,12.332214765100671,13.883495145631068,,11.585365853658535,,,2.0222271037383517,6.622998544395924,4.69375,11.0,,,,,,5.3436185133239835,11.078286558345642,,,9.968556154596962,1.859154929577465,,9.927536231884059,,0.8897637795275589,,,,,,,,,11.891891891891893,,5.260663507109005,7.585365853658536,12.314814814814815,,2.4470588235294115,10.37308660263072,,,4.904761904761904,,,12.43956043956044,10.649087221095336,,13.839285714285715,,ODP0185,"KELLEY, 2003",18.6423,156.36,0.0001,-5674.0,-5674.0,OLD_OCEANIC_CRUST,,,,ICPAES; ICPMS; IGN,WHOLE ROCK,IGNEOUS:VOLCANIC:MAFIC,BASALT,,48.09,2.25,13.02,,15.37,,,,,0.21,6.27,11.05,,2.6,0.0609,0.217,,0.51,,,,,,,,,,,,,,,,,,,,,,,,,,,,,,,,,,,,,,,,,,,,,,44.4,44.0,,,,,57.6,,,,,113.0,,,,,,,,,,,pacific_plate_west_ref,111.0,114.0,112.5,748.41,Northwest_Pacific,Seafloor altered basalt
ODP0185-0801C-030R-005/039-042,,,,,,0.8656460151666905,,,,,,,6.19718309859155,,,13.164556962025314,,8.616010854816825,8.625,7.44047619047619,,,8.875838926174497,9.093851132686085,,8.658536585365853,,,6.4419057163422035,5.007278020378457,8.0,9.121621621621623,,,,,,3.674614305750351,7.754800590841949,,,7.671653814828077,3.577464788732395,,7.137681159420289,,9.37007874015748,,,,,,,,,8.333333333333334,,5.308056872037914,4.609756097560975,8.898148148148149,,1.3058823529411765,7.422519746771315,,,13.76190476190476,,,10.241758241758243,8.70182555780933,,10.0,,ODP0185,"KELLEY, 2003",18.6423,156.36,0.0001,-5674.0,-5674.0,OLD_OCEANIC_CRUST,,,,ICPAES; ICPMS; IGN,WHOLE ROCK,IGNEOUS:VOLCANIC:MAFIC,BASALT,,47.53,1.61,11.93,,12.69,,,,,0.197,7.14,15.07,,2.57,0.194,0.167,,6.97,,,,,,,,,,,,,,,,,,,,,,,,,,,,,,,,,,,,,,,,,,,,,,35.9,21.3,,,,,47.2,,,,,62.3,,,,,,,,,,,pacific_plate_west_ref,39.0,42.0,40.5,752.55,Northwest_Pacific,Seafloor altered basalt
ODP0185-0801C-031R-004/043-045,,,,,,1.6597510373443982,,,,,,,8.507042253521128,,,1.0,,11.736770691994574,11.3125,10.535714285714285,,,12.265100671140939,13.948220064724918,,11.768292682926829,,,1.7333375174900156,6.593886462882096,4.749999999999999,11.364864864864865,,,,,,5.483870967741936,11.078286558345642,,,10.152308341778474,33.23943661971831,,9.746376811594201,,0.4472440944881889,,,,,,,,,11.891891891891893,,5.165876777251184,7.121951219512194,12.500000000000002,,2.541176470588235,10.37308660263072,,,4.119047619047619,,,12.989010989010989,10.912778904665315,,14.017857142857144,,ODP0185,"KELLEY, 2003",18.6423,156.36,0.0001,-5674.0,-5674.0,OLD_OCEANIC_CRUST,,,,ICPAES; ICPMS; IGN,WHOLE ROCK,IGNEOUS:VOLCANIC:MAFIC,BASALT,,48.66,2.25,12.83,,15.19,,,,,0.23,6.07,11.27,,2.63,0.0522,0.221,,0.15,,,,,,,,,,,,,,,,,,,,,,,,,,,,,,,,,,,,,,,,,,,,,,44.0,50.9,,,,,51.5,,,,,117.0,,,,,,,,,,,pacific_plate_west_ref,43.0,45.0,44.0,761.02,Northwest_Pacific,Seafloor altered basalt
ODP0185-0801C-031R-007/007-010,,,,,,1.2462440978680787,,,,,,,7.774647887323945,,,47.088607594936704,,10.474898236092265,10.041666666666668,9.345238095238095,,,11.124161073825503,11.45631067961165,,10.304878048780488,,,14.212039415435376,6.797671033478893,8.249999999999998,9.594594594594595,,,,,,4.55820476858345,9.67503692762186,,,9.738865920620075,3.394366197183099,,8.876811594202898,,24.566929133858267,,,,,,,,,10.427927927927927,,4.834123222748815,5.634146341463414,11.296296296296296,,2.094117647058823,9.451034460174657,,,5.666666666666666,,,12.725274725274726,9.269776876267748,,12.767857142857144,,ODP0185,"KELLEY, 2003",18.6423,156.36,0.0001,-5674.0,-5674.0,OLD_OCEANIC_CRUST,,,,ICPAES; ICPMS; IGN,WHOLE ROCK,IGNEOUS:VOLCANIC:MAFIC,BASALT,,49.12,2.05,11.7,,17.37,,,,,0.161,8.1,9.21,,2.27,0.428,0.212,,3.11,,,,,,,,,,,,,,,,,,,,,,,,,,,,,,,,,,,,,,,,,,,,,,29.7,18.4,,,,,44.6,,,,,103.0,,,,,,,,,,,pacific_plate_west_ref,7.0,10.0,8.5,764.81,Northwest_Pacific,Seafloor altered basalt
ODP0185-0801C-032R-001/121-127,,,,,,0.8670768350264701,,,,,,,6.028169014084507,,,64.68354430379746,,8.19538670284939,7.583333333333334,7.5,,,9.026845637583893,9.449838187702266,,7.926829268292683,,,60.76643021085687,4.52692867540029,7.4375,7.310810810810811,,,,,,3.730715287517532,8.197932053175775,,,8.039158189191099,3.9436619718309864,,7.282608695652173,,71.49606299212599,,,,,,,,,8.76126126126126,,3.8151658767772507,4.658536585365853,8.74074074074074,,1.2235294117647058,7.330314532525709,,,1.838095238095238,,,8.263736263736265,7.079107505070994,,10.089285714285715,,ODP0185,"KELLEY, 2003",18.6423,156.36,0.0001,-5674.0,-5674.0,OLD_OCEANIC_CRUST,,,,ICPAES; ICPMS; IGN,WHOLE ROCK,IGNEOUS:VOLCANIC:MAFIC,BASALT,,51.34,1.59,10.62,,17.51,,,,,0.141,8.94,6.31,,2.29,1.83,0.175,,2.53,,,,,,,,,,,,,,,,,,,,,,,,,,,,,,,,,,,,,,,,,,,,,,27.7,24.0,,,,,42.6,,,,,91.8,,,,,,,,,,,pacific_plate_west_ref,121.0,127.0,124.0,767.51,Northwest_Pacific,Seafloor altered basalt
ODP0185-0801C-034R-002/036-040,,,,,,1.9172986121047362,,,,,,,9.295774647887324,,,76.0759493670886,,12.238805970149253,11.958333333333334,10.714285714285714,,,12.768456375838927,13.624595469255663,,12.195121951219512,,,27.4611135433763,7.540029112081513,8.8125,12.351351351351353,,,,,,5.792426367461431,11.59527326440177,,,9.830742014210829,6.126760563380282,,10.43478260869565,,44.09448818897638,,,,,,,,,12.184684684684685,,5.450236966824644,7.975609756097561,12.777777777777777,,2.635294117647059,10.142573567016703,,,29.476190476190474,,,13.032967032967033,11.76470588235294,,14.285714285714286,,ODP0185,"KELLEY, 2003",18.6423,156.36,0.0001,-5674.0,-5674.0,OLD_OCEANIC_CRUST,,,,ICPAES; ICPMS; IGN,WHOLE ROCK,IGNEOUS:VOLCANIC:MAFIC,BASALT,,48.86,2.2,12.41,,17.27,,,,,0.186,5.95,9.43,,2.49,0.827,0.214,,1.96,,,,,,,,,,,,,,,,,,,,,,,,,,,,,,,,,,,,,,,,,,,,,,33.6,48.6,,,,,43.8,,,,,115.0,,,,,,,,,,,pacific_plate_west_ref,36.0,40.0,38.0,786.9,Northwest_Pacific,Seafloor altered basalt
ODP0185-0801C-035R-003/100-104,,,,,,1.9602232078981257,,,,,,,10.422535211267606,,,9.468354430379746,,13.202170963364994,13.333333333333334,11.249999999999998,,,13.65771812080537,14.174757281553397,,13.414634146341465,,,4.183918145665555,8.762736535662299,9.625,13.364864864864865,,,,,,6.072931276297336,12.333825701624814,,,10.979193184095273,6.352112676056339,,11.521739130434781,,3.2755905511811023,,,,,,,,,12.815315315315315,,5.8767772511848335,7.682926829268292,13.796296296296296,,3.0470588235294116,10.926317888104357,,,38.38095238095238,,,15.406593406593405,12.718052738336713,,13.839285714285715,,ODP0185,"KELLEY, 2003",18.6423,156.36,0.0001,-5674.0,-5674.0,OLD_OCEANIC_CRUST,,,,ICPAES; ICPMS; IGN,WHOLE ROCK,IGNEOUS:VOLCANIC:MAFIC,BASALT,,50.64,2.37,13.09,,14.65,,,,,0.217,6.02,10.82,,2.76,0.126,0.239,,1.93,,,,,,,,,,,,,,,,,,,,,,,,,,,,,,,,,,,,,,,,,,,,,,47.8,63.8,,,,,53.2,,,,,108.0,,,,,,,,,,,pacific_plate_west_ref,100.0,104.0,102.0,798.62,Northwest_Pacific,Seafloor altered basalt
ODP0185-0801C-037R-004/106-110,,,,,,2.0174560022893115,,,,,,,9.35211267605634,,,0.9873417721518986,,12.388059701492539,11.854166666666668,11.19047619047619,,,13.154362416107382,15.04854368932039,,12.256097560975608,,,3.6858326521339415,7.045123726346433,4.8687499999999995,11.594594594594595,,,,,,6.633941093969145,12.038404726735598,,,10.519812716141494,1.8873239436619722,,10.76086956521739,,1.332283464566929,,,,,,,,,12.725225225225225,,5.355450236966824,8.829268292682926,13.055555555555555,,3.011764705882353,10.511394423999128,,,4.952380952380952,,,12.681318681318682,11.29817444219067,,15.446428571428573,,ODP0185,"KELLEY, 2003",18.6423,156.36,0.0001,-5674.0,-5674.0,OLD_OCEANIC_CRUST,,,,ICPAES; ICPMS; IGN,WHOLE ROCK,IGNEOUS:VOLCANIC:MAFIC,BASALT,,49.27,2.28,13.19,,15.41,,,,,0.216,6.1,10.83,,2.71,0.111,0.229,,0.58,,,,,,,,,,,,,,,,,,,,,,,,,,,,,,,,,,,,,,,,,,,,,,45.9,56.2,,,,,50.7,,,,,120.0,,,,,,,,,,,pacific_plate_west_ref,106.0,110.0,108.0,818.32,Northwest_Pacific,Seafloor altered basalt
ODP0185-0801C-037R-005/112-114,,,,,,2.3036199742452426,,,,,,,7.154929577464789,,,39.62025316455696,,9.348710990502035,9.104166666666668,8.392857142857142,,,1.7785234899328861,11.229773462783172,,9.329268292682926,,,14.37806791327925,5.924308588064046,5.949999999999999,9.256756756756758,,,,,,5.0070126227208975,8.862629246676514,,,9.509175686643186,3.2957746478873244,,8.115942028985508,,22.519685039370078,,,,,,,,,9.324324324324323,,4.592417061611374,6.536585365853659,54.907407407407405,,2.2235294117647055,8.805597960455412,,,12.476190476190476,,,10.43956043956044,8.823529411764705,,10.982142857142858,,ODP0185,"KELLEY, 2003",18.6423,156.36,0.0001,-5674.0,-5674.0,OLD_OCEANIC_CRUST,,,,ICPAES; ICPMS; IGN,WHOLE ROCK,IGNEOUS:VOLCANIC:MAFIC,BASALT,,46.87,1.91,10.95,,21.77,,,,,0.131,8.88,7.19,,2.43,0.433,0.207,,1.66,,,,,,,,,,,,,,,,,,,,,,,,,,,,,,,,,,,,,,,,,,,,,,16.7,17.7,,,,,30.3,,,,,84.4,,,,,,,,,,,pacific_plate_west_ref,112.0,114.0,113.0,819.58,Northwest_Pacific,Seafloor altered basalt
ODP0185-0801C-038R-001/022-027,,,,,,2.0174560022893115,,,,,,,8.112676056338028,,,12.784810126582277,,10.881953867028493,10.4375,9.642857142857142,,,11.493288590604028,12.233009708737864,,10.73170731707317,,,6.2094658193607835,6.550218340611353,4.925,10.216216216216218,,,,,,6.115007012622722,10.265878877400295,,,9.646989827029318,6.774647887323944,,9.420289855072463,,7.196850393700788,,,,,,,,,10.968468468468469,,5.924170616113743,9.170731707317072,11.666666666666666,,2.105882352941176,10.0964709598939,,,26.857142857142854,,,12.571428571428573,9.959432048681542,,13.839285714285715,,ODP0185,"KELLEY, 2003",18.6423,156.36,0.0001,-5674.0,-5674.0,OLD_OCEANIC_CRUST,,,,ICPAES; ICPMS; IGN,WHOLE ROCK,IGNEOUS:VOLCANIC:MAFIC,BASALT,,46.38,2.19,12.67,,13.26,,,,,0.273,5.98,15.67,,2.57,0.187,0.21,,5.72,,,,,,,,,,,,,,,,,,,,,,,,,,,,,,,,,,,,,,,,,,,,,,45.8,67.3,,,,,60.0,,,,,103.0,,,,,,,,,,,pacific_plate_west_ref,22.0,27.0,24.5,823.02,Northwest_Pacific,Seafloor altered basalt
ODP0185-0801C-038R-003/053-059,,,,,,2.1891543854628703,,,,,,,7.211267605633804,,,89.87341772151898,,9.60651289009498,9.291666666666666,8.869047619047619,,,10.302013422818792,11.521035598705502,,9.695121951219512,,,20.454710934364936,6.1717612809315865,20.812499999999996,8.783783783783784,,,,,,4.9929873772791025,9.231905465288035,,,7.763529908418833,20.845070422535212,,8.478260869565217,,29.921259842519685,,,,,,,,,9.90990990990991,,5.071090047393365,6.0,10.277777777777779,,0.3411764705882353,10.142573567016703,,,30.19047619047619,,,10.417582417582418,8.397565922920892,,12.857142857142858,,ODP0185,"KELLEY, 2003",18.6423,156.36,0.0001,-5674.0,-5674.0,OLD_OCEANIC_CRUST,,,,ICPAES; ICPMS; IGN,WHOLE ROCK,IGNEOUS:VOLCANIC:MAFIC,BASALT,,47.84,2.2,13.24,,17.14,,,,,0.0726,9.91,5.52,,2.66,0.616,0.169,,3.53,,,,,,,,,,,,,,,,,,,,,,,,,,,,,,,,,,,,,,,,,,,,,,36.8,67.0,,,,,53.2,,,,,96.0,,,,,,,,,,,pacific_plate_west_ref,53.0,59.0,56.0,826.29,Northwest_Pacific,Seafloor altered basalt
ODP0185-0801C-042R-002/034-038,,,,,,1.6311346401488054,,,,,,,6.309859154929577,,,20.0,,8.466757123473542,8.041666666666666,8.214285714285714,,,9.077181208053691,10.129449838187702,,8.292682926829269,,,6.2094658193607835,5.007278020378457,6.687499999999999,7.621621621621621,,,,,,4.095371669004208,8.12407680945347,,,7.947282095600343,5.23943661971831,,7.391304347826086,,7.480314960629921,,,,,,,,,8.626126126126126,,6.113744075829383,5.048780487804877,8.99074074074074,,1.964705882352941,7.929648425122151,,,37.666666666666664,,,9.626373626373626,7.423935091277891,,10.446428571428573,,ODP0185,"KELLEY, 2003",18.6423,156.36,0.0001,-5674.0,-5674.0,OLD_OCEANIC_CRUST,,,,ICPAES; ICPMS; IGN,WHOLE ROCK,IGNEOUS:VOLCANIC:MAFIC,BASALT,,51.3,1.72,14.81,,11.98,,,,,0.193,6.75,10.82,,2.82,0.187,0.173,,1.43,,,,,,,,,,,,,,,,,,,,,,,,,,,,,,,,,,,,,,,,,,,,,,55.3,56.5,,,,,77.2,,,,,104.0,,,,,,,,,,,pacific_plate_west_ref,34.0,38.0,36.0,861.55,Northwest_Pacific,Seafloor altered basalt
ODP0185-0801C-043R-001/013-015,,,,,,1.5595936471598226,,,,,,,7.380281690140845,,,0.34177215189873417,,10.081411126187245,9.645833333333334,9.404761904761905,,,10.570469798657719,12.135922330097088,,10.060975609756097,,,2.430657208434275,5.647743813682678,6.4375,9.986486486486488,,,,,,4.964936886395512,9.601181683899556,,,8.314786469963364,10.859154929577466,,8.442028985507246,,0.6803149606299213,,,,,,,,,10.337837837837837,,5.592417061611374,6.317073170731708,10.74074074074074,,2.3058823529411763,9.404931853051853,,,3.9523809523809526,,,10.637362637362637,9.553752535496958,,12.589285714285715,,ODP0185,"KELLEY, 2003",18.6423,156.36,0.0001,-5674.0,-5674.0,OLD_OCEANIC_CRUST,,,,ICPAES; ICPMS; IGN,WHOLE ROCK,IGNEOUS:VOLCANIC:MAFIC,BASALT,,48.46,2.04,13.52,,13.72,,,,,0.241,6.61,11.44,,2.78,0.0732,0.181,,0.61,,,,,,,,,,,,,,,,,,,,,,,,,,,,,,,,,,,,,,,,,,,,,,48.0,64.6,,,,,51.0,,,,,108.0,,,,,,,,,,,pacific_plate_west_ref,13.0,15.0,14.0,869.23,Northwest_Pacific,Seafloor altered basalt
ODP0185-0801C-043R-002/101-104,,,,,,1.3907569037058236,,,,,,,5.859154929577465,,,28.73417721518987,,8.710990502035278,8.479166666666668,7.857142857142857,,,9.077181208053691,9.611650485436893,,8.536585365853657,,,47.15209338765943,4.643377001455604,5.55,8.54054054054054,,,,,,3.9270687237026647,7.754800590841949,,,7.901344048804964,4.732394366197184,,7.028985507246376,,47.71653543307087,,,,,,,,,8.355855855855856,,4.682464454976303,4.7073170731707314,9.194444444444445,,1.788235294117647,7.975751032244954,,,7.714285714285714,,,9.912087912087912,8.174442190669371,,10.357142857142858,,ODP0185,"KELLEY, 2003",18.6423,156.36,0.0001,-5674.0,-5674.0,OLD_OCEANIC_CRUST,,,,ICPAES; ICPMS; IGN,WHOLE ROCK,IGNEOUS:VOLCANIC:MAFIC,BASALT,,49.06,1.73,12.11,,16.72,,,,,0.207,6.72,8.67,,2.63,1.42,0.172,,1.06,,,,,,,,,,,,,,,,,,,,,,,,,,,,,,,,,,,,,,,,,,,,,,46.6,34.0,,,,,56.0,,,,,100.0,,,,,,,,,,,pacific_plate_west_ref,101.0,104.0,102.5,871.57,Northwest_Pacific,Seafloor altered basalt
ODP0185-0801C-043R-003/050-055,,,,,,0.735441407926742,,,,,,,4.061971830985915,,,42.91139240506329,,6.743554952510176,7.020833333333334,5.636904761904761,,,6.778523489932886,7.540453074433657,,6.890243902439024,,,74.38076703405433,3.347889374090247,5.949999999999999,7.148648648648649,,,,,,3.099579242636746,5.531757754800591,,,4.915371007105414,4.873239436619718,,4.891304347826087,,83.62204724409449,,,,,,,,,6.081081081081082,,3.440758293838862,3.6585365853658534,6.824074074074074,,1.4588235294117646,6.177749354455629,,,3.261904761904762,,,6.395604395604396,6.835699797160244,,7.955357142857143,,ODP0185,"KELLEY, 2003",18.6423,156.36,0.0001,-5674.0,-5674.0,OLD_OCEANIC_CRUST,,,,ICPAES; ICPMS; IGN,WHOLE ROCK,IGNEOUS:VOLCANIC:MAFIC,BASALT,,49.84,1.34,9.53,,18.12,,,,,0.191,7.58,8.22,,1.94,2.24,0.107,,2.34,,,,,,,,,,,,,,,,,,,,,,,,,,,,,,,,,,,,,,,,,,,,,,32.5,53.7,,,,,52.2,,,,,75.7,,,,,,,,,,,pacific_plate_west_ref,50.0,55.0,52.5,872.42,Northwest_Pacific,Seafloor altered basalt
ODP0185-0801C-046R-002/048-052,,,,,,1.8171412219201601,,,,,,,7.098591549295775,,,28.60759493670886,,8.860244233378562,8.145833333333334,8.571428571428571,,,1.7114093959731544,10.87378640776699,,8.597560975609754,,,17.931077767138092,5.516739446870451,6.03125,7.283783783783784,,,,,,4.866760168302946,8.78877400295421,,,9.00385717189403,8.492957746478874,,8.079710144927535,,21.73228346456693,,,,,,,,,9.346846846846848,,5.402843601895734,6.317073170731708,53.24074074074074,,2.2235294117647055,8.298469282104577,,,8.142857142857142,,,8.87912087912088,7.221095334685598,,11.25,,ODP0185,"KELLEY, 2003",18.6423,156.36,0.0001,-5674.0,-5674.0,OLD_OCEANIC_CRUST,,,,ICPAES; ICPMS; IGN,WHOLE ROCK,IGNEOUS:VOLCANIC:MAFIC,BASALT,,49.74,1.8,13.18,,12.59,,,,,0.189,5.88,12.47,,2.93,0.54,0.196,,4.55,,,,,,,,,,,,,,,,,,,,,,,,,,,,,,,,,,,,,,,,,,,,,,38.3,64.7,,,,,39.8,,,,,112.0,,,,,,,,,,,pacific_plate_west_ref,48.0,52.0,50.0,899.9,Northwest_Pacific,Seafloor altered basalt
ODP0185-0801C-050M-001/029-032,,,,,,2.1176133924738876,,,,,,,8.845070422535212,,,6.658227848101265,,11.004070556309362,10.395833333333334,10.535714285714285,,,11.929530201342283,12.459546925566343,,10.73170731707317,,,3.1479003191197985,7.045123726346433,6.5625,10.175675675675675,,,,,,6.072931276297336,11.004431314623337,,,10.01449420139234,5.816901408450704,,10.07246376811594,,2.1889763779527556,,,,,,,,,11.486486486486486,,6.398104265402843,7.317073170731707,11.75925925925926,,2.2470588235294118,10.557497031121931,,,6.523809523809524,,,12.32967032967033,9.797160243407708,,12.321428571428573,,ODP0185,"KELLEY, 2003",18.6423,156.36,0.0001,-5674.0,-5674.0,OLD_OCEANIC_CRUST,,,,ICPAES; ICPMS; IGN,WHOLE ROCK,IGNEOUS:VOLCANIC:MAFIC,BASALT,,48.05,2.29,15.36,,13.17,,,,,0.242,6.79,10.46,,3.09,0.0948,0.218,,2.39,,,,,,,,,,,,,,,,,,,,,,,,,,,,,,,,,,,,,,,,,,,,,,40.4,84.2,,,,,61.2,,,,,119.0,,,,,,,,,,,pacific_plate_west_ref,29.0,32.0,30.5,931.79,Northwest_Pacific,Seafloor altered basalt
ODP0185-0801C-052M-001/047-049,,,,,,1.2863070539419088,,,,,,,8.056338028169014,,,0.27848101265822783,,10.827679782903664,10.375000000000002,10.119047619047619,,,11.44295302013423,12.880258899676376,,10.670731707317072,,,3.4865984547212956,6.098981077147016,6.312499999999999,10.216216216216218,,,,,,5.778401122019636,10.265878877400295,,,9.601051780233941,5.873239436619719,,9.347826086956522,,0.6283464566929134,,,,,,,,,10.923423423423422,,5.924170616113743,7.097560975609755,11.481481481481481,,2.7764705882352936,10.004265745648294,,,5.285714285714286,,,11.098901098901099,9.858012170385397,,12.946428571428573,,ODP0185,"KELLEY, 2003",18.6423,156.36,0.0001,-5674.0,-5674.0,OLD_OCEANIC_CRUST,,,,ICPAES; ICPMS; IGN,WHOLE ROCK,IGNEOUS:VOLCANIC:MAFIC,BASALT,,48.52,2.17,13.74,,13.65,,,,,0.259,6.97,11.14,,2.85,0.105,0.209,,0.52,,,,,,,,,,,,,,,,,,,,,,,,,,,,,,,,,,,,,,,,,,,,,,51.1,59.2,,,,,44.6,,,,,122.0,,,,,,,,,,,pacific_plate_west_ref,47.0,49.0,48.0,933.27,Northwest_Pacific,Seafloor altered basalt
