SAMPLE ID,Rb,Ba,U,K,La,Ce,Pb,Sr,Nd,Y,Yb,Lu,SiO2,MgO,Na2O,P2O5,CaO,Zr,Th,Ti,Nb
ODP0129-0801B-043R-001/132-135,25.295858081092533,38.519584987668914,41.43291427450047,26.570392448968853,38.072280846089114,33.75933096338363,22.90090749550677,24.30774057697167,24.75785238284239,6.990382767442365,4.596097119235039,4.628443985677727,47.192367234443346,6.424082830056298,2.999239096977981,0.4877494880339423,10.084927592790706,20.982142857142858,28.235294117647054,11.156830923718374,57.0827489481066
ODP0129-0801B-038R-001/022-025,18.483811818686675,28.838031071899103,29.730487409497037,22.088376909572332,33.056527716984064,29.87752254942734,21.58409959752261,20.690872429843452,22.124768681241857,6.0857579643142925,4.054586259156735,3.9110833334176696,47.00760777824189,5.78845478785033,2.8352157835654634,0.42395860294846965,10.789754165778385,17.321428571428573,23.52941176470588,12.309396101788455,50.490883590462836
ODP0129-0801B-040R-001/015-018,26.24373723271995,41.40957175323328,39.3445873180457,28.795797394120438,47.034492219576,36.834578618213854,23.416104969725875,26.909852491678613,23.482466114575583,5.327817167234928,3.6951143894513185,3.3878501348157997,44.40142743486221,9.246361496516288,2.5878182258525895,0.3858939155506961,11.57572248759811,13.660714285714286,37.17647058823529,15.213860350525056,68.72370266479663
ODP0129-0801B-041R-001/020-025,41.08146909775204,56.50521450760127,49.06685953800606,45.687623845263246,57.52383865148382,47.88315895080313,30.65865443646479,35.895891436089535,32.99274241440477,7.421328928348946,4.653962936082432,4.3327324064708135,45.800487548063,8.128564822873466,2.893346520770135,0.6619712273596865,10.077437546025482,27.5,42.35294117647059,16.41252813571794,74.33380084151473
ODP0129-0801B-041R-001/026-031,32.279966360138886,45.18951396187123,47.36367625132921,40.74895711646305,49.50286329274792,39.88350907159457,25.735467019280957,28.60601864116323,28.57366570026967,8.115120834603752,4.624047270891878,4.41072127036976,46.8516477357221,7.109713034163682,3.078244804101579,0.5517259136352612,9.578817683178894,24.28571428571429,35.52941176470588,15.25996295764786,67.32117812061712
ODP0129-0801B-041R-001/130-136,37.54175621843625,51.45592088297458,49.82729427779433,44.51830557951456,52.02756678489155,42.76184783449529,29.504803327380564,32.86331700154807,29.4971366661157,7.011863780751113,4.27043228311733,4.25115410070866,46.33932495812936,7.400963481287717,2.901477498033837,0.6575750416335722,9.38429916152538,25.446428571428573,41.17647058823529,14.937244707788237,68.72370266479663
ODP0129-0801B-042R-002/000-007,27.985742786404384,41.833251555722256,45.73489012803971,32.66094180327971,46.581299919825,37.74112376227426,24.918846800034153,27.913061661982688,27.5836142171012,6.324252930049791,4.223341961815804,4.316314899893193,45.50566693514875,6.661829446841938,2.747258389514354,0.5842455601470443,10.583138404626155,21.696428571428573,35.29411764705882,13.323653458490124,58.906030855539974
ODP0129-0801B-042R-002/129-134,26.786661975243245,38.19586550779179,41.5289197646722,28.720844309986916,41.659053925938814,35.27223981579232,23.39510308732676,25.906984312262114,25.987823044625074,7.106219981965531,4.441124933523626,4.028235488595375,46.94200346774497,5.640957636834396,2.9104043738384138,0.5169609330913338,10.650472685209227,20.80357142857143,30.235294117647054,13.461961279858535,57.503506311360454
ODP0129-0801B-043R-001/022-027,27.881482165234484,37.87828308158915,41.58777612791434,31.12403539209204,42.51129728801943,35.33710007779714,23.950395044404356,27.38736815734633,26.79829058367712,7.524100589731433,4.4285569148358315,4.3757336606886,46.8634944771646,5.738726908890995,2.9808468674386437,0.5254414261332399,10.208829380703758,21.78571428571429,30.11764705882353,13.554166494104141,58.906030855539974
ODP0129-0801B-043R-001/128-134,25.041662245197525,37.26849153172138,34.50915886789725,28.44223689664537,35.691869475317894,30.981491523025003,24.51305012009786,22.542442532091908,22.7418030857723,6.0854625192109895,4.35483521830823,4.142240753881417,46.32354866480032,8.813514052076458,2.7083055431563863,0.4661082823576857,10.544487181106176,18.571428571428573,29.882352941176467,11.433446566455194,51.89340813464236
ODP0129-0801B-043R-004/005-010,29.756739313819253,40.2630188449337,46.07802694906253,35.918973331441315,44.353454375813214,36.82757083511565,23.35488998172101,27.026459558916308,27.445407598940896,8.035529056289825,4.575075019814086,4.37544494530378,47.06590167256147,5.979087087999694,3.0241035184283405,0.5890653449811679,9.163187178530576,23.125,31.17647058823529,14.199602993823385,60.308555399719495
ODP0129-0801B-044R-001/018-024,29.18004597682428,40.28246707761454,48.40969419386108,35.35411254359903,45.873106721181514,38.0215039326397,23.234342348372483,26.423171849714038,27.758570693493375,7.5689101106047465,4.534717429921012,4.329396411536006,46.819723585445566,5.67310852798153,2.988790401398029,0.5591959168257314,9.53188879351629,23.571428571428573,32.94117647058823,15.029449922033841,60.308555399719495
ODP0129-0801B-044R-001/107-113,24.99571214123989,35.847508271878574,35.3458633204521,25.26145873207362,39.91883609335599,35.494296007057535,22.059197047234836,26.305972962631884,25.424140751392827,6.075030367600165,4.143313336306197,3.8526735455411734,46.52615631994103,6.19622778479282,2.7388945586535183,0.47334956702868175,11.199905382412464,19.107142857142858,30.823529411764707,15.029449922033841,58.906030855539974
ODP0129-0801B-044R-002/027-032,30.504013611098262,39.72733060422396,47.682294681307184,35.99049194889669,46.36513050807232,37.48047554181655,22.99068751836278,26.49380911302513,28.051288861666002,7.6943740769129025,4.513053366162433,4.399473566111093,47.08200460991659,6.2169578033192865,3.0235452197984407,0.5564060892440642,9.8701367108806,22.67857142857143,32.94117647058823,15.075552529156647,61.71107994389902
ODP0129-0801B-044R-003/028-033,29.63945688580308,41.11359265156815,45.032192349672165,36.88206914177834,45.876978054551756,37.66657811553433,23.88330489109209,27.175926186490585,27.53175650044703,7.967161579506303,4.569770076316696,4.4298770848898545,47.3769727856085,5.501984287634392,3.12381575179774,0.5888915636613632,9.196655719345518,23.92857142857143,32.470588235294116,14.56842385080581,61.71107994389902
ODP0129-0801C-001R-001/014-020,26.290553299816022,36.91512774034762,33.75262508909081,27.10938200439164,37.08466069193497,31.432235015752912,22.968296788953005,22.88351307003194,23.198504760970266,6.773527415453629,4.402735623074477,4.362971112920723,46.34393615735148,6.4579971723217335,2.877607835001826,0.4643911346224519,10.633567597059349,19.732142857142858,29.41176470588235,12.40160131603406,53.295932678821885
ODP0129-0801C-001R-001/109-114,28.350383408213737,39.46661165764565,40.8793170110679,31.77303072018668,42.36457278438634,35.298580275306,24.09152666070959,26.382059663583686,26.483673128771162,7.6073587975011225,4.487639573496407,4.40693651742788,46.523143975265455,6.236240257858159,2.8784692129753364,0.5421881477360428,10.211027049258753,21.607142857142858,30.705882352941174,12.908729994384895,57.503506311360454
ODP0129-0801C-001R-005/033-038,29.687814431895216,40.384282013676966,45.60537692597085,36.087976741900775,44.695878140722726,37.43790112637824,24.00291200503726,27.391133055508412,27.548969856690604,8.099423755045489,4.6200218647357625,4.463492020657934,47.436511584639334,5.790203964559882,3.151081502578989,0.5937055983036418,9.025943157638359,23.839285714285715,31.64705882352941,14.476218636560205,61.71107994389902
ODP0129-0801C-002R-001/112-118,29.04155504330313,35.5486551179245,47.37621346786556,32.56898612963017,40.77253158396877,35.38609457204184,23.21915413862972,25.725011921384343,27.032899973756376,8.955319470280775,5.264276327195843,5.0149572904914566,47.795916114044985,5.156305232551011,3.2062304412451645,0.5894216807092629,9.059455387727697,23.125,28.58823529411765,14.153500386700582,58.906030855539974
ODP0129-0801C-002R-003/114-119,27.93368088483163,36.216318836226925,47.489622946846815,32.3796143036264,40.99736298417438,35.703577175365574,23.099426530839022,24.363737545811382,26.990622325626475,8.41180876122908,4.968032507143877,4.732925118874431,47.8087706898922,5.285283396729418,3.193604528686826,0.568418430837209,9.50430357804423,22.767857142857146,29.058823529411764,14.614526457928616,57.503506311360454
ODP0129-0801C-002R-004/071-076,27.830331777658454,36.416816950223186,47.36843268694511,32.52221767684137,40.66838940827988,35.47618169424839,23.13403152980259,24.985859090105173,26.711664078580593,8.57918493045953,5.0793874718951315,4.7637545618182395,47.74352242010469,5.262626753217344,3.195142233570288,0.5694139462330043,9.484897073784186,22.946428571428573,28.941176470588232,14.522321243683008,57.503506311360454
ODP0129-0801C-005R-001/103-105,1.2356028510805923,1.3189740456499217,2.9923005399594444,2.4758623828840958,3.07710106690229,4.108088962064859,4.579144946170374,4.545210681298541,5.311434665203353,6.472110502241646,5.861144426101103,6.0034250575966155,49.763998545892775,8.079910837090624,2.3589602559841105,0.10439879508765296,11.857485075893022,6.25,1.1764705882352942,5.670620676104793,2.805049088359046
ODP0129-0801C-005R-002/087-089,0.6616510674755367,1.119985998836816,2.265382251513299,1.6252823283630475,3.041255173856941,3.9976228142104584,3.6840669565547266,4.203780542185723,5.094369964475607,6.5109928014771254,5.722696200923913,5.911880468250858,49.86374127548611,8.143386364638955,2.1690126893156116,0.11415645166977728,11.685091932119198,5.892857142857143,0.9411764705882353,5.532312854736384,2.805049088359046
ODP0129-0801C-005R-003/038-043,1.3358049868285895,2.3030563882623456,4.597123613120991,2.438325340880607,4.199355575660912,4.516066409881912,4.548224571053874,5.402134578395201,5.208313674714004,5.943415118136605,5.287945059817905,5.500451122968888,49.562129715371924,7.772221853355173,2.296788790981643,0.11198237450744147,12.180412403053563,6.1607142857142865,1.5294117647058822,5.301799819122368,5.610098176718092
ODP0129-0801C-005R-003/125-131,3.7815671944235714,2.716002489955285,4.033863593029149,6.90290207237345,2.8864609027876447,4.044775375648747,13.537748636986429,4.955559763005181,4.996650122765287,5.741220052917383,5.302628892649546,5.415734981033016,50.52173940921683,8.255255731815888,2.834374518776826,0.08289184328622576,8.543175164512643,5.982142857142858,1.2941176470588234,4.74856853364873,0.9817671809256662
ODP0129-0801C-006R-002/029-034,1.066526986364682,2.1294873062209674,4.082180509882437,2.095805732954362,3.1943209098557186,3.1920507746387576,3.46890659564692,4.207365002362242,4.107580856198888,5.446561691796963,4.832973210197422,5.048890103600831,49.61634122947232,8.661726971294389,1.9612198385618864,0.08296763413275207,12.235978911512277,4.910714285714286,0.9411764705882353,4.518055498034714,4.20757363253857
ODP0129-0801C-006R-002/119-124,0.4348336601300316,0.9861269068359967,1.429429155442851,1.6825403501307186,3.132783689090813,3.212052273087292,2.39113548809331,4.692217926861075,4.295947955143242,5.792107290161056,4.768275275586322,5.083487488913448,49.463821222639915,8.676185552029951,2.0255462263742956,0.08978259077167697,12.119220071364172,5.357142857142858,0.3529411764705882,4.61026071228032,4.20757363253857
ODP0129-0801C-006R-003/037-042,0.3244879102055883,0.80024047420939,1.3880595606166515,1.4412338043990425,3.1401933206489705,2.8246224857352837,1.7056259590108018,4.918841742268286,3.6385501851316646,4.921917007620714,4.40586227503567,4.64144948578673,49.050583187263726,9.196235709797548,1.8335907930024007,0.07668529448849419,12.28623973579933,4.285714285714286,0.3529411764705882,4.518055498034714,5.610098176718092
ODP0129-0801C-007R-001/053-058,1.8263399308252275,2.4637833112916785,7.636837170097947,5.115189230316606,5.953587267662631,8.061819773979925,6.935839236280632,5.02354116516143,9.045714816077178,9.916862441731185,7.85378213177818,8.464455925376543,50.26300631343532,7.080302071691552,2.5220648024525896,0.17342522329631516,10.758115620180092,10.625,2.235294117647059,8.897803174701018,9.817671809256662
ODP0129-0801C-007R-001/099-105,1.2865197332257272,1.8733476417555517,4.352071307726306,3.3981864208335417,5.925797191291164,8.213870554422394,6.393344647891736,5.0494487612955385,9.952751908880654,9.836504912035995,7.532932702439305,8.13152379531069,50.317205867509976,7.1161049424208835,2.2205119859088205,0.2099394556773941,10.531920053526138,10.714285714285715,1.647058823529412,9.036110996069429,11.220196353436185
ODP0129-0801C-007R-003/000-005,1.5440362702472692,2.3883477148853554,6.061260300753707,4.410847420032155,5.901715944217894,7.905417174039379,5.416662155715236,4.939540053601119,9.25286796467451,9.987328931763406,7.840269946126688,8.519420276501645,50.31069809509253,7.096188841878665,2.4928196428210065,0.1816186160300192,10.662587847015281,10.625,2.117647058823529,9.082213603192232,9.817671809256662
ODP0129-0801C-007R-004/077-083,1.0744547809284208,2.0622361592014262,5.404947561769648,3.32985437808569,5.915885147883778,8.274650608011042,4.76507444963789,5.006224785199609,10.406860773356124,9.81294869929711,7.650988918169697,8.234578018285891,50.35099720455045,7.188019559564637,2.2183331433693745,0.19316235495864362,10.459140402066428,10.714285714285715,1.8823529411764706,9.266624031683442,11.220196353436185
ODP0129-0801C-007R-004/137-142,1.2828685426196555,2.211542827504519,5.5186240727835445,3.6212496290671625,5.7764570959049415,7.664852388580231,5.915815958981726,4.943110119655707,8.906729145115644,9.832066693786821,7.868549966479015,8.258391869067168,50.28200931378151,7.145810752247877,2.4224155039544204,0.1757551369215118,10.644540123796265,10.357142857142858,1.8823529411764706,8.805597960455412,9.817671809256662
ODP0129-0801C-008R-001/065-067,0.5537474833408038,1.6366426199932618,2.977050665982924,2.3882388167610693,6.388563633952861,8.098797540970887,4.291215994164498,4.227146056042408,10.184675505968077,10.475991465795673,9.394145882387154,9.300609976241608,50.10638880231232,6.533220136333245,2.453745414634916,0.2756204339507341,10.13943095886067,10.0,1.647058823529412,10.0964709598939,8.41514726507714
ODP0129-0801C-008R-001/101-106,1.4525409163354266,2.248638564495621,6.167713917194261,4.109068190772057,5.733470054644973,7.673751775193868,6.701627914770989,4.91574964748498,8.863248152027156,9.79180376780876,7.858589277841473,8.30253892944568,50.281092485345766,7.144358715403331,2.4277911205673974,0.1712089708525671,10.673141917103075,10.357142857142858,2.0,8.759495353332609,9.817671809256662
ODP0129-0801C-008R-002/078-080,0.8934075694439566,1.744910298351876,3.973050699140145,2.9605199961827444,5.767314410371864,7.366818361261128,4.526022007361352,4.983316946110363,8.983263206371204,9.858839616061841,7.718468156801579,8.198430014531928,50.32199700730141,6.943328987254244,2.4086317563977593,0.21312962834932142,10.53644230388621,10.089285714285715,1.5294117647058822,8.713392746209806,9.817671809256662
ODP0129-0801C-008R-002/133-139,0.5793643032884115,1.5687266437162848,3.2572850156799293,2.831763208804182,5.507901141101278,7.473603295069632,5.579919762284029,4.811886357741531,8.972326225997461,9.98295421498582,8.93409922609632,8.630912421238977,50.19761283768859,7.067789713586687,2.5697090106823817,0.24356724595065365,10.723516919228352,10.357142857142858,1.2941176470588234,8.805597960455412,8.41514726507714
ODP0129-0801C-009R-005/020-024,0.5480124435967547,1.2983886333732455,2.8668929970775583,2.057797222951348,4.903308115250523,6.065240174198045,4.395846940237944,4.327176804009559,7.954883677173277,8.257463803384825,7.523404023996311,7.885532088111572,50.16083554108687,7.183415505043328,2.447302598286317,0.22039652800867532,10.754236225438598,8.482142857142858,1.2941176470588234,7.883545817999347,7.012622720897616
ODP0129-0801C-010R-001/055-060,0.8703104264325482,1.8033687904752378,3.8435056770917355,2.916358508916306,5.031735891698619,6.624425732469779,4.375586772983846,5.087839027091456,7.859018311638236,8.038358869551594,6.360133874978148,7.05037851137131,49.47721847995568,7.740260687877885,2.1388258619943294,0.17965542317727318,11.012119749940657,8.660714285714286,1.4117647058823528,7.468622353894118,9.817671809256662
ODP0129-0801C-010R-006/067-070,0.4486750392644458,1.2529888067547938,3.298090865402287,2.0624151532189052,5.122692018079791,6.903750048302325,4.39587943886001,4.904222721218904,8.281149499646373,8.543258893041234,6.992067249843751,7.462898050350556,50.08511873872658,7.230829604117655,2.462974728146119,0.24218384866632078,10.537326706703363,9.017857142857144,1.2941176470588234,8.20626406785897,8.41514726507714
ODP0129-0801C-011R-002/121-126,2.2338309302386654,3.0186319280698153,10.503833354939333,5.971336534389004,9.092651650444942,10.678062780221435,8.064902648854785,5.936086917315991,12.33265934209344,11.308671646564775,8.817794970054672,9.424902415542164,50.24120831778234,6.738557667835163,2.606868617148168,0.19623515959747692,10.578308277884794,12.589285714285715,2.941176470588235,10.0964709598939,12.622720897615709
ODP0129-0801C-011R-003/121-126,0.7675799036898961,1.7738635159324432,4.549068178703651,3.2337088512910666,6.091636071812466,7.9344950761435555,6.430295067526901,4.954195513434527,9.486341149414113,10.035967519972294,8.06047129318403,8.4211648774115,50.264152961259015,6.8139428190552636,2.5416301827017023,0.20645618180087758,10.683177657025098,10.892857142857144,1.5294117647058822,8.990008388946624,9.817671809256662
ODP0129-0801C-011R-003/131-136,0.8784631311365664,1.287539225966206,2.1246592660044907,2.7928021841769426,5.17188841304341,7.581345492532138,4.247286338094698,5.074651743851897,10.81485243803207,10.570858919491725,8.239621174033788,9.146431221997586,50.0841792476603,6.752300641371516,2.5791408732969927,0.2675274928358362,10.437615608272488,11.25,0.823529411764706,9.727650102911474,9.817671809256662
ODP0129-0801C-012R-003/032-037,1.1209849234746232,1.8846397167696791,5.2914460116451485,3.198794237898257,6.5340082187175605,9.18759171073873,6.658576154973262,4.218732560365289,12.446220044521999,12.238669908606127,10.46220083349031,10.487066382610339,50.379845479014264,6.295405698253414,2.6322160216928463,0.21212123912290057,10.361886953885561,12.767857142857144,1.8823529411764706,10.603599638244736,9.817671809256662
ODP0129-0801C-012R-003/057-062,0.6493350876593683,1.7228134007609532,3.9738122329945913,2.5779528407181678,6.43918624036009,9.007687314456664,5.977266320498015,4.175844059932657,12.326133765006748,12.247233356348513,10.444540489893367,10.496675527336723,50.40360770371313,6.366971958752487,2.6327790245517066,0.218538754813825,10.301408287001223,12.857142857142858,1.647058823529412,10.557497031121931,9.817671809256662
ODP0185-0801C-015R-007/031-034,0.6122431731987689,1.7384611901993567,2.9526805610975106,2.733291919423261,7.083169155204222,6.230768503995261,4.04307449999918,5.119665223114868,7.9207445989352605,8.931231442728338,8.185775145784396,8.632173370205216,50.32805331969649,6.395322977124084,2.7425332996086684,0.1910940279682317,10.813081553702169,7.598214285714286,2.4705882352941173,11.756164816314815,5.483870967741936
ODP0185-0801C-034R-001/093-096,1.5169996019732792,1.8719323631646616,6.459336314329014,3.7796324724701797,7.989057011318535,9.451715547335509,7.455856584819656,4.436241679074736,12.115581603404607,11.807029763695127,10.874387454320994,11.167116691717307,50.31000142139402,6.616812103673083,2.8464160918347785,0.2488933293972391,10.419256101521144,14.642857142857144,2.941176470588235,11.110728316595571,6.32538569424965
ODP0185-0801C-040R-001/024-027,1.1972263574881927,1.274308745132843,3.8646680263962137,3.6299112863971517,4.960649107797458,6.652365259028408,6.5693682639431445,5.198268058136387,7.949331974028468,8.172414878785188,7.3088093290148946,7.17647821257961,50.26389618618966,7.537360648148342,2.743124867238347,0.1669337489893601,11.300741499366568,9.285714285714286,1.647058823529412,7.330314532525709,3.899018232819074
ODP0185-0801C-044R-003/023-026,1.5827704566202676,1.8277528301824102,5.05612624164225,4.136773057061447,7.228307530042928,8.104429013610588,6.579293466923057,4.964100829840914,9.953742671684441,9.847016537798817,9.27236196831231,9.721069348686772,50.00462558933778,6.823499704097508,2.7159955622242804,0.199377624609237,10.850561718243776,11.785714285714286,2.4705882352941173,9.543239674420263,5.301542776998597
ODP0129-0801B-037R-001/036-038,18.34948049437953,31.92359252402765,31.446471039186093,20.064169221712124,37.50588344955599,32.94825050076097,21.994325287967204,20.51021672174914,21.851694863996,5.612598625075273,3.8027014883691383,3.5625284755348865,45.640528358521436,7.167956956573271,2.6146108789121816,0.38492981928032693,11.83394519987461,15.089285714285715,25.29411764705882,12.309396101788455,56.80224403927069
ODP0129-0801B-041R-001/026-030,38.64508984420987,54.17927043050685,48.72897007797295,45.49896389101267,53.086386504387825,44.796956976710284,28.48570426021654,30.274104351725583,30.459049381679186,8.165130734001654,5.0996281470411535,4.804405483466327,46.78053937722735,6.80503187795049,3.115973889104609,0.6667851109866842,8.88863885641031,27.67857142857143,38.23529411764706,14.614526457928616,75.3155680224404
ODP0129-0801B-041R-002/074-079,36.930587410670725,53.45777753208898,47.01813723228844,42.79835640642913,49.8137222406559,42.087905888836985,28.62723445607964,30.455013117730015,28.668698004184844,7.655847078716589,4.553119485337675,4.258011674869309,46.667295659097555,6.615289780957566,2.9756304438220846,0.627890677901421,9.118258565632916,25.17857142857143,38.0,13.969089958209366,74.61430575035064
ODP0129-0801B-043R-003/111-114,31.09824925555191,40.03139168247864,45.375099868315736,40.48908114240615,47.13117241628074,37.76607437778185,23.683663232677617,26.04967399907414,27.383150161040792,8.722262660669493,5.184849673677744,4.643883933114588,48.463721462650064,4.976013488411539,3.2945830761334847,0.6042856934862223,8.949236010766475,25.53571428571429,32.11764705882353,15.25996295764786,64.09537166900421
ODP0129-0801C-001R-005/033-035,34.660751173416855,45.09061728859491,49.32180389763164,43.484990528418464,49.45176026560731,41.34146135439246,25.36501746883344,27.94386450841925,29.359511131395074,9.235074967922786,5.719390093699777,5.215558065182535,47.997448136557836,5.118545713906979,3.2358020258101976,0.6169912372482996,8.349576590759405,27.67857142857143,34.11764705882353,14.337910815191796,69.7054698457223
ODP0129-0801C-002R-005/024-028,55.675780235741044,59.206414145147114,69.95168391644012,64.84986066943586,68.35779862972696,49.28996254104972,35.033499016995705,24.30720477616535,35.156793763985014,9.797097058987216,7.077675664017746,7.565955702091802,51.95524919022834,3.7102752225094684,3.5733514450109265,0.5521360175356843,6.466174312388304,35.625,42.23529411764705,9.128316210315035,80.08415147265077
ODP0129-0801C-005R-001/095-098,0.7213942109249917,0.29464386235463463,0.9635339726349293,1.8246083344739494,1.9523004598412976,2.7591318353864196,3.440054952158536,4.047454413172191,4.361816052281487,5.766087295943529,5.3501856098876654,5.7762969392292876,49.56708558416103,8.093193541242924,2.3072012705615133,0.08578385380895232,12.977834009984386,5.5357142857142865,0.2117647058823529,4.979081569262745,0.3842917251051894
ODP0129-0801C-006R-003/042-045,0.523196309333496,1.5444532926642083,2.1650535137641347,1.325602933108741,3.2090689066971216,3.8672351369449656,2.9908748789944144,4.00539751523564,4.689909888986359,5.907907756253828,5.621120766124858,5.642590147574715,49.762425936874756,8.151352633178599,2.201223169353121,0.09421532775631832,12.094613083454954,5.151785714285715,1.6588235294117644,5.255697211999564,3.4642356241234227
ODP0129-0801C-007R-003/043-048,0.8580095576915955,0.40767716852160446,0.8739626977788013,2.6775611521872924,2.0096359787374456,3.578605189802523,4.512841691573706,4.6024291044643055,6.0931936515068115,7.517477040129772,6.349014330356722,6.659891527799632,50.23136267696234,7.847007563452244,2.550667564034247,0.20413669770848533,11.734993555876201,8.571428571428571,0.18823529411764706,7.0536988897888895,0.3520336605890603
ODP0129-0801C-009R-004/001-004,1.6670264490467637,1.1184849383057613,2.663868414309214,3.7640798304828302,4.4663150102582865,6.317623792589102,6.080888077030172,5.181138343451683,7.003348319017606,7.643471021431867,6.635459054596837,7.0026601824212085,50.07498457405961,7.5612123722346425,2.713815797617716,0.16577228203432778,11.490442470987466,8.848214285714286,1.3764705882352941,6.9153910684204805,2.9593267882187937
ODP0129-0801C-011R-002/145-148,1.0459222764975995,1.0600695751869056,2.7640994651890023,2.7355949274160833,5.436028076931412,6.764893456609498,6.904007889617271,4.867238592515917,8.556907620095599,9.022673938206907,8.040879013310217,7.973564008395247,50.29792893619351,7.278968105343902,2.72512315766828,0.22672627956414987,10.88210927540824,9.910714285714286,1.588235294117647,8.252366674981774,3.506311360448808
ODP0129-0801C-012R-002/111-113,1.2685945955824847,1.241767621817169,3.742440367108458,3.686624610354091,5.524653606542586,7.054403715824786,7.202776662701333,4.983470121079968,8.459720524920684,8.66951061375374,7.887576196316674,7.874612844970262,50.25296089291884,7.286204435775826,2.707383636998707,0.18320454783938037,10.833888214371598,10.625,1.788235294117647,8.160161460736166,4.011220196353436
ODP0185-0801C-014R-001/086-088,1.4519070680344297,1.7942355100515164,5.474306650345962,3.770846952809657,7.243190583648088,8.594582593492108,6.9321738722207895,4.8290313875503434,10.92323080934826,11.107545906745925,10.327473375998563,10.377736520497052,50.03508051308037,6.733974044431231,2.7402223861408683,0.2011397939370818,10.721529945018817,12.321428571428573,2.5294117647058822,10.004265745648294,5.722300140252455
ODP0185-0801C-015R-002/117-120,0.4533415656042488,1.3002836391510464,2.8597100847367916,2.1769444496281474,6.8241468751119125,8.758705303456695,6.247865065420405,4.5668169156045515,10.82073719285135,11.385129018913158,9.773557117974807,9.51544125087884,50.10139034571552,6.565881108811268,2.7091190039764825,0.2195796372796869,10.262347282834622,12.589285714285715,1.6,10.050368352771097,4.810659186535765
ODP0185-0801C-015R-007/096-099,2.4062561526822512,2.1013520081626655,7.403137288431209,5.289779714203421,8.628617152327852,9.9350821258408,9.3254754233242,5.038290418182637,12.036590120909004,12.27442225922389,11.269175889598296,11.422816030222267,50.170947622269516,6.788313150039323,2.8412593899478216,0.24057303212086387,10.435770267048444,15.000000000000002,3.211764705882353,10.557497031121931,7.208976157082748
ODP0185-0801C-016R-002/027-031,1.280698207428544,1.6146159191051697,4.461193997114623,5.371275794870734,7.120328170449559,8.332747365240213,10.667434810342204,6.3026541226933155,9.843579827923612,10.59851024316334,9.771330102771872,9.613152287667724,50.01637507927914,7.060541846861446,2.993406370400618,0.24368350023629212,10.074579264331781,15.178571428571429,2.3999999999999995,9.312726638806247,4.333800841514726
ODP0185-0801C-016R-002/082-086,1.1521016649564888,1.6618599188430314,6.116542473907038,3.397999405193693,8.405042888677826,10.179817576796708,7.6302827867876974,4.444335106632087,12.82330735628555,12.441306426541791,10.894795940222695,11.35849891446456,50.04306405378483,6.26397265170986,2.9196103340672916,0.28567685374675794,9.873292067981707,16.875,2.952941176470588,13.047037815753306,6.451612903225806
ODP0185-0801C-016R-005/062-065,3.014537718496589,1.9858505762152152,4.082802754512537,6.971627626855556,6.167328627181975,7.2745455370370395,9.287511031671045,8.025676165558629,7.374619877223056,6.38811133582542,6.316336460074125,6.318312827521176,50.23622737489643,7.658177957299086,2.73854310530514,0.16272905728415243,11.183268505830405,9.732142857142858,1.9764705882352942,6.039441533087219,4.081346423562413
ODP0185-0801C-018R-001/064-069,0.6695630173026103,1.4650426899008806,4.25796573761226,2.3360997159148122,7.657361036186502,9.317215392285622,7.292342327169448,4.401768175454937,12.062224077052255,11.840937501342786,10.288340828384008,10.319609053001926,50.18559614173703,6.519701222018031,2.807444459905654,0.24921515035483896,10.287485174913705,14.821428571428573,2.2823529411764705,11.202933530841177,6.185133239831697
ODP0185-0801C-021R-002/086-089,1.2656360720183089,1.4739182544683218,4.299972287341343,3.683805390492746,5.579663527465712,6.993244226541221,7.490933642159929,4.89145013030853,8.338712189909911,8.618914490443371,7.923153546038753,7.878158081325431,50.287114149393744,7.2902908463368705,2.7245834816511234,0.18016894906678899,10.877630578077532,10.535714285714286,1.9058823529411764,8.114058853613363,4.3758765778401125
ODP0185-0801C-023R-003/080-084,1.6942276832424272,1.878802235234533,5.566203085632984,4.638226733284892,8.022896861378864,9.47145353023342,8.481187531275818,5.020560921176694,12.022033576005539,11.750839711443334,10.849457631166375,11.03530855812903,50.2238923015691,6.838988224245239,2.838642027740519,0.2511342126351588,10.366233908510416,15.178571428571429,2.88235294117647,10.465291816876325,6.213183730715287
ODP0185-0801C-024R-001/046-049,2.3145882830964375,2.1729047652881097,6.026139208935011,5.878522354285294,7.44570446408455,8.650308960341333,8.511806182403527,6.081124312172094,10.323444166052933,10.32217866795404,9.967004615343273,9.989797419725416,50.495520731411354,7.058257844603103,2.8162019675758296,0.22005197563413953,10.675942104647845,13.392857142857144,2.952941176470588,9.266624031683442,5.722300140252455
ODP0185-0801C-025R-001/010-013,1.346688269311542,1.5160956645747525,4.427456762688969,4.385760918139053,6.187239334738156,7.750543792400283,7.111974601567868,4.853818785506649,9.586652899743811,9.699568651870788,9.101750772025923,9.08654024978782,50.000252969497296,7.051743365463809,2.7088839901067536,0.19249323275657465,10.88920021250181,12.232142857142858,2.188235294117647,9.266624031683442,4.53015427769986
ODP0185-0801C-027R-003/066-069,1.6781868151042094,1.60974203541093,5.216953246644862,4.211421504718941,5.566655086153364,6.832965197784275,6.928419773600734,5.372798967431993,8.310898911255027,8.338554397511539,7.778936887272209,7.963355918962949,50.30928672935731,7.333274920184982,2.755178750795477,0.18238738926911843,11.015559482579675,10.357142857142858,2.2941176470588234,8.114058853613363,4.642356241234222
ODP0185-0801C-028R-001/110-114,1.4911038835942443,1.5593519771951154,4.242275494827772,3.8047719417062287,5.19238224380741,6.595517440959047,6.133953005966124,5.345848705746533,7.399601987260082,7.803202883939665,6.95501165838477,6.903020508993805,50.405670454161104,7.609326475023358,2.6882178354392976,0.16206507535430464,11.019955470887378,8.910714285714286,1.9176470588235293,7.145904104034496,3.9971949509116413
ODP0185-0801C-028R-002/036-038,1.5641392842674684,1.7944847181895254,4.929082800944293,3.7398960054284918,5.760234138278933,7.216246260073788,7.022723361827637,5.1672501676564435,8.533354867118847,9.04103402265685,7.931468236196616,7.978343788389822,50.217445358048224,7.201924518793407,2.7299892987705885,0.17885454765362088,10.864862046855277,10.535714285714286,2.494117647058823,8.390674496350183,5.399719495091165
ODP0185-0801C-028R-002/100-104,1.0533830975405065,1.1765509128131133,3.3543268910977395,3.3284485951302827,5.2432783419324345,6.983858177892319,7.6739373704827045,5.616934665342666,8.082398422815674,7.8562527283697134,6.889755013622992,6.93072913633867,50.16401747733267,7.61280495976727,2.7958340948774443,0.1710246827155633,11.304532103585641,9.732142857142858,1.4470588235294117,7.238109318280102,3.94109396914446
ODP0185-0801C-029R-001/016-018,1.194861378503259,1.624928677504007,5.03112206120926,3.3205242285922854,7.6980740904332725,9.364333910427067,8.007321030116612,4.5231803101190895,12.022336347795498,11.98420375091384,10.80029011660475,10.840000089585837,50.267269185223256,6.609958596313414,2.8484154291732873,0.25239857301381124,10.39658328564041,15.089285714285715,2.6705882352941175,11.202933530841177,5.988779803646564
ODP0185-0801C-030R-001/003-007,1.1056097462254337,1.7464250264606045,5.073727026207275,3.234730091439531,7.698430127167916,9.337264532847131,7.216854399057327,4.622318773405123,11.852753457060338,11.762850197208811,10.618105059880389,10.801550875071191,50.32089903642389,6.665091869454079,2.8411923236548686,0.24373528889635937,10.368873624599434,14.464285714285715,2.6588235294117646,11.202933530841177,5.778401122019636
ODP0185-0801C-030R-001/111-114,1.1175066925725847,1.5685795957183168,4.657795612721298,3.3558395017459377,7.456183803456822,8.875878833731957,7.921013373309479,4.697925719501124,11.026418731807981,11.240578940668764,10.23718819937856,10.33539826624496,50.173639951785916,6.764733889878469,2.8097938611086195,0.22383080516565018,10.606382749616236,13.839285714285715,2.4470588235294115,10.37308660263072,5.3436185133239835
ODP0185-0801C-030R-005/039-042,0.7402343300599838,1.0724919907467771,3.187033511699733,3.237235330336219,5.362902671248562,7.017501973763536,7.841690285512767,5.435454309924391,8.221074879601211,8.244557161750095,7.1323200499774915,7.174329468816216,50.17464292797876,7.247896751251962,2.785925930653296,0.17686200285396278,11.286453474629257,10.0,1.3058823529411765,7.422519746771315,3.674614305750351
ODP0185-0801C-031R-004/043-045,1.286726361026753,1.6831066529036063,5.1285392390772495,3.4404692793080076,7.509951340633799,9.1097185895959,8.042643130424779,4.655945338556729,11.131978055482636,11.349460431625651,10.425367103776747,10.482864464691103,50.1880140199446,6.763344630129967,2.802495619136811,0.22168660313731772,10.611363002557395,14.017857142857144,2.541176470588235,10.37308660263072,5.483870967741936
ODP0185-0801C-031R-007/007-010,1.0511576815204733,1.4342016894303955,3.8456333067137494,3.60769662277569,6.362671625280034,7.883541215312325,8.124478963805679,4.6648155135483,9.689409623779694,10.446726157861937,9.471260449389815,9.59260724141111,50.0762432138701,6.750486580113917,2.711972759774642,0.20372802432651163,10.825559032221266,12.767857142857144,2.094117647058823,9.451034460174657,4.55820476858345
ODP0185-0801C-032R-001/121-127,0.9545304918054942,1.1129878370541813,2.895869059003521,3.7197522292329777,5.33801448535231,7.157730245404226,7.817250475572039,5.582813220958151,8.280541784401642,8.332282486638626,7.016704041888663,7.132531402720216,50.20722633501383,7.270297490607559,2.7982486448315154,0.16314798462874375,11.334777366788563,10.089285714285715,1.2235294117647058,7.330314532525709,3.730715287517532
ODP0185-0801C-034R-002/036-040,1.3577084905287518,1.7806046599051628,5.035190580524081,3.910965296784949,7.459993237890453,9.267591227683518,8.349748132157671,4.722680007486331,11.484761047220195,11.637619570396986,10.6119557929389,10.540470647196967,50.156648248915,6.761267779985816,2.804460377042095,0.22423210962978374,10.552803959840018,14.285714285714286,2.635294117647059,10.142573567016703,5.792426367461431
ODP0185-0801C-035R-003/100-104,1.7390287889073583,1.954908186157779,6.646357466656366,4.155311590524373,7.643247607855121,9.34863656086875,7.167559920382452,4.871176912701857,11.907661049552834,11.17264190724741,10.41767114708709,10.784908280522783,50.42078471554428,6.7574255609878495,2.8248492228923343,0.23860673169341845,10.447166281620067,13.839285714285715,3.0470588235294116,10.926317888104357,6.072931276297336
ODP0185-0801C-037R-004/106-110,1.923697904520419,1.9594793091358471,6.241084481924095,5.098248144127582,8.328940555362426,10.045913572449459,8.988005906324059,5.307913432480251,12.003045414615528,11.916834720126625,11.028746996747058,11.147768922746083,50.07094639083049,6.856466876494249,2.879736129697383,0.2491286843466943,10.29098886089875,15.446428571428573,3.011764705882353,10.511394423999128,6.633941093969145
ODP0185-0801C-037R-005/112-114,1.4020110383159496,1.6181845342100265,4.512648211172222,3.9434405391373324,5.804865540140076,7.29648127734938,7.087815371177534,4.632176287404997,8.78884464489201,9.460289124312304,8.676384998952399,8.790307318870264,50.24111194711512,7.212917695188653,2.7148962621764685,0.1743947753405326,10.800249663680953,10.982142857142858,2.2235294117647055,8.805597960455412,5.0070126227208975
ODP0185-0801C-038R-001/022-027,0.9048743416563786,1.5414138317497716,3.894967268111033,2.811713866236349,6.651160117899231,9.030280504107214,7.609360074406829,4.561931624265984,11.596640441950573,11.495147649510082,10.02342531263632,10.073345474351953,50.216845429837775,6.60701610214777,2.7784653266260784,0.22176798774710074,10.393330407904593,13.839285714285715,2.105882352941176,10.0964709598939,6.115007012622722
ODP0185-0801C-038R-003/053-059,0.5188060602407579,0.8388279108744687,1.633560282914473,2.4098405352866124,4.118946953936285,5.6796129939434294,3.9945791246999627,4.6807622202692825,10.221316184376512,11.136334866791069,8.780284214336868,8.934378810346514,49.837828955459244,7.365004967145993,2.495820267851616,0.2525223984364852,10.227116454878656,12.857142857142858,0.3411764705882353,10.142573567016703,4.9929873772791025
ODP0185-0801C-042R-002/034-038,1.5030199730609088,1.4159472944196805,4.335015596068431,4.424440997766996,5.599874729922092,6.990604317453053,7.383587327500854,5.555104643874719,8.204828875715501,8.4771654642626,7.754966780944544,7.800119050024312,50.266434771105665,7.443302719232924,2.7455501570408085,0.17808582918921842,10.959464280237947,10.446428571428573,1.964705882352941,7.929648425122151,4.095371669004208
ODP0185-0801C-043R-001/013-015,1.3704003046757227,1.7194912241646616,4.739485397923736,4.104000629479984,6.399090233653771,8.055361763155998,7.6834811392149875,4.810128759734971,9.702731983336092,10.045682656268854,9.426875648648508,9.71706653079787,50.06337145558984,6.785219036657652,2.7422353135198403,0.19426175622075784,10.916666131288252,12.589285714285715,2.3058823529411763,9.404931853051853,4.964936886395512
ODP0185-0801C-043R-002/101-104,1.228259241087504,1.2180454187938206,3.9772078576368557,4.195089344113497,5.456263571927939,6.971910575923499,7.395039908842284,5.091899399232578,8.391485515467322,8.550012032452408,7.86932791402777,7.888270341735441,50.244594241553216,7.442885445627606,2.729214112266968,0.18459297833706523,11.020286818960498,10.357142857142858,1.788235294117647,7.975751032244954,3.9270687237026647
ODP0185-0801C-043R-003/050-055,2.0192861810956284,1.456745853435479,3.31886815317014,4.592931661246609,4.399940279871819,5.759381331667575,6.290363239231135,5.564898461060164,6.572961766557753,6.910186472844326,6.1388537797695415,6.466515779409892,49.94671218292133,7.652887725260088,2.6835670388602733,0.14008885672007623,11.728580687261564,7.955357142857143,1.4588235294117646,6.177749354455629,3.099579242636746
ODP0185-0801C-046R-002/048-052,1.721422873204771,1.5849205720808388,4.500212276664344,4.412718508455778,5.889327317155444,7.282934444835981,8.266705991494346,4.878387082142634,8.724455022483784,9.006999543696615,8.085465683583607,8.134118923797594,50.211145904009065,7.285563455183177,2.739295149336264,0.1741674013826147,10.976728969331118,11.25,2.2235294117647055,8.298469282104577,4.866760168302946
ODP0185-0801C-050M-001/029-032,0.6317689300865085,1.7626203951649515,4.594669190355457,2.791685197444891,7.205779747521747,8.78513788401222,5.238354332554543,4.583146672277328,11.503300874663665,11.755285223745535,10.36857287703804,10.235564853452516,50.12815048885007,6.612483725824057,2.724091185871707,0.2058303578707841,10.30523388596288,12.321428571428573,2.2470588235294118,10.557497031121931,6.072931276297336
ODP0185-0801C-052M-001/047-049,1.5963516213874889,1.9723934371152003,6.20861777299308,4.382838519607219,7.223997241489693,8.749159981963748,6.569969565555546,5.075585924314179,10.953614182404854,11.229451332609592,10.304148499165553,10.665410250429955,50.18915781969931,6.751773402755398,2.7969069146236483,0.21394320363953223,10.689535839260282,12.946428571428573,2.7764705882352936,10.004265745648294,5.778401122019636
