SAMPLE ID,Rb,Ba,Th,U,K,La,Ce,Pb,Sr,Nd,Y,Yb,Lu,SiO2,MgO,Na2O,P2O5,CaO,Zr,Ti,Nb
ODP0129-0801B-043R-001/132-135,24.79914801999651,304.47384288310957,2.7800286143404462,1.4076729535577297,9810.166195116453,29.327869902893752,63.369928392769275,2.294957209933175,499.38781253670805,33.69469320169255,28.61282642324065,2.2188024993321847,0.30950486947224626,48.09902722442464,6.229395523914705,3.174793738408395,0.42144736944008676,9.669180122870404,235.0,14503.880200833886,40.7
ODP0129-0801B-038R-001/022-025,17.95977370045945,267.2495482774374,2.8541646327835943,0.9003355425498697,7491.061083594231,27.14313824468211,57.985215950361926,1.8863952658574275,489.83043582801685,29.758790192426595,21.799188183569534,1.7792409421919766,0.24851428720804386,46.347892399817724,8.924152195374745,2.3826927609708775,0.3875797473506149,11.136953239551453,194.0,16002.21493232499,36.0
ODP0129-0801B-040R-001/015-018,20.297323954305536,330.3075641152295,3.6066146930328222,0.8985183955464616,8598.93768844569,32.159306815098766,67.37224800802734,2.205942992977377,542.61766894672,32.325879191875565,23.442796720487134,2.086040538534649,0.2774158439451734,44.006699864375356,8.499803359740207,2.5708268753890913,0.5126544542002165,11.485415247885244,153.0,19778.018455682573,49.0
ODP0129-0801B-041R-001/020-025,26.76653973424902,396.5702503575261,3.45951205971623,1.323502821306104,10632.099045907873,49.35397866595104,90.97347756039058,2.252511434563746,614.5326207584598,45.654562245057186,32.17835061292682,2.298376887510126,0.3327397526840867,46.41530633857754,6.331895416736358,3.0595947335569957,0.6441651390273129,9.956926750295022,308.0,21336.28657643332,53.0
ODP0129-0801B-041R-001/026-031,24.946139924709748,383.9659821143609,3.7901622889838116,1.1123865554853531,10317.97757375177,39.37511056960549,75.5803093247561,2.2606600131758423,580.9988517743458,39.64910894985715,32.20292058389649,1.9000347002783402,0.28997759365322795,47.037381048988024,7.597448216410663,2.978046058139802,0.5770392709607212,9.69088187776747,272.0,19837.951844942218,48.00000000000001
ODP0129-0801B-041R-001/130-136,27.4179097663725,381.56407593301424,3.4968226339679225,1.1341970898359186,11517.645914376926,42.51926061186899,78.91400912615943,2.053718636702695,553.9757393857305,41.90531138110772,32.15188270668996,2.0343455589074266,0.2953551238424932,48.288857269973086,6.191571429067053,3.176125837889939,0.6224146803101452,9.200047710333086,285.0,19418.41812012471,49.0
ODP0129-0801B-042R-002/000-007,22.542859806117416,343.6352638492929,3.2669833004526865,1.1034478715584028,9886.322526937805,34.28105577192872,68.5565244734093,2.328693761916193,583.5810370769346,34.963065286264325,26.350566427178794,1.7639164791557025,0.2759999534048845,46.803121090762204,8.169836015827713,2.8312274059158176,0.5167257141917203,10.454978336553502,243.0,17320.749496037162,42.0
ODP0129-0801B-042R-002/129-134,21.014281350542497,319.14475238716267,3.0871338695974,1.1146661645313813,8288.998904667342,33.82673379669928,67.63150020859867,2.356529982294272,562.0219153943158,35.28664668173466,26.98375702635959,1.8400045447430882,0.2548566349928845,46.123334367358034,8.07720019022772,2.763269522008606,0.49524686083550434,10.773047395163625,233.0,17500.549663816095,41.0
ODP0129-0801B-043R-001/022-027,22.249386298726925,338.6552977961144,3.2853308246281685,1.0914312538909354,9789.888266461108,34.455142061198636,67.63494803550574,2.315118865791562,582.0368904550033,34.8706495922957,26.1269406478945,1.7406606856179607,0.2546148446729075,46.8429137459904,7.380981038979175,2.8480823537846853,0.5144516636031414,10.523287024799913,244.0,17620.416442335383,42.0
ODP0129-0801B-043R-001/128-134,20.958234324092246,304.90112746352065,2.7113159258331407,0.9755716042885075,8583.799161881763,27.383143589499554,56.16783210811972,1.7902372955085806,499.28956652908096,29.559315957479658,25.91570733327484,2.079088761542886,0.30387554665906813,48.077891685999006,8.017041503456078,2.9415847711439875,0.43130155352128235,10.583330837211554,208.0,14863.480536391751,37.0
ODP0129-0801B-043R-004/005-010,22.919883810092223,331.0152661917743,3.4468251838905823,1.048975837641859,10463.076328391302,36.056180092931896,68.9492113256515,2.0192742023016863,559.6936663205422,35.47215848638003,29.66334665156495,1.84573327987626,0.2679585550999263,47.03034733478493,8.304223514568841,2.881505789176164,0.5280055049761674,9.749819311097518,259.0,18459.4838919704,43.0
ODP0129-0801B-044R-001/018-024,22.332346059966536,310.6046918116429,3.5347697656642336,1.02029491163151,9617.590572969078,37.34319443861537,69.20473501533837,2.106090964976514,552.9755209997826,36.78212037670071,31.05742383487047,2.195216669474214,0.28209387992406354,46.93014872069946,6.920473371149926,2.8889642755982448,0.5396408459927099,9.66823329062916,264.0,19538.284898643993,43.0
ODP0129-0801B-044R-001/107-113,17.590397101948454,285.47758366440394,3.12998795869348,0.8558215067907262,7123.250113763626,32.622713601982376,68.10290885374984,1.803747883743828,598.5219538951741,35.80085317028145,25.023765717771028,1.771115000938952,0.27480007231132375,44.57697176593069,7.986690093065114,2.6383741086957824,0.4885719034266984,11.301944839195947,214.0,19538.284898643993,42.0
ODP0129-0801B-044R-002/027-032,22.32705527002512,324.6380480465402,3.5889836539657454,1.06169837168187,9411.092296197306,37.94768940384246,70.46282622972416,2.1911584230502985,546.3242220874719,38.53452461890007,29.536996927726616,2.0343473754782995,0.28088756588672414,46.90606333333835,8.385270250438353,2.8734944448307145,0.5185123621347715,10.096232897813909,254.0,19598.21828790364,44.0
ODP0129-0801B-044R-003/028-033,22.56070996865309,328.49270620653004,3.4327031582672634,1.0447906981912458,10308.273093024547,36.16992349515151,71.28682962909733,1.992147695063295,562.2526918006943,36.87328072470786,30.668653096155765,1.9160422992954407,0.2873901860275357,47.41883817591092,7.047320764109392,2.9438098546443356,0.5293415768248867,9.609138182777588,268.0,18938.951006047555,44.0
ODP0129-0801C-001R-001/014-020,21.169795588369293,306.83838988359344,2.8196999300089307,1.0188015926661436,8279.08938302673,30.08645176229564,58.61313657272315,1.9912126604082323,531.3364819152591,30.021279588142082,26.482478924304743,1.9467489919894743,0.275816868060279,47.371876159650625,6.721954695367684,3.0106120445686644,0.4659648793455571,10.741991798657635,221.0,16122.081710844279,38.0
ODP0129-0801C-001R-001/109-114,22.683271487689954,342.61846007427187,3.023975785186339,1.1182022567855765,10219.787475308693,32.69243216779584,68.43884720205398,2.2378195050681886,583.5765324308545,34.805097705126514,26.64251932927491,1.860459744787608,0.29231530988777255,47.0184960180797,7.070390510709643,2.9262317969063636,0.5365146144364733,10.363452078557463,242.0,16781.348992700365,41.0
ODP0129-0801C-001R-005/033-038,22.436212597884452,329.43295233291946,3.4385777658886583,1.0552018993411205,10181.180482467249,36.16992349515151,71.35852936086444,2.0064633929196476,557.9365388232571,37.085224871379545,30.802627204944137,1.8784768321447514,0.2848499957236419,47.42806980790197,7.22746962405295,2.9378511216194267,0.5424515886652356,9.609391613289642,267.0,18819.084227528267,44.0
ODP0129-0801C-002R-001/112-118,22.08444972010814,328.49270620653004,3.2006840304915,1.0383290041245172,10191.777310452677,35.98505120293,67.81862662407978,1.9593729510472941,558.4017376530684,34.543613677226105,31.032746546811694,2.0108477694713085,0.271459291375889,47.29279460828553,7.601885470335744,2.890922984599808,0.51281726851817,9.787206478980078,259.0,18399.550502710757,42.0
ODP0129-0801C-002R-003/114-119,22.06179843788301,301.0421829700787,3.1131078325503707,1.0219329960545656,9069.804189078086,36.82976206384318,64.40205353042596,2.083799516360452,553.8689978693017,34.44866003375737,30.69030253174124,2.148323715063174,0.26961362243778086,47.10540104112783,7.47869472221919,2.908499657648108,0.5224949557439907,9.978130928335267,255.00000000000003,18998.8843953072,41.0
ODP0129-0801C-002R-004/071-076,22.176146190524793,299.8627933405594,3.1731277254123804,1.0173447180832156,9429.346737445583,37.10620404887092,65.56734777325809,1.9525292430899877,556.801911990364,34.30189571320918,30.521628755168702,2.0358430467588593,0.2650863052534114,47.240442800670834,7.123707645343921,2.9025335651931803,0.5204582492017726,9.74441683923655,257.0,18879.01761678791,41.0
ODP0129-0801C-005R-001/103-105,0.5248620658430049,9.943597987447658,0.15349228439029217,0.056248951544707534,509.7082454308166,2.5288950546104174,7.368755052638827,0.41728208748188556,91.11962201049604,7.19543208641588,30.08271810439486,3.0113923920466235,0.449685251539975,50.10745356589411,7.6595718580140195,2.3325340870336593,0.10094873486644605,11.534484475427002,70.0,7371.8068789362305,1.9999999999999998
ODP0129-0801C-005R-002/087-089,0.5627664883623503,10.433195993124903,0.13901378946528833,0.0662654837557789,455.5189796357976,2.241311634113374,6.9063708321352255,0.28220475735780226,79.01429201660777,6.785466437388708,30.41269060752302,2.9837254137260913,0.4307270460997806,50.15791378977278,7.863106929460309,2.1911221297929844,0.09322470250880951,11.718758073477437,66.0,7192.006711157299,1.9999999999999998
ODP0129-0801C-005R-003/038-043,1.6145090805838194,40.03010543611365,0.30055648527139606,0.11780052487576281,916.0367222471749,3.508821023873004,10.204848277527235,0.41055721916713134,112.82754311558668,7.358177226523348,25.332964362361565,2.5285126636319837,0.3831588921310953,49.51306605543436,8.007181574771248,2.2104050541777243,0.11443654197273624,11.263296007914905,69.0,6892.339764859078,3.9999999999999996
ODP0129-0801C-005R-003/125-131,1.3517545572986867,6.137943357046382,0.06102153000697418,0.0730979762969875,1063.458298802559,2.2264648669452654,7.469583511084863,0.724538041077586,124.1157730847927,6.945286866254583,25.500348014080288,2.658454660788654,0.4031753577737752,50.37472126423803,7.51476914758409,2.544177751655486,0.09967163265780789,10.282261383600547,67.0,6173.139093743349,0.7
ODP0129-0801C-006R-002/029-034,1.3338907519215943,38.036218784786556,0.34540156246047243,0.11952351070255049,720.0369802295808,3.1856564120172446,9.249178709011483,0.365742439676905,107.02129148526062,6.62006166191781,21.90109247728398,2.1131495079618077,0.32476140499280354,49.9105689922119,8.127174099920465,2.146647786455365,0.10122500607572801,10.958124821641658,54.99999999999999,5873.472147445129,3.0000000000000004
ODP0129-0801C-006R-002/119-124,1.4722071017002702,47.50314820452648,0.3073593603750009,0.12335977473352502,681.684641416732,3.763100850771343,10.637755152608824,0.40562588533569116,116.71948963989887,6.974226301486412,22.458951183642675,2.2319122291660887,0.34517498398089463,49.43972332688906,8.140000524738134,2.0107892628758224,0.105876526659339,10.417238931394023,60.0,5993.338925964416,3.0000000000000004
ODP0129-0801C-006R-003/037-042,1.0683481261914747,24.839615832241336,0.2455070972323871,0.07363373096975352,835.5215801848227,2.8941857376783853,6.74350961128538,0.2854966046169236,122.87540534585699,5.487817528391185,18.28210935525359,1.9115971898171862,0.28463271831232045,48.26099930828418,11.547302528088593,1.6711489138858804,0.06445927402665291,10.98609339240558,47.99999999999999,5873.472147445129,3.9999999999999996
ODP0129-0801C-007R-001/053-058,3.194259759181934,52.368525825673956,0.44755835264079846,0.21032552145164843,1965.054073951148,6.839268786934451,20.893589644405097,1.2308246085553491,148.44613688952634,13.71821591294449,37.97643025543438,3.39820860545643,0.47019993898187773,50.0672549758362,7.487470239983403,2.3613064281480898,0.1910389151828739,10.28812408713136,118.99999999999999,11567.144127111324,7.0
ODP0129-0801C-007R-001/099-105,3.5272019229741205,58.41950681924348,0.4517135601220443,0.22721699648947116,1935.8990572097161,6.8243444917788025,22.168513928985565,1.297547973055759,183.75128750410886,13.937260901347802,26.953902013656847,2.812925008996453,0.31461156297471293,49.860919922668764,9.589113396679258,2.027451034905579,0.19393443971225685,9.974990743915791,120.0,11746.944294890258,7.999999999999999
ODP0129-0801C-007R-003/000-005,3.225046641847575,51.88623024362582,0.45342640511852916,0.2087376158305199,2039.456819853533,7.16119048533445,20.972801889467853,1.243872723929551,166.6451631208447,13.902880343215353,37.563736253231525,3.3888027918342054,0.47122777692222156,50.0928725325645,7.47694298735152,2.3345738684857187,0.19535420010214372,10.372006471947408,118.99999999999999,11806.8776841499,7.0
ODP0129-0801C-007R-004/077-083,3.1902485207199427,63.47098763597582,0.4708487915610355,0.22266576817688705,2013.7282464870134,7.268694534526794,22.435826114628103,1.2869076671032371,194.85445154907418,14.177648132940043,25.92448016346905,2.819255802021588,0.3132987363874152,49.93963629690271,9.568714407588127,2.0299789852500876,0.1974349028070348,10.08973612794896,120.0,12046.611241188475,7.999999999999999
ODP0129-0801C-007R-004/137-142,3.0223385417113557,55.22352325720761,0.4487812723601687,0.20621563697916936,2044.1200497199804,6.729681403133296,21.393144179323702,1.2114201825449833,160.99431371118538,13.131774838321789,33.52838738293694,3.308755586102703,0.4359778789972701,50.0357348211278,7.700610898229724,2.2116706628870557,0.18568438216295927,10.185177673798922,116.0,11447.277348592035,7.0
ODP0129-0801C-008R-001/065-067,3.048842659537065,42.21633066947876,0.41185190005957156,0.14745742025345532,2153.659901716702,7.386036022426367,18.00542352018982,0.912093231759032,184.76482118233318,14.270999941030833,37.41302728758622,3.8543082945768803,0.551776141453135,50.01558160098771,7.149406102944362,2.608034706369384,0.24763335626720848,10.029245164814943,112.0,13125.41224786207,6.000000000000001
ODP0129-0801C-008R-001/101-106,3.022346061401028,56.24466713260078,0.4487812723601687,0.2050877513903148,1991.8639011852792,6.526157925712043,21.314660633195885,1.209134423684681,162.10645577671397,13.131774838321789,34.021258130806196,3.3012531185321645,0.4358890544955627,50.015887545937915,7.7286390849304825,2.1242998947201936,0.18411426290505523,10.182445822668733,116.0,11387.343959332391,7.0
ODP0129-0801C-008R-002/078-080,2.9662946619434645,56.9566529298901,0.46117521286088997,0.1995597977729803,1978.4803206777578,6.864979854769836,21.363512269583044,1.1137350830115915,189.17650227826485,13.12021084960646,29.723905712826618,3.0335383202118003,0.3931816071029695,49.935787858185684,8.499789922815777,2.0383467087530645,0.17893848272859506,10.097989492711198,113.0,11327.410570072747,7.0
ODP0129-0801C-008R-002/133-139,2.6082655282924527,37.22847209909561,0.45730578795665694,0.20799255550172993,2047.6572058811464,6.279712175943506,17.07663494308396,1.3449132050033201,139.87666643210326,13.081791435231342,37.655857513101765,3.4161721871093147,0.5074745973696477,49.85597637795757,7.3836948199951475,2.641210489701671,0.18292139229979154,10.280771582731141,116.0,11447.277348592035,6.000000000000001
ODP0129-0801C-009R-005/020-024,2.1314670818155634,36.452553339479486,0.43154689957495784,0.16476008414152804,1337.2804025850915,5.687911930602606,13.117061904737302,0.835495025495188,121.91085689249256,11.79228936904298,34.218853306740954,3.413990625608832,0.493903178703765,49.912589367068705,7.705763533883864,2.4940284183452226,0.15938344201689678,10.459024647981579,95.0,10248.609563399152,5.0
ODP0129-0801C-010R-001/055-060,2.7474317675070856,51.73367389474679,0.46595582701518373,0.18646483069468703,1502.944988961141,5.894587752764538,16.51428074037047,0.9295306981142788,180.15610326851595,11.769837727509785,21.183431343142917,2.5349777700339193,0.3659439385447932,48.92404322614848,10.380208227067468,1.9860896046452314,0.15610617841425636,9.119048210815212,97.0,9709.209060062354,7.0
ODP0129-0801C-010R-006/067-070,2.3873713917997033,39.81341377935888,0.4621854419296498,0.1938872706541233,1716.8280446913486,6.7760234368243095,17.37986696127901,1.193608380949467,149.81168281811264,12.774050654381595,32.681798794871455,3.1957276396190832,0.45321393141405614,49.74842720972445,8.017308593928078,2.4262125216606596,0.17192007750152347,9.649523158481976,101.00000000000001,10668.14328821666,6.000000000000001
ODP0129-0801C-011R-002/121-126,4.4559649809873925,69.69820411124368,0.42233995767653165,0.2452429295052252,1660.540672119784,6.987293265223824,23.910120329761252,1.2179139712460287,137.433666570962,16.83503449278821,38.60574081399898,3.8037894498686815,0.43186260448190306,50.024451399052055,7.996261124449682,2.3989802188768743,0.21279807434934275,10.321813877887399,141.0,13125.41224786207,9.0
ODP0129-0801C-011R-003/121-126,3.0901994809099436,52.41874247712773,0.45300593976556675,0.2089569644469345,2010.3967846029152,6.928404257354969,20.905973075720325,1.2193608094725745,147.56585128405547,13.961811965436112,38.13911041830291,3.4200051622688257,0.4889628825375058,50.07640252509749,7.170229450664768,2.3789865600135323,0.19712343097091214,10.29262816816504,122.0,11687.01090563061,7.0
ODP0129-0801C-011R-003/131-136,3.3280584133358664,58.78742414258374,0.45049457259713704,0.2184454604741815,2235.682819630588,7.515419144782403,21.351897319977258,1.022143997424931,172.08634098879327,15.511620526422918,40.11597657466875,3.6341535128589215,0.518411921286236,50.05332144845159,6.811908554987473,2.5708614005196817,0.2120211069262219,10.444686578156974,125.99999999999999,12645.945133784915,7.0
ODP0129-0801C-012R-003/032-037,3.760748330112852,48.82485360310213,0.39690223536335584,0.19873555144643762,1741.939533794409,6.9136486212218555,20.485971889286404,1.1256475890922457,126.46981192755558,16.701131650985637,47.34720576952141,4.732092141319129,0.7044281978427663,50.08843713489544,6.400486584688821,2.7714114730822526,0.22060018241766935,10.29811083059504,143.0,13784.679529718156,7.0
ODP0129-0801C-012R-003/057-062,3.7572716447598205,48.5226479232017,0.3845722273272917,0.19873555144643762,1779.1975550425518,6.883540942520002,20.411118403286746,1.1389567166380126,126.22593530421895,16.747351718627815,47.37733344185692,4.800059869310057,0.7049868794244851,50.08906731971301,6.400486584688821,2.7598582781751717,0.22031507622605895,10.296029218695116,144.0,13724.74614045851,7.0
ODP0185-0801C-015R-007/031-034,0.5523418553371924,13.673711128184465,0.17463646125230348,0.06303456636040125,1211.542506929161,4.16485055414401,11.555123056635773,0.33459577893376674,98.99268837820424,10.819084951811838,32.96021972544723,3.6015095947956817,0.6239526197836472,50.388412495366794,7.102110255122771,2.749811591560641,0.20625628686647574,10.340867258894802,85.1,15283.014261209259,3.91
ODP0185-0801C-034R-001/093-096,0.773848498967653,13.710613992319724,0.2192169569167738,0.12766296181582923,1073.1329224678109,5.875105010323153,17.34666957916474,0.5419025622642605,103.20459641591144,16.449972714886478,55.82709858623804,5.4164717737537,0.810865349480394,50.209639045453144,6.576476466343367,2.792071807840576,0.23347618849750354,10.291979056795494,164.0,14443.946811574242,4.51
ODP0185-0801C-040R-001/024-027,1.4354693143675634,13.748585501901434,0.17519195245319197,0.14220687040780103,1406.7634312116413,4.12655852186465,12.311177248223416,0.6650653218208482,135.88579832042043,11.029652181955552,35.62586637380563,3.5887359237515897,0.5516237895582975,50.18500360389429,7.472893779094751,2.8290620536260365,0.1619437098156718,11.167337096600335,104.0,9529.408892283422,2.78
ODP0185-0801C-044R-003/023-026,1.4484641793230928,15.501513777739964,0.20792797341238742,0.12469445717147612,1498.4236513342412,5.245594763452097,15.479912397003762,0.5248055874626801,121.34015237130114,14.649118764160761,44.02564662425734,4.310826208933082,0.661516673836687,50.1671134132405,6.879846499713974,2.777112549594545,0.207352887913894,10.792921622384979,132.0,12406.211576746342,3.78
ODP0129-0801B-037R-001/036-038,19.76641744736749,285.2759390941874,3.3456549686061874,0.8480704329559352,7791.1596627822955,26.11286680190494,62.58030517169987,2.0040997070204654,511.40664669259445,29.623310848491485,23.16811653402609,1.7657074651467657,0.24563402030303733,44.39793486230118,9.990755961182222,2.390506962804753,0.46454105684356556,11.635793175159645,169.0,16002.21493232499,40.5
ODP0129-0801B-041R-001/026-030,31.277281279090403,404.39482741580457,3.6089532579857946,1.4638291892941682,12672.848949315723,39.684147674961714,86.85546693008556,2.249919184626681,480.1210165008185,46.03466253852026,34.026640196389145,2.517744264081294,0.3357628101140532,48.187784020214,5.141219785405692,3.44750669604656,0.6532771614371644,8.713025181880573,310.0,18998.8843953072,53.7
ODP0129-0801B-041R-002/074-079,29.56004939943796,425.7439096890346,3.7870851180894056,1.211112381235308,11755.087593518549,38.69200126723907,84.40639339960104,2.2538157756538295,605.7645109866413,42.62175945957846,29.1521442862603,1.953544403511492,0.2739622865325306,47.5312150964786,7.057990343585854,3.169725022569851,0.611661088515813,9.212558471864794,282.0,18159.816945672177,53.2
ODP0129-0801B-043R-003/111-114,24.695337502908302,334.7490285681134,3.3945843534810014,1.0533236805552348,11320.497227518903,39.16884433245219,77.43777351147776,1.918855821231926,570.3260806807506,39.59646410810784,32.31923837096367,2.085571746166419,0.271943026791232,48.51916050943283,6.044182663957099,3.0013035937441384,0.5787933781190099,9.082660983408013,286.0,19837.951844942218,45.699999999999996
ODP0129-0801C-001R-005/033-035,29.86476089169824,378.5367931784646,3.489075255095189,1.3700089584532587,13338.807116666676,40.754379114169765,79.33152644364267,2.161973309354935,484.94482317438036,43.974521569918195,36.50181289514048,2.554003117972805,0.336012557223598,48.68321632103119,4.552799711641844,3.46558258266308,0.6424863795520926,8.24489240596345,310.0,18639.284059749334,49.7
ODP0129-0801C-002R-005/024-028,52.28288038442204,434.74433722624036,7.4476180603430455,2.4715615293248137,17014.600666049573,64.28078950159697,117.02514366446286,3.6746393901414187,416.43095285980473,53.45729617158284,41.23066104196387,3.4451126136948345,0.5340164403880149,51.71066732595096,2.925270473521269,4.085237656152468,0.5822044197764571,6.488942352572275,399.0,11866.811073409544,57.1
ODP0129-0801C-005R-001/095-098,1.2172111855065917,5.95572498358713,0.08496798320862663,0.06215753228526536,812.0507837135121,1.7527128720602712,6.4099017987255555,0.9095415061661883,130.01941334763927,6.629994300682542,24.670804144920314,2.537553953675891,0.3772997522682783,50.42805534212214,7.701461898787442,2.769061209596814,0.076171043382253,11.153835617720912,62.00000000000001,6472.806040041569,0.274
ODP0129-0801C-006R-003/042-045,0.6613640652103798,11.216117603475986,0.1588766758127202,0.05001339670773396,514.944843680695,2.200048065164072,6.8975278227539665,0.18550882274987857,79.95335718720301,6.309735179967436,27.41762134053486,2.7659763305596368,0.41595863715852033,50.04344816560374,8.219597214354927,2.014090968781973,0.08582729072007127,11.66838427987616,57.70000000000001,6832.406375599434,2.47
ODP0129-0801C-007R-003/043-048,0.8865871547723163,9.582237741650475,0.09476652542101838,0.04350496781022192,909.2430467066132,2.1123506678229305,8.538608957085884,1.1385061841149497,123.35158508986085,9.268460808053396,32.423447767775734,3.2308392806576203,0.48261810744554495,51.15719552825111,7.442168584989524,2.889543571847623,0.16841664141927948,9.352042578736764,95.99999999999999,9169.808556725557,0.251
ODP0129-0801C-009R-004/001-004,1.2328641254029988,8.450623224862026,0.12131776194257689,0.06586409807267267,1002.0473286336595,3.2716676826220437,10.849134421279036,0.5960626028958376,115.50025782080088,9.80632719415585,33.68785123549865,3.370183368211506,0.5099631946809462,50.156348590173465,7.427124692956002,2.754217599466347,0.1560973509982548,11.07666101936531,99.10000000000001,8990.008388946624,2.11
ODP0129-0801C-011R-002/145-148,0.6811175353254376,10.556233420922647,0.13403334708502573,0.0769923201216531,763.0654951588291,4.092656465750188,12.270625444787354,0.5543993834217569,109.92341498521176,11.744782742429273,41.425863059480896,3.801020645635901,0.5604538621976062,49.98135299914353,7.4459850628048665,2.729526228024855,0.19803113840760983,11.108601950953615,111.0,10728.076677476307,2.5
ODP0129-0801C-012R-002/111-113,0.677366482176783,10.501360556230852,0.1443006485951805,0.09028170817699255,937.1805403754796,4.185814421379891,12.668553176678321,0.65210256821815,115.74660102549177,11.929678973552473,39.639950372913695,3.737294017911133,0.5448625911548786,50.037817288682895,7.4255377928673205,2.7334077370529126,0.16651887726090028,11.122800468673473,118.99999999999999,10608.209898957017,2.86
ODP0185-0801C-014R-001/086-088,1.6055331824300876,16.047107151798233,0.23677136890937445,0.15208107344895622,1375.214054671597,5.185637048677154,16.374753951367513,0.5868087829666859,117.66236877011686,14.863755992872797,47.7465247618273,4.474728740022509,0.7596715462989101,50.064611850591845,6.766982852320863,2.7941234263938464,0.2060313713223649,10.712973135652051,138.0,13005.545469342782,4.08
ODP0185-0801C-015R-002/117-120,0.7247400284315021,12.30289883123498,0.1643113066457374,0.10986829551388434,1022.4861612670246,5.122670997297024,15.504989923022718,0.5373699589904769,107.90457662431106,14.82462953794645,50.40579640870646,4.898303239783601,0.7714900406896168,50.011163800301304,6.733810973826783,2.7612257391118575,0.21245130409835702,10.850515241207384,141.0,13065.478858602426,3.43
ODP0185-0801C-015R-007/096-099,1.016732128893616,17.874761091083315,0.3297192918297919,0.11498258261991476,1392.3252870694885,6.4431088171751245,17.83886973425158,0.687020206718492,108.51167439816933,16.76904455293773,55.079937821811505,5.355945021379739,0.8020386868130792,50.22539324924524,6.527339637381125,2.7903317279017825,0.23377411404561557,10.45087720344174,168.0,13724.74614045851,5.14
ODP0185-0801C-016R-002/027-031,2.4865425843308593,14.668336137109508,0.32416423632991087,0.18229883380040435,2360.846586736117,5.659678211277821,15.548132922560853,1.1289340653129614,151.8727734316638,13.53205870399815,51.71704827488501,4.691910636494507,0.6948778774446505,50.370957552145796,6.5718521800682215,3.0717020593741426,0.22289336835003867,9.707260398105959,170.0,12106.544630448121,3.09
ODP0185-0801C-016R-002/082-086,0.5208614547200181,10.782047347596581,0.1878999394064269,0.1236616193277626,951.9991305843795,6.15334346854853,19.54126407522213,0.6347973464621519,109.13614004749974,17.83370814049601,58.59853313685202,5.520319865765782,0.8186548160145631,49.896216056459444,6.421784546886076,2.7921065691003792,0.2613233261607738,10.241504502734195,189.0,16961.149160479297,4.6
ODP0185-0801C-016R-005/062-065,4.436873225994957,21.292988130913642,0.43679517416789765,0.22288828549445577,3081.030602170363,5.75520399098737,15.378818492495142,1.7030794311404054,228.9924670982915,12.154855502957618,29.136222340624204,2.8293713962177507,0.4214879531408243,50.62896706223268,7.057385191551778,2.996229139288243,0.18798049814126902,10.429692103092988,109.0,7851.273993013385,2.91
ODP0185-0801C-018R-001/064-069,0.7590507658529458,13.112201001904362,0.21248181000851726,0.12224047789980719,1067.738032087198,5.845388665023925,16.986802683763898,0.5379116022807019,102.79651878410512,16.48357333353791,56.15246827277307,5.396136777002933,0.8151593169444759,50.26246547002548,6.5710330995237545,2.798915625789244,0.23330260421178023,10.291979056795494,166.0,14563.81359009353,4.41
ODP0185-0801C-021R-002/086-089,0.8747430721714685,11.413429357648193,0.16891603311417175,0.09214549671672592,1116.6290667870626,4.369494171443217,12.516786972535076,0.6343196169765403,115.26303543911627,12.085038712968919,38.95071183208211,3.687671358064563,0.5511050550222351,50.182550581158964,7.4268511115730105,2.7480369740111636,0.16314465595896963,11.112560174800509,118.0,10548.276509697373,3.12
ODP0185-0801C-023R-003/080-084,0.5810901358153804,12.780543414094574,0.19784294887601328,0.09933678894961472,1044.8899565379113,5.5612353797261695,17.520480003878955,0.5360250893732672,110.47466382828802,16.380802764361935,54.035002682315614,5.122950361051149,0.7907834347226124,50.22945249834267,6.632738533559657,2.8210028276009584,0.23521918862918845,10.205518661404493,170.0,13604.879361939224,4.43
ODP0185-0801C-024R-001/046-049,0.9754223983483893,12.909546548451582,0.18882224278250015,0.10080687669293892,1325.7175721485637,4.625699768555095,15.598793232244335,0.5606870823419517,109.77598644675989,13.999888236144988,45.098093739689546,4.4571764369871865,0.7308176371696987,50.25970261855046,7.030564911318901,2.7832622749509692,0.2053852160882126,10.82286872199902,150.0,12046.611241188475,4.08
ODP0185-0801C-025R-001/010-013,0.7715523669411857,11.050511623357925,0.15439933890100022,0.08630392541375632,1128.27775763334,4.366722791625645,13.836003694259846,0.5441429769146593,110.35326850526958,13.064447136488216,45.78324044977258,4.38291195149176,0.6688861939835765,50.07021293108244,6.890483322559724,2.7855247238255396,0.19294421484813193,10.915589964006639,137.0,12046.611241188475,3.23
ODP0185-0801C-027R-003/066-069,0.9134553152291451,14.057849694240748,0.19172315712496915,0.10289761931867282,1198.6837869559438,4.432896754123804,12.385806996158742,0.5491217042697009,115.88162346982175,11.856832017860407,37.64496081738568,3.7400759862613624,0.5582090222093122,50.22301533109876,7.452745163178856,2.741360738112531,0.16020543860090775,11.11017654230435,116.0,10548.276509697373,3.3100000000000005
ODP0185-0801C-028R-001/110-114,1.5749001822422306,14.957586194882719,0.1916209624141672,0.12853379929514838,1149.822693616152,3.90584291056642,11.965391519907033,0.5631623982444853,128.85252165531182,10.141412028574784,32.72356667826619,3.469086154898977,0.5058539755900172,50.15760439869243,7.528900940399717,2.79047609131193,0.15299565270811732,10.786361088088638,99.8,9289.675335244845,2.85
ODP0185-0801C-028R-002/036-038,0.6508941374781788,13.545374612568661,0.19740560350727834,0.09695633941251317,1124.273736831389,4.619705729233158,12.99212842771588,0.6151143830128644,111.10284010048586,12.175693419328896,40.48105706243162,3.8300103139178225,0.5706582509894266,50.20780789744194,7.462784429387528,2.7109511665841315,0.1666667605998276,11.009752703986212,118.0,10907.876845255238,3.85
ODP0185-0801C-028R-002/100-104,1.5786816509905144,11.546174544588014,0.16691916589657124,0.12191239909201129,1371.5093008538302,4.020839004804638,12.009730089179017,0.6459960375001763,138.04691360496227,10.663498214785509,34.029551442809336,3.363125787265925,0.5076484102479074,50.08179652792528,7.446702512265295,2.8384619421033874,0.15928252007331584,11.145083107516049,109.0,9409.542113764133,2.81
ODP0185-0801C-029R-001/016-018,0.7042180689524127,11.938865764675626,0.19376396013935085,0.10519921044102637,983.1812012866329,5.483530347486331,16.373872161790143,0.5102047101905653,101.3722189949783,16.40035947623289,56.3127009703092,5.399412154448795,0.8188984632212396,50.2507435709666,6.520095265407357,2.8039635381782007,0.23939612599122076,10.291979056795494,169.0,14563.81359009353,4.27
ODP0185-0801C-030R-001/003-007,0.8031406867370874,11.466577953584407,0.1951195119457857,0.11934303372620168,1048.5854037376046,5.467574119417836,16.645964786884246,0.5529128963030249,104.42576851713862,16.4075556003191,55.07533686555572,5.395858686183116,0.8096167437380378,50.2479994329644,6.577340421733742,2.7764431498197446,0.23441638404618406,10.38550870943455,162.0,14563.81359009353,4.12
ODP0185-0801C-030R-001/111-114,0.7751864213880223,11.657412605922508,0.18637812972872125,0.09490272943975742,1070.346056054041,5.012651341757459,16.03242856738998,0.5055745677173427,106.0654774584017,15.361736761048661,48.93582054941153,5.131512698478533,0.7710863212326577,50.15163081431285,6.655306667117042,2.8022845758687422,0.22137548305358867,10.733386034004306,155.0,13485.012583419935,3.81
ODP0185-0801C-030R-005/039-042,0.9010214456910082,10.255002190507339,0.13964352781931497,0.09630662847017672,1045.483708598278,3.7253131207694907,11.900337826313178,0.6719114902679042,128.62771420649855,10.73736647383348,38.19381221146856,3.5490463911090027,0.5440178688423369,49.9974786628084,7.4164008311117335,2.8510555705511558,0.1580771049001159,11.436736290023964,112.0,9649.27567080271,2.62
ODP0185-0801C-031R-004/043-045,0.8534761495134681,11.683879631064569,0.18767376650668463,0.10553222647936643,1075.4274807607085,4.9716851486441,16.082935542569327,0.5133955893989056,105.72994343227047,15.58118393918401,50.42067071546125,5.215582348246453,0.7765210011960043,50.14770492018485,6.655306667117042,2.797764470719982,0.2208201336767335,10.713666628247513,157.0,13485.012583419935,3.91
ODP0185-0801C-031R-007/007-010,0.7032162549101101,10.928992014960732,0.154589431007202,0.08143845537854931,1088.4903359271002,4.501734189693226,14.518060488230404,0.5908758550328896,104.69129039199821,13.668800246560354,47.0457478516441,4.524284308446509,0.7300807325341491,50.09469099393828,6.85220637890787,2.7742165688308025,0.20607714421801118,10.773264802218463,143.0,12286.344798227055,3.25
ODP0185-0801C-032R-001/121-127,1.505037796814711,11.03402056592993,0.1445011940180464,0.10002590923205441,1114.2539289922934,3.988414005198564,12.362568772845526,0.6912789423820698,133.51124266428556,10.770411178033344,38.069434905422995,3.553959722221511,0.5445416422152405,49.987810966101506,7.4164008311117335,2.8376211620497482,0.15576289971211435,11.388254183836205,113.0,9529.408892283422,2.66
ODP0185-0801C-034R-002/036-040,0.8402708181199383,11.518870275126485,0.20160426477725887,0.10670162307242882,1138.528535345095,5.144944231240496,16.15905751238689,0.4866094211920428,103.87294756776117,15.625697662483008,52.690276745782256,5.201692314450661,0.7842739473722762,50.18378788959093,6.664783624459555,2.7941778314261367,0.2253475590724232,10.66782185590301,160.0,13185.345637121713,4.13
ODP0185-0801C-035R-003/100-104,1.1111784499487125,14.693301377138692,0.22798556197444697,0.1311758462136611,1246.5190679366694,5.70567730742509,16.8617540547038,0.5172365183092127,109.5134550457326,16.441300022025267,49.33460237877501,5.208402537759392,0.790037593819338,50.2210932927377,6.568035737897846,2.773776218978539,0.2300513939490886,10.461026151929039,155.0,14204.213254535664,4.33
ODP0185-0801C-037R-004/106-110,0.8625612093678858,16.620331863380546,0.1950194320965714,0.10142516583945584,1129.4146934544854,6.142912199106129,18.208791707902638,0.584380773475181,112.36007674059323,16.71721910534788,53.53297430203289,5.217257211447884,0.7862013354652574,50.28382872738182,6.624442646162823,2.8855909909378856,0.24001413121356144,9.998900587497348,173.0,13664.812751198868,4.73
ODP0185-0801C-037R-005/112-114,0.9368068662371276,13.519823181170398,0.18925100866648867,0.11040384037051676,1284.6546816651614,4.466283040449642,13.181934838905146,0.5542646590379176,115.23171396329535,12.444267860382178,39.892058531122046,3.980904320110087,0.5998925773080293,50.2366724427065,7.20612912157068,2.722960889327868,0.17409181055126394,10.821248868593976,123.0,11447.277348592035,3.57
ODP0185-0801C-038R-001/022-027,0.8411996392269501,14.885095163812545,0.22240376611092677,0.11557076084013612,1219.3065874080276,5.4004640475307975,16.26284762578552,0.469403703766346,106.38191754242283,15.543330129063532,49.68152766506895,5.251561922871227,0.8043249578166303,50.092425902402155,6.690253370744944,2.789084226542908,0.22136252225796754,10.629387991476055,155.0,13125.41224786207,4.36
ODP0185-0801C-038R-003/053-059,0.7608612573288641,11.978927727779109,0.16151566035042084,0.10900213163161969,1065.600508016574,5.0035761090782565,15.814528234248314,0.5258352415732247,109.10864564323076,14.883357686575641,49.24452458255633,4.99078365264912,0.7745064930023934,50.042766336599264,6.76076254896752,2.772930135781553,0.2128825313422344,10.821844832750335,144.0,13185.345637121713,3.56
ODP0185-0801C-042R-002/034-038,1.2354795321893999,11.11490669786057,0.15770806546684532,0.09411448847955121,1110.5537227193115,4.403586517513646,12.505446247577975,0.7231549039354536,121.75958091779883,11.651347567023594,38.51723059935256,3.6810849494782767,0.5541202155431849,50.073494389669435,7.43278594292013,2.784401942118201,0.15785529317340066,11.325515784333021,117.00000000000001,10308.542952658796,2.92
ODP0185-0801C-043R-001/013-015,1.0326644493698587,11.725267362341622,0.1597652899504986,0.09241426776831514,1323.6044227375246,4.782365087446685,14.514707800791586,0.5531428677688295,110.66542026419427,13.789596071367734,46.64711460548659,4.526803125622068,0.7175228425060804,50.164096946258105,6.872477569564283,2.775728679021553,0.19841735493342613,10.896947894643295,141.0,12226.411408967408,3.54
ODP0185-0801C-043R-002/101-104,0.809571112900305,10.652065470576169,0.1535473221551635,0.09370317759520225,1023.0087106776411,4.20361976640568,12.523464409262631,0.6817057493262763,122.19007278425383,11.814090324787777,38.63611107798656,3.68863566467012,0.5449676821961029,50.08208689918649,7.4344886447602985,2.755597754134805,0.16602329050312165,11.248676167642127,116.0,10368.47634191844,2.8
ODP0185-0801C-043R-003/050-055,1.1373015720438924,11.404113947713148,0.13073128608741505,0.08354969649183229,990.6050516468059,3.0801815701300317,10.177257145357034,0.6236407326544835,121.63432667020243,8.938995358661156,30.629928730719236,2.9517703365248016,0.4644021132070171,50.12159751065613,7.538065458121455,2.7031381555794622,0.13020868863743298,11.519400173223902,89.1,8031.074160792317,2.21
ODP0185-0801C-046R-002/048-052,0.9553827135354254,12.842497383141522,0.17661773488177815,0.0895650188112226,1198.7565035186076,4.22872075875581,12.642875603956913,0.5340619475769126,106.97190433591537,11.959871469953706,40.05100672486713,3.7659823988044923,0.5655118136112632,50.06018758851858,7.289799886662265,2.7622396658527335,0.1668107714821623,11.059164177297362,125.99999999999999,10788.01006673595,3.47
ODP0185-0801C-050M-001/029-032,1.2480247585535968,16.329848202720356,0.2521109273345498,0.12051490356328934,1305.9335506285524,5.534437697396395,17.051495647870816,0.566283237687592,120.34952572566138,15.17209188695208,48.12696270899698,5.024984370226389,0.7826545246929493,50.07770979333154,6.698981811408718,2.8153116723448868,0.21095197778809074,10.463963358696988,138.0,13724.74614045851,4.33
ODP0185-0801C-052M-001/047-049,1.3096612882124303,15.245301257868727,0.2205248965006134,0.14380474204512175,1292.1602980067705,5.047183866288215,16.171666196572005,0.5610202309883214,111.18458867595193,14.953537151772707,50.2036667793545,5.003370927602439,0.7852730561894998,50.114169120753616,6.763234366222606,2.7696091897879698,0.20838044117923568,10.853466036128014,145.0,13005.545469342782,4.12
