Sample ID,Unnamed: 0,Top Depth (m),Bottom Depth (m),Depth,Sample Pair,Sample Pair ID,SiO2,TiO2,Al2O3,TFe2O3,MnO,MgO,CaO,Na2O,K2O,P2O5,LOI,TOTAL,FeO,Fe2O3,Ge,Coment,T Dep,B Dep,vesicles (%),Total Secondary mineral (%),Celadonite(%),Saponite (%),Fe-OX (%),Carbonate (%),Chalcedony (%),Zeolite (%),Quartz (%),DataBase,SAMPLE_INFO
329-U1365E-2R-1-W 36/40,0.0,71.36,71.4,71.38,A1,P1(F1),50.39,1.48,15.82,7.99,0.17,7.33,12.337055476529162,2.92,0.22,0.136125,1.2782105052924495,100.0713909818216,3.211274902439025,4.42191677506775,4.50188994941297,,71.36,71.4,<0.1,3.1,<<0.1,2.9,0.2,<<0.1,,,,South_Pacific,Seafloor altered basalt
329-U1365E-2R-1-W 65/69,1.0,71.65,71.69,71.67,F1,,49.5,1.45,15.32,10.22,0.14,7.43,12.316714082503555,2.73,0.07,0.14025,0.6997201119551852,100.01668419445872,6.089340595015576,3.454066005538249,5.648500548716879,,71.65,71.69,0.1,3.4,,3.2,<0.1,<0.1,0.1,,,South_Pacific,Seafloor altered basalt
329-U1365E-3R-1-W 130/134,2.0,82.1,82.14,82.12, ,,49.25,1.41,14.91,10.61,0.16,7.95,12.092958748221909,2.7,0.1,0.136125,0.7593924860111961,100.0784762342331,6.482255123443983,3.4074943072844626,5.701005482672119,,82.1,82.14,<<0.1,2.0,,2.0,,,,,,South_Pacific,Seafloor altered basalt
329-U1365E-3R-2-W 20/22,3.0,82.39,82.41,82.4,F2,,49.73,1.42,15.33,9.5,0.14,7.29,12.306543385490754,2.79,0.13,0.136125,0.8598280343930712,99.63249641988384,4.881025685242518,4.076638127508313,5.141660308376196,,82.39,82.41,<0.1,9.0,,5.0,4,,,,,South_Pacific,Seafloor altered basalt
329-U1365E-3R-2-W 22/24,4.0,82.41,82.43,82.42,A2,P2(F2),49.48,1.46,15.07,10.25,0.14,7.08,12.143812233285916,2.81,0.33,0.14025,1.179292424545365,100.08335465783126,3.6012169754170325,6.248647805092187,5.720585849476023,,82.41,82.43,<0.1,3.4,,3.4,,<<0.1,,,,South_Pacific,Seafloor altered basalt
329-U1365E-3R-2-W 52/56,5.0,82.71,82.75,82.72999999999999,,,48.83,1.2,17.45,8.78,0.12,6.68,12.042105263157897,2.65,0.47,0.103125,1.838896662002951,100.16412692516086,2.7795460788824977,5.691615467908335,5.0633924061711895,,82.71,82.75,0.6,14.0,,5.0,6,3,,,,South_Pacific,Seafloor altered basalt
329-U1365E-3R-3-W 33/37,6.0,83.54,83.58,83.56,,,46.35,1.1,17.19,8.84,0.13,10.78,10.201209103840682,2.2,0.08,0.094875,3.236116660008077,100.20220076384877,5.310060567735262,2.9399327025163746,5.1554941497309335,,83.54,83.58,1.2,7.0,1.5,4.0,2,,,2.0,,South_Pacific,Seafloor altered basalt
329-U1365E-3R-3-W 112/116,7.0,84.33,84.37,84.35,,,47.989,1.12,17.32,8.81,0.13,7.93,11.899715504978662,2.53,0.07,0.094875,1.6400000000000858,99.53359050497876,5.043008154958677,3.20665760560147,4.997893792733548,,84.33,84.37,0.7,4.5,0.6,2.6,0.7,0.2,0.3,,,South_Pacific,Seafloor altered basalt
329-U1365E-3R-4-W 66/68,8.0,85.06,85.08,85.07,F3,,48.863,1.17,18.211,8.42,0.12,6.72,12.581152204836414,2.5,0.07,0.0989999999999999,0.9388733519775676,99.69302555681398,4.793503543455497,3.093884951716115,4.813704156132439,,85.06,85.08,0.4,4.0,<0.1,2.5,1.5,,,,,South_Pacific,Seafloor altered basalt
329-U1365E-3R-4-W 68/70,9.0,85.08,85.1,85.09,A3,P3(F3),48.24,1.2,17.18,9.32,0.15,7.09,12.0624466571835,2.57,0.23,0.103125,1.7400000000000304,99.88557165718352,3.184071863232682,5.782142374185909,5.251263559115597,,,,,,,,,,,,,South_Pacific,Seafloor altered basalt
329-U1365E-4R-1-W 22/24,10.0,85.72,85.74,85.72999999999999,F4,,50.15,1.44,16.42,7.57,0.13,6.66,12.215007112375533,2.96,0.39,0.127875,1.918848690785495,99.981730803161,3.217553054740958,3.994941050287825,4.35669596121095,,85.72,85.74,0.3,7.0,,4.0,3,,,,,South_Pacific,Seafloor altered basalt
329-U1365E-4R-1-W 24/25,11.0,85.74,85.75,85.745,A4,P4(F4),49.18,1.4,16.07,9.99,0.13,6.25,11.594594594594597,2.9,0.49,0.12375,1.6586730615507983,99.7870176561454,3.0218920235772355,6.632342196025294,5.660600688750537,,,,,,,,,,,,,South_Pacific,Seafloor altered basalt
329-U1365E-4R-1-W 37/40,12.0,85.87,85.9,85.885,,,47.33,1.35,15.01,11.46,0.25,7.12,11.950568990042674,2.69,0.36,0.119625,2.218668798720923,99.8588627887636,3.2984111558654625,7.795098715705043,6.428104818688234,,85.87,85.9,2,4.0,0.1,3.0,1,0.1,,,,South_Pacific,Seafloor altered basalt
329-U1365E-4R-2-W 88/92,13.0,87.75,87.79,87.77000000000001,F5,,48.87,1.37,15.37,10.46,0.17,8.23,11.950568990042674,2.62,0.08,0.119625,0.7389654483723305,99.979159438415,6.53309939197531,3.20100067558299,5.634155823480052,,87.75,87.79,<<0.1,2.4,,2.4,,,,,,South_Pacific,Seafloor altered basalt
329-U1365E-4R-2-W 137/142,14.0,88.24,88.29,88.265,A5,P5(F5),46.34,1.35,14.85,12.54,0.12,6.65,11.147083926031296,2.61,0.82,0.12375,2.9970029970029333,99.54783692303424,3.026813671824104,9.176873697973218,6.392831973550355,,,,,,,,,,,,,South_Pacific,Seafloor altered basalt
329-U1365E-4R-3-W 10/13,15.0,88.4,88.43,88.415,,,47.44,1.42,15.56,11.5,0.16,6.2,11.35049786628734,2.63,1.1,0.103125,2.459016393442574,99.9226392597299,3.0948602739383846,8.061266362290684,6.589194793388431,,88.4,88.43,0.2,17.0,,10.0,6,1,,,,South_Pacific,Seafloor altered basalt
329-U1365E-5R-1-W 8/12,16.0,90.58,90.62,90.6,A6,P6(F6),49.39,1.46,15.59,8.5,0.13,7.46,11.187766714082503,2.73,0.94,0.136125,2.259548090381808,99.78343980446432,3.531172019157089,4.5764755342699015,4.96935900045544,,90.58,90.62,0.5,4.0,,4.0,,,,,,South_Pacific,Seafloor altered basalt
329-U1365E-5R-2-W 89/93,17.0,92.02,92.06,92.04,F6,,48.98,1.4,14.68,11.04,0.18,7.85,12.001422475106686,2.48,0.11,0.127875,0.7391130643228643,99.58841053942956,7.238660863027805,2.99704348552466,6.11056669117086,,92.02,92.06,0.2,5.0,,5.0,,,,,,South_Pacific,Seafloor altered basalt
329-U1365E-5R-3-W 29/33,18.0,92.77,92.81,92.79,,,49.46,1.54,16.09,9.44,0.13,7.71,10.750426742532008,2.99,0.09,0.14025,1.4188649080736069,99.7595416506056,5.026815662827226,3.854649263525304,5.470449944371474,,92.77,92.81,,8.0,,6.0,2,,,,,South_Pacific,Seafloor altered basalt
329-U1365E-5R-4-W 53/57,19.0,94.34,94.38,94.36,,,47.34,1.48,15.22,11.52,0.18,6.44,10.221550497866287,2.42,1.78,0.111375,2.918832467013317,99.6317579648796,3.62828225,7.488575277777778,6.480899917317188,,94.34,94.38,0.1,10.0,,7.0,3,0.1,,,,South_Pacific,Seafloor altered basalt
329-U1365E-5R-4-W 86/90,20.0,94.67,94.71,94.69,,,48.29,1.06,16.06,9.3,0.16,8.26,11.025035561877669,2.28,0.99,0.086625,2.4770275669197783,99.98868812879743,3.609849089315527,5.289056567427194,5.29861042699341,,94.67,94.71,<<0.1,16.5,0.5,5.0,9,2,,,,South_Pacific,Seafloor altered basalt
329-U1365E-5R-4-W 144/149,21.0,95.25,95.3,95.275,,,48.7,1.02,15.49,9.49,0.15,8.96,12.02176386913229,2.34,0.07,0.086625,1.6793282686925155,100.0077171378248,5.903731806355512,2.9302979929383204,5.1708058370442,,95.25,95.3,0.5,5.0,0.5,4.1,,0.4,,,,South_Pacific,Seafloor altered basalt
329-U1365E-6R-1-W 8/12,22.0,95.28,95.32,95.3,,,48.23,1.24,18.75,10.09,0.17,3.39,11.177596017069702,2.76,1.63,0.10725,2.038369304556397,99.5832153216261,2.285139802672956,7.550955774807827,5.643834029642505,,95.28,95.32,1.5,9.0,,5.0,2.5,1.5,,,,South_Pacific,Seafloor altered basalt
329-U1365E-6R-1-W 26/30,23.0,95.46,95.5,95.48,,,47.981,1.0,15.325,9.62,0.16,9.51,11.859032716927452,2.21,0.08,0.0825,1.7974835230677733,99.62501623999522,6.179715457627119,2.7536494915254224,5.111114469103126,,95.46,95.5,4,4.5,0.5,3.8,,0.2,,,,South_Pacific,Seafloor altered basalt
329-U1365E-6R-2-W 19/23,24.0,96.77,96.81,96.79,,,48.077,0.96,15.881,8.541,0.15,7.98,13.364295874822192,2.43,0.12,0.07425,2.0983213429255616,99.67586721774778,4.976535662944162,3.0115159300620427,4.7021133776775645,,96.77,96.81,0.1,16.0,0.5,6.0,3,6.5,,,,South_Pacific,Seafloor altered basalt
329-U1365E-6R-2-W 99/103,25.0,97.57,97.61,97.59,,,48.764,1.0,15.65,9.63,0.15,9.05,12.5099573257468,2.23,0.05,0.0825,0.4994007191371136,99.61585804488392,6.331210014300306,2.5953222063329937,5.157241309660175,,97.57,97.61,,6.0,,3.0,3,,,,,South_Pacific,Seafloor altered basalt
329-U1365E-6R-4-W 8/10,26.0,99.03,99.05,99.04,A7,P7(F7),45.292,1.0,14.988,11.21,0.13,6.99,13.150711237553342,2.13,0.88,0.07425,3.976818545164008,99.82177978271734,3.447419588484337,7.37953379057296,5.907848555770471,,,,,,,,,,,,,South_Pacific,Seafloor altered basalt
329-U1365E-6R-4-W 10/12,27.0,99.05,99.07,99.06,F7,,49.69,1.09,16.43,7.45,0.15,8.33,12.408250355618776,2.54,0.17,0.09075,1.38,99.7290003556188,4.114117993782383,2.878757784686241,4.170494933041398,,,,,,,,,,,,,South_Pacific,Seafloor altered basalt
329-U1365E-6R-4-W 19/23,28.0,99.14,99.18,99.16,A8,P8(F8),46.023,0.87,16.457,7.9,0.13,8.78,9.041749644381223,1.48,2.61,0.078375,6.656006396162413,100.02613104054365,2.830897234106962,4.7545586287700425,4.668584144886862,,99.14,99.18,0.2,29.0,,20.0,5,4,,,,South_Pacific,Seafloor altered basalt
329-U1365E-7R-1-W 41/45,29.0,100.61,100.65,100.63,F8,,47.648,0.87,18.437,8.36,0.13,8.5,12.479445234708392,2.14,0.05,0.070125,0.999200639488388,99.68377087419678,5.317877067846608,2.4512477023926573,4.609902835601017,,100.61,100.65,,3.0,,3.0,,,,,,South_Pacific,Seafloor altered basalt
329-U1365E-7R-2-W 131/135,30.0,102.3,102.34,102.32,,,44.83,0.82,17.94,10.03,0.1,6.84,11.960739687055476,2.0,0.93,0.070125,4.43733759744149,99.95820228449698,3.002871617250675,6.693475980832583,5.387975378376626,,,,,,,,,,,,,South_Pacific,Seafloor altered basalt
329-U1365E-7R-3-W 0/2,31.0,102.35,102.37,102.36,F9,,45.49,0.8,19.93,7.72,0.07,4.57,11.513229018492176,2.01,1.96,0.07425,5.817672930827783,99.95515194931995,2.0799056286672264,5.408993745925304,4.68698442517144,,102.35,102.37,<0.1,58.0,,34.0,14,10,,,0.2,South_Pacific,Seafloor altered basalt
329-U1365E-7R-3-W 2/4,32.0,102.37,102.39,102.38,A9,P9(F9),45.487,0.97,17.01,8.98,0.04,4.32,6.021052631578947,0.99,7.03,0.061875,9.454327403558024,100.364255035137,0.6046487761194029,8.308168026533997,5.053403487816327,,,,,,,,,,,,,South_Pacific,Seafloor altered basalt
329-U1365E-7R-4-W 0/4,33.0,103.8,103.84,103.82,F10,,47.3,0.74,19.9,7.4,0.12,8.21,12.743883357041252,2.0,0.05,0.061875,1.298182544437777,99.82394090147903,4.803108936831875,2.063212292409028,4.263668780962984,,103.8,103.84,<<0.1,2.0,0.1,1.9,,<<0.1,,,,South_Pacific,Seafloor altered basalt
329-U1365E-8R-1-W 41/47,35.0,105.41,105.465,105.4375,A11,P11(F11),48.132,1.02,18.449,8.88,0.07,4.01,6.193954480796586,1.51,5.9,0.045375,5.951667665268767,100.16199714606536,0.8849592524271845,7.896711941747574,5.1745626722633205,,105.41,105.465,0.3,70.0,3,35.0,25,7,,,0.5,South_Pacific,Seafloor altered basalt
329-U1365E-8R-2-W 49/53,36.0,106.39,106.43,106.41,F11,,47.51,0.88,17.71,8.71,0.14,9.14,12.052275960170698,2.18,0.06,0.070125,1.1988011988012444,99.65120215897196,5.85,2.210000000000001,4.847656293279873,,106.39,106.43,<0.1,4.5,,4.4,,0.1,,,,South_Pacific,Seafloor altered basalt
329-U1365E-8R-2-W 117/119,37.0,107.07,107.11,107.09,A12,P12(F12),43.9,0.74,18.3,7.61,0.12,6.43,14.828876244665718,2.04,0.49,0.066,5.460000000000065,99.98487624466578,3.016082219966159,4.258797533370935,4.172281445093148,,107.07,107.11,0.15,7.5,1.5,5.0,2,1,,,,South_Pacific,Seafloor altered basalt
329-U1365E-8R-2-W 119/121,38.0,107.07,107.11,107.09,F12,,48.71,0.86,19.66,7.08,0.12,6.59,13.191394025604554,2.28,0.05,0.066,1.4391365180891655,100.04653054369372,3.899810856321839,2.746876826309068,4.19005723251344,,,,,,,,,,,,,South_Pacific,Seafloor altered basalt
329-U1365E-8R-3-W 41/45,39.0,107.52,107.56,107.54,F13,,47.549,0.8,19.03,7.98,0.12,8.5,12.60149359886202,2.07,0.05,0.066,0.8787697223885591,99.64526332125055,5.246600439879759,2.1504439556891564,4.480498546894167,,107.52,107.56,0.1,4.0,0.2,3.8,,,,,,South_Pacific,Seafloor altered basalt
329-U1365E-8R-4-W 8/10,41.0,108.62,108.64,108.63,,,48.04,2.09,14.65,12.89,0.21,7.17,8.08570412517781,2.27,1.07,0.152625,3.380000000000116,100.00832912517792,6.327348957403649,5.859612269551501,7.145028281965088,,108.62,108.64,,80.0,,20.0,5,55,,,,South_Pacific,Seafloor altered basalt
329-U1365E-8R-4-W 84/88,42.0,109.38,109.42,109.4,,,51.04,1.95,14.58,10.52,0.2,6.89,10.608036984352774,2.92,0.3,0.1815,0.6398720255948106,99.8294090099476,5.423780473738414,4.493577251401762,5.988815822719001,,109.38,109.42,0.1,1.5,1,0.2,0.3,,,,,South_Pacific,Seafloor altered basalt
329-U1365E-9R-1-W 84/88,43.0,110.84,110.88,110.86,,,49.7632,1.81,13.722,13.062,0.2,6.653,11.1725106685633,2.657,0.09,0.169125,0.2198680791525286,99.51870374771585,8.050098447968287,4.1174461689241255,6.775808730911373,,110.84,110.88,<<0.1,3.0,,1.7,,1.3,,,,South_Pacific,Seafloor altered basalt
329-U1365E-9R-3-W 138/142,44.0,114.02,114.06,114.04,,,49.62,1.91,13.6,13.24,0.21,6.71,11.208108108108108,2.65,0.08,0.177375,0.1198801198800179,99.52536322798812,8.176626568807338,4.154859367991847,7.554332906793049,,114.02,114.06,<0.1,2.0,,1.4,0.3,0.3,,,,South_Pacific,Seafloor altered basalt
329-U1365E-10R-1-W 46/50,45.0,115.16,115.2,115.18,F14,,49.56,2.016,13.865,13.255,0.19,6.22,10.821621621621622,2.72,0.55,0.2351249999999999,0.12,99.5527466216216,8.54538778125,3.760124687500001,6.971382563859979,,115.16,115.2,,3.0,,2.5,0.5,,,,,South_Pacific,Seafloor altered basalt
329-U1365E-11R-1-W 75/78,46.0,116.45,116.48,116.465,A14,P14(F14),48.87,1.9,14.09,13.39,0.2,6.21,10.89281650071124,2.7,0.44,0.17325,0.6196282230661365,99.48569472377736,6.224835250988144,6.473516387790952,7.406549664384077,Not exisist in PetDB,116.45,116.48,0.1,6.0,0.3,3.1,2.4,,,,,South_Pacific,Seafloor altered basalt
329-U1365E-11R-1-W 100/104,47.0,116.7,116.74,116.72,,,49.43,1.9,14.01,13.01,0.21,6.54,11.116571834992888,2.68,0.35,0.177375,0.2397123451857506,99.66365918017864,6.9736158845771135,5.2615379060254295,7.11808039137306,,116.7,116.74,<<0.1,40.0,,25.0,15,,,,,South_Pacific,Seafloor altered basalt
329-U1365E-11R-2-W 0/2,48.0,117.07,117.09,117.08,F15,,49.97,1.98,14.71,11.6,0.17,6.22,10.638549075391182,2.81,0.64,0.185625,0.7993605115906395,99.7235345869818,5.324364365714286,5.684039593650794,6.283077143587122,,117.07,117.09,0.1,25.0,5,10.0,10,,,,,South_Pacific,Seafloor altered basalt
329-U1365E-11R-2-W 2/4,49.0,117.09,117.11,117.1,A15,P15(F15),46.47,1.81,13.23,16.61,0.19,5.55,10.648719772403982,2.54,0.84,0.177375,1.6177351707610668,99.68382994316504,5.40548913196481,10.603900964483543,8.784425363693167,,,,,,,,,,,,,South_Pacific,Seafloor altered basalt
329-U1365E-11R-2-W 89/93,50.0,117.96,118.0,117.98,,,49.55,1.83,13.9,13.06,0.16,6.39,10.2825746799431,2.61,0.83,0.169125,1.278721278721138,100.06042095866422,5.276136427619049,7.197626191534391,7.001901881017387,,117.96,118.0,0.1,10.0,3.5,2.5,5,,,,,South_Pacific,Seafloor altered basalt
329-U1365E-11R-3-W 77/81,51.0,118.78,118.82,118.8,,,48.862,1.82,13.59,13.01,0.23,6.9,11.675960170697014,2.58,0.12,0.165,0.6191332135012519,99.5720933841983,7.660822474358975,4.497975028490028,11.454597771285265,,118.78,118.82,0.1,3.0,0.7,1.0,1,0.2,,,,South_Pacific,Seafloor altered basalt
329-U1365E-12R-1-W 19/23,52.0,119.89,119.93,119.91,,,50.13,1.92,13.96,12.39,0.21,6.8,11.218278805120908,2.71,0.09,0.177375,0.3799240151969631,99.98557782031786,7.0489162306940365,4.557870854784405,6.475957981925403,,119.89,119.93,<<0.1,2.5,,1.0,1,0.2,,,,South_Pacific,Seafloor altered basalt
329-U1365E-12R-1-W 71/76,53.0,120.41,120.46,120.435,,,48.91,1.93,14.17,13.61,0.21,6.02,10.841963015647227,2.73,0.59,0.177375,0.6394884092725116,99.82882642491973,5.9013544095330746,7.05293954496325,11.347632634601798,,120.41,120.46,0.1,20.0,3,13.0,4,0.06,,,,South_Pacific,Seafloor altered basalt
329-U1365E-12R-2-W 66/68,54.0,121.48,121.5,121.49,,,47.97,1.93,14.16,14.73,0.19,5.2,10.46564722617354,2.78,0.94,0.1979999999999999,1.038546035550293,99.60219326172384,5.092014462107208,9.072206153214214,7.816566645218549,,121.48,121.5,<0.1,45.0,10,10.0,25,<0.1,,,,South_Pacific,Seafloor altered basalt
329-U1365E-12R-3-W 17/21,55.0,122.48,122.52,122.5,,,50.07,2.02,14.71,11.68,0.2,6.38,10.7300853485064,2.84,0.54,0.18975,0.7996801279487326,100.15951547645516,5.326868508653847,5.761257212606837,6.28045847950639,,122.48,122.52,0.1,16.0,3,7.0,6,,,,,South_Pacific,Seafloor altered basalt
329-U1365E-12R-3-W 128/132,56.0,123.59,123.63,123.61,,,49.16,1.82,13.66,12.78,0.22,6.86,11.665789473684212,2.66,0.08,0.165,0.4593569003395183,99.53014637402372,7.726821457560975,4.1946428249322505,6.526343464653097,,123.59,123.63,0.6,5.7,,4.9,,0.8,,,,South_Pacific,Seafloor altered basalt
329-U1365E-12R-4-W 60/64,57.0,124.28,124.32,124.3,,,49.56,1.87,13.63,12.98,0.23,6.89,11.36066856330014,2.55,0.14,0.169125,0.1798201798201156,99.55961374312024,8.28733140330418,3.771853996328691,7.067044457425641,,124.28,124.32,<0.1,3.5,,3.0,0.5,,,,,South_Pacific,Seafloor altered basalt
329-U1368F-2R-1-W 13/17,58.0,9.33,9.37,9.35,A12,P1(F1),47.981,1.91,16.48,9.323,0.12,6.72,10.669061166429588,3.19,0.69,0.334125,1.7778665601279613,99.19505272655752,3.55413110462963,5.373965439300411,4.981180608695652,,9.33,9.37,0.3,15.0,,13.0,2,,,,,South_Pacific,Seafloor altered basalt
329-U1368F-2R-2-W 13/17,59.0,10.61,10.65,10.63,F12,,47.681,1.8,16.341,9.35,0.13,7.0,11.136913229018491,3.24,0.56,0.33825,2.2781774580335887,99.85534068705206,3.5953436682832205,5.355173701907532,4.779271252429281,,10.61,10.65,,11.0,,10.0,1,,,,,South_Pacific,Seafloor altered basalt
329-U1368F-2R-2-W 134/138,60.0,11.82,11.86,11.84,A13,P2(F1),47.17,1.82,16.35,9.4,0.13,7.89,10.262233285917496,3.09,0.56,0.32175,2.4775224775223825,99.4715057634399,3.6602130501419112,5.333096610953432,4.952381711711712,,11.82,11.86,,8.0,,7.0,1,,,,,South_Pacific,Seafloor altered basalt
329-U1368F-2R-3-W 110/115,61.0,13.04,13.09,13.065,A14,P3(F1),47.53,1.73,17.08,9.01,0.12,6.88,10.913157894736845,3.16,0.65,0.3135,2.099160335865556,99.48581823060242,3.30134891160221,5.341834542664211,4.908734947794588,,13.04,13.09,,5.0,,4.0,1,,,,,South_Pacific,Seafloor altered basalt
329-U1368F-2R-4-W 61/64,62.0,13.87,13.9,13.885,A1,P4(F2),45.79,1.48,13.87,9.94,0.15,14.71,7.933143669985776,2.41,0.52,0.268125,2.817745803357315,99.88901447334308,4.764292464497041,4.646341706114399,5.237096756985605,,13.87,13.9,,7.0,,6.0,1,,,,,South_Pacific,Seafloor altered basalt
329-U1368F-2R-4-W 86/90,63.0,14.12,14.16,14.14,F1,,45.573,1.48,13.675,10.08,0.16,15.36,7.780583214793742,2.31,0.42,0.268125,2.758896441423571,99.8656046562173,6.605545677662582,2.7405048025971315,5.48437395010395,,,,,,,,,,,,,South_Pacific,Seafloor altered basalt
329-U1368F-3R-1-W 19/21,64.0,20.99,21.01,21.0,F2,,50.19,2.46,13.59,13.39,0.21,5.45,10.618207681365575,2.97,0.34,0.2351249999999999,0.5198960207958724,99.97322870216144,6.090607578844272,6.622658245728588,7.155821285840969,,20.99,21.01,,9.0,,6.5,2.5,,,,,South_Pacific,Seafloor altered basalt
329-U1368F-3R-1-W 21/23,65.0,21.01,21.03,21.020000000000003,A2,P5(F3),49.15,2.41,13.32,15.09,0.2,5.1,10.058819345661451,2.95,0.48,0.231,0.8791208791207823,99.86894022478222,5.841842015857285,8.599064426825239,7.83299134595163,,,,,,,,,,,,,South_Pacific,Seafloor altered basalt
329-U1368F-4R-1-W 23/27,66.0,28.53,28.57,28.55,,,49.508,2.42,12.69,15.5493,0.23,5.783,10.501651493598862,2.726,0.217,0.2256375,,99.677192907396,10.160053018008476,4.260352202212806,7.258962421114717,,28.53,28.57,,3.0,,3.0,,,,,,South_Pacific,Seafloor altered basalt
329-U1368F-4R-1-W 66/68,67.0,28.96,28.98,28.97,,,49.012,2.43,13.678,14.09,0.23,5.53,10.862304409672827,2.96,0.35,0.251625,0.4797121726963294,99.87364158236916,6.568364229126211,6.791817523193098,6.933135022983703,,28.96,28.98,3,5.0,,4.0,1,,,,,South_Pacific,Seafloor altered basalt
329-U1368F-4R-1-W 129/131,68.0,29.59,29.61,29.6,A3,P6(F4),47.985,2.39,13.06,16.16,0.23,5.12,10.150355618776674,2.86,0.41,0.231,0.8200000000000429,99.41635561877672,6.088428716763007,9.39507920359666,8.3732454844735,,29.59,29.61,,8.0,,5.0,3,,,,,South_Pacific,Seafloor altered basalt
329-U1368F-4R-1-W 131/133,69.0,29.61,29.63,29.62,F3,,49.43,2.45,13.41,14.38,0.2,5.34,10.36394025604552,2.99,0.43,0.231,0.7593924860111961,99.98433274205672,5.968207339285715,7.748658511904762,7.712962556634305,,29.61,29.63,,4.0,,4.0,2,,,,,South_Pacific,Seafloor altered basalt
329-U1368F-4R-2-W 14/16,70.0,29.895,29.915,29.905,,,51.12,2.45,13.48,12.81,0.22,5.56,10.475817923186346,2.99,0.38,0.2351249999999999,0.2798321007396142,100.00077502392594,7.272386019007389,4.72957108999179,6.7420175785148215,,29.895,29.915,,2.5,,2.5,,,,,,South_Pacific,Seafloor altered basalt
329-U1368F-5R-1-W 30/34,71.0,38.1,38.14,38.120000000000005,,,50.58,2.52,13.7,13.94,0.2,5.39,10.2825746799431,3.16,0.15,0.2433749999999999,,100.04604560320442,8.162603280287474,4.870440799680585,7.182836142460684,,38.1,38.14,,2.0,,2.0,,,,,,South_Pacific,Seafloor altered basalt
329-U1368F-5R-2-W 64/69,72.0,39.695,39.745,39.72,,,49.64,2.42,13.04,15.1,0.2,5.86,10.028307254623044,3.0,0.12,0.231,,99.63930725462303,9.482981940501045,4.563353399443283,7.700440424597364,,39.695,39.745,,4.0,,3.8,0.2,,,,,South_Pacific,Seafloor altered basalt
329-U1368F-5R-3-W 9/14,73.0,40.215,40.265,40.24,F4,,49.68,2.38,13.06,15.11,0.2,5.95,10.150355618776674,2.97,0.12,0.226875,0.0400000000000844,99.88723061877678,9.474456225806453,4.582826415770608,7.76006842243646,,40.215,40.265,,5.0,,4.6,0.4,,,,,South_Pacific,Seafloor altered basalt
329-U1368F-5R-3-W 93/97,74.0,41.055,41.095,41.075,A4,P7(F5),49.78,2.43,13.14,14.94,0.2,5.97,10.068990042674256,2.99,0.12,0.231,1.774227766080953e-13,99.86999004267442,9.444516457200402,4.446092825332887,7.751892909507447,,41.055,41.095,,5.0,,4.6,0.4,,,,,South_Pacific,Seafloor altered basalt
329-U1368F-6R-1-W 83/87,75.0,44.73,44.77,44.75,,,50.82,2.36,14.5,10.19,0.18,6.0,11.35049786628734,2.9,0.38,0.251625,0.6399999999999295,99.57212286628727,5.522352743157895,4.054052507602338,5.579304044484792,,44.73,44.77,<<0.1,2.0,,1.9,0.1,,,,,South_Pacific,Seafloor altered basalt
329-U1368F-6R-1-W 119/123,76.0,45.09,45.13,45.11,,,49.242,2.27,13.783,13.19,0.19,5.84,10.974182076813657,2.71,0.56,0.2351249999999999,0.8996401439422796,99.89394722075592,5.34415116403162,7.252054262187087,7.063435729705419,,45.09,45.13,,0.3,,0.3,,,,,,South_Pacific,Seafloor altered basalt
329-U1368F-7R-1-W 48/50,77.0,47.88,47.9,47.89,,,49.96,2.21,13.46,13.34,0.21,6.55,10.760597439544808,2.51,0.19,0.2433749999999999,1.7752916644016097e-13,99.43397243954496,8.633591540983605,3.7471205100182168,6.967374278074867,,47.88,47.9,<<0.1,4.0,,3.9,0.1,,,,,South_Pacific,Seafloor altered basalt
329-U1368F-7R-1-W 90/92,78.0,48.3,48.32,48.31,,,49.21,2.24,13.75,13.55,0.21,6.68,11.004694167852062,2.56,0.18,0.25575,,99.64044416785208,8.544126841633465,4.056525731518374,7.060229814528594,,48.3,48.32,,3.0,,3.0,,,,,,South_Pacific,Seafloor altered basalt
329-U1368F-7R-2-W 8/13,79.0,48.92,48.97,48.945,F11,,51.2,2.43,15.15,8.29,0.18,6.3,11.930227596017067,3.02,0.18,0.25575,0.6797281087565114,99.6157057047736,5.190775764932562,2.522471372297153,4.672438315098469,,48.92,48.97,0.6,0.2,,0.2,,,,,,South_Pacific,Seafloor altered basalt
329-U1368F-7R-2-W 46/48,80.0,49.3,49.32,49.31,A11,P8(F6),49.646,2.2,13.327,14.04,0.21,6.28,10.567354196301569,2.57,0.28,0.2475,0.0600000000000378,99.42785419630158,8.157964750528542,4.975594721634952,7.327804591194968,,49.3,49.32,,2.0,,2.0,,,,,,South_Pacific,Seafloor altered basalt
329-U1368F-7R-2-W 93/95,81.0,49.77,49.79,49.78,,,48.11,2.21,13.8,14.63,0.23,5.62,10.943669985775248,2.59,0.59,0.259875,0.7389654483723305,99.72251043414758,5.769304694386694,8.219661450681452,7.875662089423905,,,,,,,,,,,,,South_Pacific,Seafloor altered basalt
329-U1368F-7R-2-W 113/115,82.0,49.97,49.99,49.98,,,50.63,2.31,14.08,12.05,0.2,6.22,11.208108108108108,2.78,0.37,0.259875,0.2598960415834712,100.3678791496916,6.159267078369906,5.206369912922327,6.521923300334378,,49.97,49.99,<0.1,1.3,,1.1,0.2,,,,,South_Pacific,Seafloor altered basalt
329-U1368F-7R-3-W 16/20,83.0,50.5,50.54,50.52,,,49.541,2.29,14.314,11.653,0.2,5.99,11.319985775248934,2.76,0.33,0.27225,0.6998600279943684,99.3700958032433,5.7190214065708425,5.298531770476842,6.356695740464521,,50.5,50.54,0.1,9.0,,8.0,1,,,,,South_Pacific,Seafloor altered basalt
329-U1368F-8R-1-W 31/36,85.0,57.31,57.36,57.335,,,50.73,2.35,14.34,10.96,0.19,6.05,11.269132290184922,2.9,0.28,0.25575,0.5794205794204713,99.9043028696054,5.7028656725756,4.623482586027112,5.744420366492147,,57.31,57.36,,5.0,,4.8,0.2,,,,,South_Pacific,Seafloor altered basalt
329-U1368F-8R-1-W 129/134,86.0,58.29,58.34,58.315,,,49.47,2.32,14.26,12.14,0.19,5.71,11.187766714082503,2.81,0.51,0.251625,1.219756048790241,100.06914776287276,4.864172809664694,6.735363544817007,6.4240083720930246,,58.29,58.34,1,0.5,,0.5,,,,,,South_Pacific,Seafloor altered basalt
329-U1368F-8R-1-W 143/148,87.0,58.43,58.48,58.455,,,50.59,2.31,14.08,11.22,0.19,6.05,11.299644381223327,2.81,0.31,0.251625,0.5992808629644653,99.7105502441878,6.180432944618601,4.352852283757111,6.235685902221054,,58.43,58.48,0.4,5.0,,5.0,,,,,,South_Pacific,Seafloor altered basalt
329-U1368F-8R-2-W 121/124,88.0,58.71,58.74,58.725,,,49.43,2.23,13.43,14.09,0.22,6.27,10.638549075391182,2.61,0.3,0.251625,0.2797202797203376,99.74989435511152,7.766769171779142,5.460256475800952,7.07386180246136,,58.71,58.74,0.3,5.0,,5.0,,,,,,South_Pacific,Seafloor altered basalt
329-U1368F-9R-1-W 29/33,89.0,62.89,62.93,62.91,,,48.57,2.16,13.65,14.04,0.18,5.77,10.81145092460882,2.74,0.55,0.231,0.799520287827393,99.50197121243622,5.487569960116732,7.942700044314742,7.353929048795552,,62.89,62.93,0.1,10.0,,9.0,1,,,,,South_Pacific,Seafloor altered basalt
329-U1368F-9R-1-W 95/99,90.0,63.55,63.59,63.57,,,48.98,2.22,13.5,14.16,0.2,6.05,10.7300853485064,2.77,0.36,0.2475,0.3195526263231124,99.5371379748295,6.758697173869346,6.650336473478504,7.393284291547571,,63.55,63.59,0.1,2.0,,2.0,,,,,,South_Pacific,Seafloor altered basalt
329-U1368F-10R-1-W 0/3,91.0,66.6,66.63,66.615,A5,P9(F7),47.87,2.31,13.87,15.0,0.23,5.5,10.821621621621622,2.91,0.42,0.2805,0.4398240703718916,99.65194569199352,6.274435531872508,8.028404964586102,8.352165120469731,,66.6,66.63,0.1,5.0,,5.0,,,,,,South_Pacific,Seafloor altered basalt
329-U1368F-10R-1-W 3/5,92.0,66.63,66.65,66.64,F5,,48.23,2.38,13.3,14.4,0.22,6.5,10.62837837837838,2.52,0.37,0.251625,0.84,99.6400033783784,8.187435003910068,5.30284999565548,7.31596889712624,,66.63,66.65,<0.1,4.0,,4.0,,,,,,South_Pacific,Seafloor altered basalt
329-U1368F-10R-1-W 112/116,93.0,67.72,67.76,67.74000000000001,,,49.81,2.28,13.88,12.74,0.2,6.25,11.136913229018491,2.79,0.17,0.2475,0.1599680063987026,99.6643812354172,8.246405541501977,3.5773271761089145,6.704674477338703,,67.72,67.76,<<0.1,4.5,0.2,4.3,,,,,,South_Pacific,Seafloor altered basalt
329-U1368F-10R-2-W 57/62,94.0,68.635,68.685,68.66,,,51.578,2.46,14.451,9.82,0.19,6.15,11.35049786628734,2.96,0.33,0.27225,0.2998201079352502,99.86156797422258,6.025826395979899,3.124637337800113,5.425890271011201,,68.635,68.685,0.6,0.6,,0.6,,,,,,South_Pacific,Seafloor altered basalt
329-U1368F-11R-1-W 10/14,95.0,76.3,76.34,76.32,,,50.08,2.42,14.13,12.3,0.18,5.51,10.95384068278805,2.82,0.41,0.268125,0.6397441023591635,99.7117097851472,5.419119216432866,6.278756426185706,6.505433855421686,,,,,,,,,,,,,South_Pacific,Seafloor altered basalt
329-U1368F-11R-1-W 81/86,96.0,77.01,77.06,77.035,,,49.792,2.42,13.785,12.88,0.18,5.57,10.872475106685632,2.8,0.46,0.264,0.8190171793849584,99.84249228607058,5.456564526838966,6.817150525734482,7.132301467835092,,77.01,77.06,<<0.1,5.5,,5.4,0.1,,,,,South_Pacific,Seafloor altered basalt
329-U1368F-11R-1-W 133/137,97.0,77.53,77.57,77.55,,,47.64,2.35,13.48,16.05,0.2,4.99,10.394452347083927,2.64,0.65,0.264,1.1386336396324486,99.79708598671635,5.115847077353215,10.36572546960754,8.086780333425185,,77.53,77.57,2,10.0,,9.5,0.5,,,,,South_Pacific,Seafloor altered basalt
329-U1368F-11R-2-W 20/23,98.0,77.9,77.93,77.915,,,49.349,2.34,13.235,14.35,0.21,6.43,10.557183499288763,2.6,0.35,0.264,0.1799280287884204,99.86511152807716,7.87611791403162,5.598757873298199,7.221937230476985,,77.9,77.93,1,8.0,,7.5,0.5,,,,,South_Pacific,Seafloor altered basalt
329-U1368F-11R-2-W 74/76,99.0,78.44,78.46,78.44999999999999,,,49.45,2.37,13.8,13.17,0.18,6.04,10.801280227596015,2.87,0.29,0.259875,0.838993208150216,100.07014843574623,6.286262275862069,6.185264137931035,6.764830153794196,,,,,,,,,,,,,South_Pacific,Seafloor altered basalt
329-U1368F-11R-2-W 76/78,100.0,78.46,78.48,78.47,A6,P10(F8),48.58,2.35,13.459,14.2,0.2,6.05,10.81145092460882,2.8,0.41,0.259875,0.8589692369158284,99.97929516152465,5.795442999068033,7.760618889924407,7.084460977027401,,,,,,,,,,,,,South_Pacific,Seafloor altered basalt
329-U1368F-11R-2-W 110/116,101.0,78.8,78.86,78.83,F6,,48.984,2.32,13.651,13.59,0.2,6.58,10.709743954480796,2.66,0.18,0.251625,0.3794687437587403,99.50583769823956,8.762311898876405,3.8540978901373286,6.931960928204811,,78.8,78.86,0.3,5.0,,5.0,,,,,,South_Pacific,Seafloor altered basalt
329-U1368F-12R-1-W 29/33,102.0,86.19,86.23,86.21000000000001,,,49.57,2.33,13.6,13.7,0.22,6.19,10.709743954480796,2.64,0.38,0.25575,0.2398081534773693,99.83530210795816,7.32829400813008,5.557451102077687,6.938511412107662,,86.19,86.23,0.2,1.0,,1.0,,,,,,South_Pacific,Seafloor altered basalt
329-U1368F-12R-1-W 71/74,103.0,86.61,86.64,86.625,,,49.373,2.35,13.567,13.4,0.21,5.94,10.933499288762446,2.71,0.42,0.264,0.639360639360569,99.806859928123,6.195017007172131,6.516647769808743,6.876320358380933,,86.61,86.64,0.2,2.0,,1.9,0.1,,,,<0.1,South_Pacific,Seafloor altered basalt
329-U1368F-12R-2-W 11/13,104.0,87.51,87.53,87.52000000000001,F7,,48.31,2.24,13.55,13.33,0.18,6.55,10.404623044096727,2.82,0.42,0.2351249999999999,1.4180147793090327,99.45776282340576,4.938898104938272,7.842335438957475,7.021154981703035,,87.51,87.53,2,3.0,,3.0,,,,,,South_Pacific,Seafloor altered basalt
329-U1368F-12R-2-W 13/16,105.0,87.53,87.56,87.545,A7,P11(F9),48.28,2.25,13.54,14.05,0.17,6.53,10.424964438122334,2.8,0.48,0.2351249999999999,1.2989608313349224,100.05905026945725,4.980272791059281,8.516363565489689,7.616343950514318,,87.53,87.56,2,12.0,,12.0,,,,,,South_Pacific,Seafloor altered basalt
329-U1368F-12R-2-W 122/127,106.0,88.62,88.67,88.64500000000001,F8,,49.09,2.35,13.57,13.68,0.18,6.88,10.516500711237551,2.8,0.15,0.2475,0.2998201079354278,99.763820819173,8.60769982846004,4.115889079488843,7.192771075400971,,88.62,88.67,0.1,2.0,,2.0,,,,,,South_Pacific,Seafloor altered basalt
329-U1368F-12R-3-W 51/55,107.0,89.235,89.275,89.255,A8,P12(F10),48.72,2.32,13.1,14.88,0.19,5.82,10.36394025604552,2.71,0.68,0.2475,0.6999999999999673,99.73144025604547,5.925673617590822,8.295918202676866,7.87115913711254,,89.235,89.275,0.4,10.0,1.5,8.4,0.1,,,,,South_Pacific,Seafloor altered basalt
329-U1368F-13R-1-W 7/11,108.0,95.57,95.61,95.59,,,49.76,2.43,14.58,12.34,0.19,4.94,11.319985775248934,2.84,0.48,0.268125,0.6794564348521323,99.82756721010108,12.185882016016016,-1.199868906684463,6.334695841138131,,95.57,95.61,0.1,3.0,,2.5,0.5,,,,,South_Pacific,Seafloor altered basalt
329-U1368F-13R-1-W 71/75,109.0,96.21,96.25,96.23,,,49.54,2.36,14.12,12.48,0.17,6.05,10.89281650071124,2.92,0.27,0.251625,0.61950439648279,99.67394589719405,5.359568035781545,6.524924404687172,6.71283381486676,,96.21,96.25,,5.0,,5.0,,,,,,South_Pacific,Seafloor altered basalt
329-U1368F-13R-1-W 114/115,110.0,96.64,96.65,96.645,F9,,49.478,2.31,13.791,12.91,0.18,6.75,10.791109530583215,2.79,0.15,0.23925,0.3397282174259773,99.7290877480092,7.769852164122138,4.27683092875318,6.6388391377851885,,96.64,96.65,,2.5,,2.5,,,,,,South_Pacific,Seafloor altered basalt
329-U1368F-13R-1-W 115/117,111.0,96.65,96.67,96.66,A9,P13(F11),48.92,2.28,13.6,13.52,0.17,6.59,10.587695590327169,2.79,0.27,0.2433749999999999,0.6794564348521323,99.6505270251793,6.155168425024826,6.680923972194638,7.425591499013807,,96.65,96.67,,15.0,,15.0,,,,,,South_Pacific,Seafloor altered basalt
329-U1368F-13R-2-W 54/55,112.0,97.54,97.55,97.545,F10,,49.9879,2.29,14.09,11.994,0.16,6.435,10.833826458036985,2.87,0.17,0.2433749999999999,0.3399320135971987,99.41403347163418,6.957041492276004,4.263953897471107,6.253490580132484,,97.54,97.55,<<0.1,2.5,,2.5,,,,,,South_Pacific,Seafloor altered basalt
329-U1368F-13R-2-W 55/57,113.0,97.55,97.57,97.56,A10,P14(F12),49.154,2.32,13.681,13.47,0.17,6.42,10.658890469416786,2.81,0.38,0.23925,0.6794564348521323,99.98259690426892,5.586787054493307,7.262458828340771,7.5877882564392864,,97.55,97.57,<<0.1,15.0,,15.0,,,,,,South_Pacific,Seafloor altered basalt
329-U1368F-13R-2-W 108/110,114.0,98.08,98.1,98.09,,,49.12,2.26,13.8,13.43,0.2,6.39,10.7300853485064,2.68,0.22,0.268125,0.459632294164662,99.55784264267106,7.073599255497382,5.570445271669575,6.980865184229514,,98.08,98.1,<0.1,3.0,,2.9,0.1,,,,,South_Pacific,Seafloor altered basalt
329-U1368F-13R-2-W 120/124,115.0,98.2,98.24,98.22,,,48.985,2.28,13.883,13.48,0.2,6.4,10.7300853485064,2.63,0.24,0.264,0.3796203796203822,99.47170572812678,7.031884513018322,5.666794985535198,7.038041252912402,,98.2,98.24,<0.1,1.5,,1.5,,,,,,South_Pacific,Seafloor altered basalt
329-U1368F-13R-3-W 52/56,116.0,99.02,99.06,99.04,,,49.29,2.31,13.92,12.71,0.18,6.38,10.862304409672827,2.66,0.25,0.2475,0.4999000199960789,99.3097044296689,7.5703248282828275,4.298527968574637,6.609807421264879,,99.02,99.06,1,4.0,,4.0,,,,,,South_Pacific,Seafloor altered basalt
329-U1368F-13R-3-W 131/135,117.0,99.81,99.85,99.83,,,48.21,2.25,14.28,13.42,0.2,5.77,10.974182076813657,2.73,0.5,0.2433749999999999,1.0585180746954428,99.6360751515091,5.477119724857682,7.334311416824797,7.555378899630367,,99.81,99.85,1,12.2,,11.0,0.2,1,,,,South_Pacific,Seafloor altered basalt
329-U1368F-13R-4-W 22/27,118.0,100.17,100.22,100.195,,,49.367,2.34,14.12,12.65,0.17,5.96,11.014864864864863,2.74,0.41,0.251625,0.7199999999999207,99.74348986486478,6.051764470225873,5.925817255304586,6.516863008116231,,100.17,100.22,0.8,5.1,,5.0,,0.1,,,,South_Pacific,Seafloor altered basalt
329-U1368F-14R-1-W 39/43,119.0,105.49,105.53,105.51,,,49.82,2.27,14.12,12.74,0.17,5.79,10.882645803698434,2.73,0.47,0.251625,0.6990213700818527,99.9432921737803,6.177891241232731,5.875676398630299,6.828484795279705,,105.49,105.53,0.5,3.0,,3.0,,,,,,South_Pacific,Seafloor altered basalt
329-U1368F-14R-1-W 140/145,120.0,106.5,106.55,106.525,,,48.147,2.2,14.01,13.53,0.21,6.86,11.177596017069702,2.67,0.23,0.27225,0.5994005994004448,99.90624661647014,6.974152928944619,5.780941190061534,7.160935436669296,,106.5,106.55,,3.0,,3.0,,,,,,South_Pacific,Seafloor altered basalt
