Sample ID,Rb,Ba,Th,U,K,La,Ce,Pb,Sr,Nd,Y,Yb,Lu,SiO2,MgO,Na2O,P2O5,CaO,Zr,Ti,Nb
329-U1365E-2R-1-W 36/40,0.4105589819764547,0.7923128421106744,1.3309780119596681,2.0056487415690345,1.9345154505720945,3.519745977995057,4.83706879974665,4.055910698652203,4.414379930598347,6.1800653039904025,7.230026028715593,6.519827745855794,6.489688689444735,50.49257356312835,7.7285702597656485,2.6363280733346923,0.15476982722642102,11.428476140377946,7.132142857142857,6.8231858541748736,3.0813398907609155
329-U1365E-2R-1-W 65/69,0.27685574442157707,0.7217388583588249,1.0655976372632068,1.887597518063124,1.5443843496104317,3.1439463380425026,4.551818691964411,3.362312583936594,4.093670823358001,6.166529820116376,7.184700248050192,6.440219979158733,6.582500322070525,50.42831641463833,7.79992782139113,2.5368751721461673,0.1556761009572043,11.378114944932499,6.946428571428571,6.684878032806464,2.842427131723701
329-U1365E-3R-1-W 130/134,0.2539856316487908,0.7312325517649212,1.0874957683304316,1.7376976163676494,1.3818875052407358,3.1576382782290477,4.354816731090835,2.644300917988023,3.7618021746127868,5.965230354963745,7.089846309749652,6.386796004224583,6.576874277446573,50.352761140459755,7.873290917007702,2.442414990614821,0.1514001425070132,11.449231693452928,6.600892857142858,6.500467604315252,2.7534363692488872
329-U1365E-3R-2-W 20/22,0.29477309112770717,0.7154754415943482,1.1172116380893595,1.73055403732502,1.410264457897387,3.1944980447927733,4.538965851960031,3.0410692146408116,3.7295739248526827,6.1255220258393415,7.149964772110961,6.429947198765721,6.51667008285933,50.33942663535097,7.742695476594006,2.4848153496329672,0.1419124762901588,11.430983555387861,6.817857142857143,6.546570211438055,2.743832466026883
329-U1365E-3R-2-W 22/24,0.3067423616247017,0.8541224401631435,1.2506998509842655,1.9575533831033374,1.7205676909694616,3.3738041407823345,4.700156876315326,3.135667086336327,4.1384477866405405,6.158594652587404,7.193418904044658,6.539559868415815,6.599022683218479,50.49519922758638,7.7599514062617425,2.5911706548963545,0.16928972240167256,11.41091084443572,6.869642857142857,6.7309806399292675,3.0283727130333244
329-U1365E-3R-2-W 52/56,1.5309139163133527,1.9616324333798678,1.687835523630241,4.246215285149157,2.9903947522192125,3.961327139104115,4.57046428766254,4.8325310508515225,4.724006349324827,6.213092033441311,6.157593384499878,5.670719772602035,5.435420305837891,49.8347352533123,7.499005691735735,2.468234807092513,0.1179694991759702,11.669229163670828,5.675892857142857,5.532312854736384,2.0086335270817486
329-U1365E-3R-3-W 33/37,2.437002760047554,1.6544395820445734,1.7886520942818047,4.226057563262761,3.558704492322399,3.5603175790059307,4.465367465787641,6.569747986447252,5.675372800702572,5.345298757741959,5.877953858274917,5.242364551658342,5.080702254283917,49.71636098088545,7.351615890221542,2.510675003863111,0.11292612161321954,11.024547254325011,5.370535714285714,5.071286783508351,1.860232651182394
329-U1365E-3R-3-W 112/116,1.4935671811433155,1.6120544468817093,1.646711742430473,2.917456317833363,2.892634957575513,3.677296819676754,4.292903475802316,7.045326822665238,4.979391809435996,5.218787754513379,5.929472568866996,5.361912136373181,5.234157413027237,49.80721623593693,7.517710456167438,2.4110789446256593,0.11067828378991981,11.082054159257961,5.216071428571429,5.16349199775396,1.7570480961899018
329-U1365E-3R-4-W 66/68,1.424285862327462,1.736780265219476,1.5807095695572815,2.8405018655628327,3.2342177884030807,3.896521208340096,4.508882603029818,7.0917805213711285,5.274699778621939,6.022303247157683,6.046722001616728,5.530639376920268,5.41013784777733,49.90816448415967,7.510522192244201,2.565365997129605,0.11822876381343768,11.25063271798054,5.3776785714285715,5.394005033367974,1.8998184169354502
329-U1365E-3R-4-W 68/70,1.1905215367679127,1.618995274773737,1.573454886885932,3.0208211309801425,2.4868934292754723,3.8139096442258063,4.31485563507504,4.0882894438293995,4.201150631952362,5.778099519241889,6.307025735333045,5.872436173509237,5.56864179421607,49.826875556891856,7.663415989014762,2.321005386439901,0.11157968343318067,12.062346649137773,5.564285714285715,5.532312854736384,2.0587247355868272
329-U1365E-4R-1-W 22/24,0.22817100072653557,0.6609016742239233,1.1075491020997377,1.9148005369327095,1.511197641220235,3.5096784564784858,4.854662194854872,2.595591424424565,4.00018463897488,6.391503973333701,7.071312371118249,6.427826043376221,6.539597034487941,50.32512268014985,7.831508879047095,2.4779573006439723,0.17817741661832606,11.320115101399152,6.715178571428571,6.638775425683661,2.580830787956453
329-U1365E-4R-1-W 24/25,0.2537226246566242,0.6713055277042556,1.1107374654898943,1.5344374826617444,1.7261605689319586,3.456878315750233,4.695640423010449,2.489522269792276,3.813307899928803,6.152780246827567,6.990722628947885,6.355946673214707,6.518358607815684,50.34152358597933,7.796171146335862,2.361246252432887,0.16842205286029896,10.93067603285875,6.429464285714286,6.454364997192448,2.515285942576599
329-U1365E-4R-1-W 37/40,0.28162536925499043,0.7105643292126097,1.3415016089819962,1.7788450942170522,1.5642448848914488,3.610526945856641,4.520149098527895,2.665324048555873,3.764820317181937,5.974931387633906,6.924024454956925,6.322266735497021,6.442996025071365,50.33877688333184,7.825911514456241,2.1010109914056008,0.16553322962224729,11.178477374956406,6.298214285714287,6.223851961578432,2.4667350149487075
329-U1365E-4R-2-W 88/92,0.4189481708050121,0.6896446201534756,1.2878287240128377,2.077261460422877,1.6165508300986646,3.6672026277690253,4.613724270017543,3.405052878351031,3.98502273575088,6.507570892235891,6.933962600069571,6.3910191364701046,6.453016966087911,50.298621008899424,7.617079927687594,2.2995582865448014,0.15443208424621488,10.904793849012,6.608035714285715,6.31605717582404,2.3631179823103547
329-U1365E-4R-2-W 137/142,0.47055796815158146,0.6896446201534756,1.2770436007542427,2.065097086247277,1.6168094204197916,3.6237953395261564,4.566161501879735,3.197536710397971,3.942197827641919,6.486349411414927,6.925142701085664,6.340173498883735,6.345890766539609,50.28937257126478,7.630613699608649,2.2709893293389807,0.15837307790848593,10.908647917577099,6.534821428571429,6.223851961578432,2.3447056981396748
329-U1365E-4R-3-W 10/13,0.29272661908924225,0.723517923671623,1.1272156309132428,1.8011756447996146,1.4383475669773425,3.335295142480209,4.6954537427869,3.0309710516505297,3.7993158104132965,6.244776900058493,7.139907732741488,6.425616136986223,6.52273434703282,50.3471392331326,7.764235950861854,2.451826836873756,0.14531459581893608,11.417374439467979,6.761607142857144,6.546570211438055,2.6516776665738027
329-U1365E-5R-1-W 8/12,0.35102338971201824,0.7098481290620274,1.0728069682984116,2.006080859337629,1.7721005781847026,3.5617979227846757,4.88689942226784,3.01326591497547,4.216440725961194,6.531318536959918,7.1841036064075245,6.502012132109997,6.579149063103437,50.29528470804463,7.698491943662427,2.5396653264287017,0.15692704219409348,11.258476555003456,7.1035714285714295,6.7309806399292675,2.6692114768664967
329-U1365E-5R-2-W 89/93,0.44633841846190175,0.690715507685454,1.2765743072575313,2.0289213441565246,1.617695449984546,3.5521006443145673,4.735258429319262,3.2672475338291793,3.9529899353152973,6.813030336772305,7.02711828146793,6.399562368948354,6.512352795370192,50.302307041523115,7.594648152942006,2.439225399606349,0.1465902770367684,10.765856181324095,6.822321428571429,6.454364997192448,2.4239907220590386
329-U1365E-5R-3-W 29/33,0.4693811416397129,0.7904528317367244,1.3606066591331336,2.895358794206994,2.812017389261034,4.186063336919544,5.509535165064507,5.312062499985751,4.854245693419508,7.151513259829667,7.4344692890804644,6.630349250965185,6.851469893900449,50.359623404850495,7.6264058516848205,2.5990062445530904,0.1709663737421365,11.080491738241028,7.650892857142858,7.0998014969116925,2.8804151415703343
329-U1365E-5R-4-W 53/57,0.3145260924411148,0.591768834752161,1.0125139063129156,1.8555640554756807,1.8061531642127668,3.5456521310304074,4.90614696544448,3.002695999197865,4.201337341705023,6.558924349042429,7.202394158489307,6.497183196484437,6.589258869417387,50.28438187270499,7.723695012655845,2.55050120496599,0.16683442079809854,11.296454605239198,7.175000000000001,6.8231858541748736,2.679705728757397
329-U1365E-5R-4-W 86/90,2.0306598556868685,2.0074633359232688,1.6432112930267035,3.717341329270781,4.048748362705864,3.193942340764788,3.7429927095039215,6.476927604354874,6.572203337878634,4.704509546213484,5.732008338381043,5.430917227674319,5.633917459219816,50.18612985808083,6.405108657730852,2.3504783730855863,0.11480079860995729,11.587917909615092,4.366964285714285,4.886876355017139,1.4398790208597636
329-U1365E-5R-4-W 144/149,1.5765285218903444,1.2742722385712226,1.0552787621768702,3.2158361547946535,3.2931626290376954,2.6166267553669913,3.1077735770716597,4.326273716094971,4.910228207563278,4.179785410092242,5.598137130947361,5.368218838337303,5.792085338360743,50.21364438955592,6.627139891161219,2.412620380795776,0.10098484885045432,10.815194416436407,4.196428571428572,4.702465926525926,1.3144386414668545
329-U1365E-6R-1-W 8/12,0.7034455406982668,1.0926292626307235,1.2647523284836693,2.726050282022416,1.8174422648112414,3.5553889191929406,4.126537408840965,3.1568235535993274,3.6715931791868193,5.555378669757012,6.840616511578475,6.133959981939303,6.065806354191047,49.86786508983997,7.61056765129504,2.1958176824714104,0.11694817566984367,12.248628314787405,5.850892857142858,5.716723283227597,2.155083050049959
329-U1365E-6R-1-W 26/30,2.6654010889076942,1.8262628413742528,0.9413871893265834,3.768699218778686,5.264319941473094,2.275390075062161,3.074539480825351,4.083226008577625,4.322532321690702,4.098905582329293,5.512542255647879,5.573762240218609,5.6241941343741395,50.37222609039603,6.36115634561879,2.5250483877874625,0.1026719703510175,10.272208933231992,4.013392857142858,4.61026071228032,1.218647421679796
329-U1365E-6R-2-W 19/23,2.901123662799366,2.224023719965309,1.1276873043044673,5.158515985101059,5.684781989451764,2.6750430812263435,3.195678022615235,5.323234868545863,5.413203346798117,4.395207150572634,5.362877485506846,4.756116471585232,5.133696607933491,50.414855843952324,6.146657468169163,2.689297811753995,0.10678136352811786,10.357471739761397,3.8517857142857146,4.425850283789107,1.2322955159773872
329-U1365E-6R-2-W 99/103,2.7017989140415497,1.918105390611153,0.9714729512397462,4.610965165910499,6.285305531622168,2.4757090572890657,3.155519461309341,4.177417746162164,4.8486012827817975,4.264312600939088,5.450105628204438,5.5795591470115316,5.65959224421688,50.60172391716697,6.0343083489659195,2.5733344344699707,0.10513681862093892,10.345335286075848,3.901785714285715,4.61026071228032,1.2416990314634446
329-U1365E-6R-4-W 8/10,2.858683380183751,2.011311867489407,1.539837935121526,4.30583331883403,6.696101830684038,2.7273378246495183,3.4792476400180274,4.820786854255134,5.8803551832289696,4.38079956587761,5.466228338451122,5.339021413420272,5.504417055076498,50.397762184564634,6.169147808279782,2.5134653820247923,0.10654909402912706,10.542244990466036,4.016964285714286,4.61026071228032,1.3350440666880237
329-U1365E-6R-4-W 10/12,2.2229773783785354,1.5631846375390297,1.3249905790051293,3.4948588493801105,3.251012169656663,2.8340123220615103,3.3984760557332785,5.409655182882678,6.133063914993621,4.611754346886113,5.899181752502427,5.467844075882398,5.853896281516907,50.16475440564476,6.645153659660979,2.4560507593590972,0.11842443442801563,11.14197106486243,4.492857142857143,5.025184176385548,1.3779731872461818
329-U1365E-6R-4-W 19/23,2.412475014247402,1.4396623816728273,1.009268785544148,3.58483096758982,2.8985336801510337,2.6715197238220476,2.8914628111047413,5.825137922871023,4.642561994805665,3.958443018479154,4.912862276490526,4.578617672892802,4.6131756727094695,49.52158021549057,7.800125622794874,2.236184224264186,0.08096635076766846,11.23626056353371,3.6187500000000004,4.0109268196838785,1.0559038736960376
329-U1365E-7R-1-W 41/45,3.049225008423838,1.8657920449197272,1.1427174776380424,3.2498484573494464,3.4231772814293904,2.64283753599147,3.01956663169385,6.010703855058396,4.750424800305289,3.8621326343116404,4.935160039410605,4.606399520356278,4.647749985410109,49.85858306017845,7.217922355488467,2.465080010645776,0.0870132170702997,10.952292154536112,3.5607142857142864,4.0109268196838785,1.0393204422852858
329-U1365E-7R-2-W 131/135,2.6628087333885584,2.5557761971553417,1.0428028944402867,3.7031770997778026,4.0856584862176195,2.189625004197985,2.7919288042355603,3.4717413485261943,5.035047739741715,4.001987052084213,4.536004801621176,4.493547967589276,4.348073687302204,50.28508566848805,6.7651272080007825,2.336297705309542,0.07546218394724906,11.810835923165289,3.1026785714285716,3.7804137840698626,1.002788616743531
329-U1365E-7R-3-W 0/2,2.8007403776488204,2.6870824450665776,1.016093490162307,3.71421757434307,5.08001313531261,2.1988735056134328,2.5645473129199274,5.547299123412464,5.252078675619449,3.7449323571155895,4.461647453545339,4.513903449938521,4.224780308475679,50.49784991874853,6.653193855877425,2.349571511099409,0.07385228983341957,11.396166503835694,3.136607142857143,3.688208569824256,0.9397698104159555
329-U1365E-7R-3-W 2/4,1.7182542267258856,1.574091033790292,1.1285934591040274,4.1989099338590155,3.0901221852111593,2.340882869986051,2.9260842595099428,3.8688185695741155,4.1637818303416605,3.948963552674596,5.423013743414809,5.3664592570808445,5.414461258433962,50.16050682646547,7.175350999477348,2.4768663316405632,0.10039191920384725,10.018525308846089,3.9830357142857147,4.47195289091191,1.1714220725440265
329-U1365E-7R-4-W 0/4,2.9781231967818598,3.3180018998442926,1.1655698434279926,3.3465636750698144,4.76788674220694,1.926289240392949,2.185463661332851,6.6358724887368705,5.766659989537631,3.1973822254693336,4.031438481578392,4.225420301599715,4.034032632615769,50.13716637607309,6.838464335035724,2.5581083384465386,0.06326505061517514,11.238706571037376,2.932142857142858,3.4115929270874368,0.8850744096129792
329-U1365E-8R-1-W 41/47,1.4672394337095311,1.1245765849891844,0.8186579702242501,3.406304334592531,2.6491934721679304,2.139539321750169,2.6997676541529394,3.046679822019313,3.9665025049045535,3.7710046049921346,5.688330716628242,5.897735258974994,5.931232356857775,50.130537324382786,7.2050257043176185,2.422653786328326,0.09132864403997681,10.471743273368816,4.217857142857143,4.702465926525926,1.1972546940958433
329-U1365E-8R-2-W 49/53,2.9240634257959917,2.3799366179942556,1.0808091773102069,4.01158127866929,5.360210574092907,2.330303522360088,3.013317116083464,3.350409629916335,4.335729301762075,4.064951984530077,4.812844146477028,4.827962487670065,4.67793153207957,50.46700762993359,6.384125275784139,2.3021877091672653,0.08537194928530378,11.442226491609238,3.2857142857142856,4.0570294268066815,1.0566683586079266
329-U1365E-8R-2-W 117/119,3.7627388725791318,3.5521476072633322,1.0191130979727165,3.379543199347122,8.154728735774098,1.8575275877708146,2.138862138076878,3.527646279496145,5.530994714354728,3.031101892131669,3.97962573074508,4.2896405552660255,4.121274706019694,50.406652435948814,7.01755059034835,2.665558579937351,0.0655756100335035,11.59659292069858,2.7883928571428576,3.4115929270874368,0.8173826178004087
329-U1365E-8R-2-W 119/121,3.558291053727238,1.9158137452087844,0.8956674578631879,3.7113497389673933,4.975289964154488,1.9631736877235804,2.7866011783330698,2.88801764844531,3.9746671431112386,3.9684175135160653,4.4669829689632765,4.856992557099811,4.509093495093327,50.377011286567694,6.695204930382615,2.3176253348465696,0.07973784539183502,11.760614873752495,3.10625,3.9648242125610755,0.9954329313458693
329-U1365E-8R-3-W 41/45,4.20433815191102,2.551552998904051,0.9215322863768857,3.5406017239851257,6.480340923713946,1.8471616319315272,2.4285377154034453,3.6267315769132296,4.793629970836613,3.4286548685186866,4.305246882792248,4.644598170492215,4.270447135309138,50.53124942874455,6.765062714150445,2.598697883246832,0.07179730456453216,11.584018703186041,2.905357142857143,3.688208569824256,0.9058993451321139
329-U1365E-8R-4-W 8/10,0.5616640877814681,1.169857977262138,1.6208688814800074,2.412778055595663,2.479615032387595,6.0064921932161575,7.412605986462918,6.505642977060742,4.660008180955471,9.595116827591829,9.058218313586766,8.008278952183463,8.113642544601348,50.212017388743774,7.145230223492788,2.697337212550449,0.2686894305655291,10.384217238244037,10.0,9.63544488866587,4.200015543918959
329-U1365E-8R-4-W 84/88,0.3802163508481637,1.088521140421108,1.693398083843591,2.4477506219049454,2.503279410684445,5.78786435502183,6.838491146311756,5.541343327288734,4.482810405534339,8.662337043468696,8.5878941551934,7.797767741864265,8.047908081474061,50.433982122840554,7.576260386122721,2.6969648976677725,0.2425145407756717,10.51786122223536,9.061607142857143,8.990008388946624,4.027920996263968
329-U1365E-9R-1-W 84/88,0.3317378511133699,0.943282180281542,1.5771329637885316,2.0871152282692145,2.3462453929969795,5.292251640152329,6.063662602928388,4.823781620766668,4.463695035706375,7.900581636278215,8.130300119393569,7.234667786089175,7.394406055707695,50.43829813379193,7.855578866512903,2.608528334483767,0.2521404257462442,10.193545905550673,8.435714285714287,8.34457188922738,3.656247508961181
329-U1365E-9R-3-W 138/142,0.38424634667021357,1.2699277287374564,1.8202193401784768,2.6264195953671794,2.3292805962716105,5.834062270187888,6.860610588927764,5.694543971421844,4.522139925326191,8.577725473942532,8.658039260541571,7.853949874808092,8.090768791486354,50.47417863519568,7.707557628208506,2.6960643445086996,0.2004259488118881,10.459968736231458,9.075892857142858,8.805597960455412,4.201952863858115
329-U1365E-10R-1-W 46/50,1.830943650230125,1.536213171075516,1.6897684278579956,3.771985500363856,4.156113454973145,5.813931935296697,7.669869877518383,6.400173620973457,5.213899630324348,9.379166866550708,9.971540732700415,8.805487753696816,9.147471460702713,49.88185595899849,6.629750018609878,2.7309155339065825,0.23229613401780724,10.969697789946457,12.06875,9.294285595957126,3.784227618895342
329-U1365E-11R-1-W 75/78,0.35299796230830244,1.1229184589898533,1.683519102345376,2.5098685321883805,2.120573172602604,5.656651675669396,6.87950759630733,5.945686002439009,4.470455765788864,8.558531702183348,8.58846434518837,7.727713021705455,7.970044072712502,50.47697390890992,7.67773188740352,2.7188073833898945,0.22236844995660454,10.315670443299675,9.025892857142859,8.759495353332609,3.9808893934169327
329-U1365E-11R-1-W 100/104,0.3546904737058913,1.0415420039480516,1.5861696790657782,2.099456047666483,2.3264712981699995,5.500576641195436,6.591238473056718,5.2822807162469445,4.487779411162679,8.213090641448275,8.48291374634127,7.693546757316183,8.036239980910565,50.487904458527375,7.7852547988273475,2.735667832363936,0.24547673139560922,10.175692807366874,8.75,8.759495353332609,3.9144156279351487
329-U1365E-11R-2-W 0/2,0.3415548435150561,1.053465034830135,1.6115567735410108,2.5074975195721665,2.369499635920654,5.8200955767737925,6.934597739158611,5.842808134033859,4.423627293348298,8.798569767463174,8.636663987447491,7.824222770001768,8.097538904168317,50.42849817169014,7.448684771461883,2.672740157324334,0.2830021924607448,10.39802941499997,9.209821428571429,9.128316210315035,3.937918033213563
329-U1365E-11R-2-W 2/4,0.3250800705348967,1.0169812651520778,1.6029682847671758,2.199477745933283,2.328766428763871,5.450497093690349,6.262030227133484,5.382175421654371,4.478081894532945,8.072960085942297,8.25964783017616,7.24361239753071,7.358297851578164,50.423564964668024,7.738428647829506,2.6489958281107033,0.2469585370306263,10.150330854866018,8.57857142857143,8.34457188922738,3.640099296283885
329-U1365E-11R-2-W 89/93,0.34036941405441873,0.9130875555791659,1.3745759067855579,1.8128032770134843,2.5060811452070744,5.257917000502281,6.05907267224222,4.394530565564456,4.453265601974308,7.793340408527017,8.12893573522676,7.280997455019605,7.451852682945639,50.4337962515909,7.870740513167024,2.655761970324696,0.2499255264670309,10.169654446146687,8.293750000000001,8.436777103472986,3.6836901437375467
329-U1365E-11R-3-W 77/81,0.2525693402081178,0.8005198294216991,1.5268544669164437,1.8876384876629018,2.162570621545373,4.913388474027839,6.100506455627422,4.219864727978579,4.482618331782252,8.234813612230406,8.287829676538196,7.246703372834494,7.401302227442754,50.422259189403675,7.641872446148329,2.583995090304312,0.32587441091454744,10.486189708456466,8.490178571428572,8.390674496350183,3.388069063167372
329-U1365E-12R-1-W 19/23,0.2961475422247173,0.9824790324357247,1.564394553964176,2.3588988663062462,2.0487559033602447,5.6054195528111554,6.71325741752187,5.486952943123561,4.464672645141411,8.454265876876557,8.736790675711145,7.739866487023511,8.014421486481886,50.45319403027911,7.598579429540721,2.6761156993524886,0.2722733234696485,10.371612159959481,8.98482142857143,8.851700567578215,3.759230302259337
329-U1365E-12R-1-W 71/76,0.30067922183939766,0.9264092433786096,1.4791793114918759,2.296128376974233,2.035228491856384,5.561704409751859,6.773890042716095,5.759854426532526,4.527383418511926,8.626888509393941,8.80448257213186,7.773243131040721,8.038521343000527,50.436930885518436,7.248410460336379,2.6672308307518673,0.30005034366527683,10.65175778378702,9.137500000000001,8.897803174701018,3.6559962171943794
329-U1365E-12R-2-W 66/68,0.35493485349044185,1.1060600497099953,1.6817835149951803,2.5445504189380075,2.2433171640519487,5.7508472783844615,6.881030131481885,5.706244631432035,4.44622403155382,8.63964715657275,8.60336654002104,7.803529229576132,8.041590267332872,50.43998970935279,7.57315883510454,2.704620688758932,0.2552375709108464,10.4944632360982,9.063392857142858,8.897803174701018,3.993338343828457
329-U1365E-12R-3-W 17/21,0.41845039150995894,1.1280401790043648,1.6982317197692023,2.3070903344437252,2.409049704524686,6.038017599482918,7.124612238587848,5.777704085740353,4.627086392147625,8.866754970104168,8.827091442916533,7.932779274012329,8.182745456503586,50.43303323579809,7.472205096214442,2.669373483221052,0.2671049150093065,10.41431604127409,9.43125,9.312726638806247,4.127192862045299
329-U1365E-12R-3-W 128/132,0.37010042864733755,1.007299339620063,1.571006846808639,1.9351154497130945,2.63545076141411,5.219299148204997,6.027115198076419,4.831001523379153,4.462853562377097,7.889725514041142,8.128381237680992,7.222430025104006,7.438249720872417,50.4395041467983,7.87277100353721,2.6564517650677733,0.23729679197444128,10.155591690299888,8.304464285714287,8.390674496350183,3.756532889636128
329-U1365E-12R-4-W 60/64,0.31192141232716425,0.9500529476214158,1.4034125317707689,1.9274003805029585,2.3379154198140455,5.233850989335031,6.3265372238222835,5.10911136327476,4.423577979240826,8.11213007055135,8.28309451020951,7.548104652448845,7.9164619174511195,50.45814413953198,7.694929145295977,2.6338380318059964,0.2682800325164139,10.276940044534813,8.508928571428571,8.6211875319642,3.692288530838763
329-U1368F-2R-1-W 13/17,12.80645397188665,15.826808426593612,16.70202134154949,22.80245616529427,14.645146577421876,22.331332791704195,17.212005407528295,20.76264723035688,13.746022525046643,13.609963914908839,5.749622693949375,4.077848426573561,3.578836781545317,47.59411458640003,8.631718725625126,2.4493228564170937,0.2652959277855269,10.329524554052025,12.614285714285716,8.805597960455412,26.198728211669106
329-U1368F-2R-2-W 13/17,12.271991511897964,15.184415851124268,13.554532308912668,18.537455774720158,13.805490199154377,20.51240833983357,15.296360198190298,21.65683703509317,12.449679282132132,13.198266815521142,6.4038610569240495,4.522280510640362,4.336259874067544,48.120511991434725,8.67448469957865,2.494863590976927,0.24714620340732185,10.65525598297231,12.150892857142859,8.298469282104577,24.642879850397385
329-U1368F-2R-2-W 134/138,12.362287120285972,15.199359111976868,13.801976444578742,18.16876361796886,14.2345864105321,20.697919229489575,15.234358832960186,19.232746200881255,12.578104756374826,13.13979819346568,5.808445910132599,4.445597039090497,4.083790261487322,48.3646513498397,8.688697373593593,2.3827209798804296,0.24534341101176382,10.949514351674186,11.943750000000001,8.390674496350183,24.224126217226594
329-U1368F-2R-3-W 110/115,11.74389021601752,14.860307752265792,13.566560204986077,18.436546242669966,12.944973357802226,19.456352418333076,14.873959654391358,23.74959543011875,11.05077449623364,13.048374735683028,6.287479684453859,5.3160547019605495,4.856067128812634,48.308593088895186,8.442769803038937,2.3080582091616284,0.23274315160238485,10.987396908187016,11.642857142857144,7.975751032244954,23.911108768713337
329-U1368F-2R-4-W 61/64,12.01549031580864,9.346274517429935,11.485566077059348,15.899142863703394,7.669778001141976,13.818183227146026,11.314218821341502,21.032703241781963,8.917250967472748,9.871592648704784,6.675594831457914,5.763653881626596,5.691851782537979,49.09225669464756,7.7312671716287475,2.5370660535230884,0.2146721785863558,11.401226127003786,10.153571428571428,6.8231858541748736,20.050046275809827
329-U1368F-2R-4-W 86/90,11.912165949754362,9.251746585354745,11.036085961357623,15.925499773673627,7.810162687670295,13.840597831180833,11.35954389433446,18.32193045343737,9.821463231482047,9.672585143954203,6.671630527974975,5.843984425570249,5.697088168073948,49.047767023944694,7.698498117843149,2.5009980547161796,0.22240076210673837,11.430635190803399,10.11875,6.8231858541748736,20.44202937981345
329-U1368F-3R-1-W 19/21,1.2651196196742707,1.9051153027715861,3.1358784021906554,5.511819216227169,5.925340035349581,8.714980732543507,9.854354262640271,8.992470852755888,6.092143538646406,11.57232624707344,10.590773786105931,10.39963563005049,10.419475299891621,50.471906286129,6.473875528082177,2.8077718055173975,0.22920731715029072,9.932691148020238,12.324107142857144,11.341241352209586,6.592522312764634
329-U1368F-3R-1-W 21/23,1.2389496177393662,1.9304677626883922,3.146198295759201,5.449105632764347,5.74219277806635,8.425662903012853,9.780657865748678,8.73470545801624,6.080060499101105,11.558039617815682,10.38445327865345,10.044755036691752,10.120749121400438,50.40700998850956,6.529514332165654,2.8054229675006246,0.22789279542801721,9.9438876112259,12.132142857142858,11.110728316595571,6.66238664386261
329-U1368F-4R-1-W 23/27,0.9031506971166693,1.7062188021484006,2.17926930165298,3.312705653371278,5.337728086895198,8.175501330286155,8.815397828797073,6.6978555473806205,6.038469116810174,10.596924369834747,9.478445838216887,8.571655412589921,8.750486107577457,50.42564109077677,6.70977660707514,2.8246699256123975,0.26461612731044004,9.976149073569777,10.565178571428572,11.156830923718374,5.945851196864222
329-U1368F-4R-1-W 66/68,0.9355367203036302,1.7825362890143457,2.229843096994996,3.837123701362513,5.729981017821679,8.256769674311284,9.367294050101453,8.105888100775902,6.0321184212944,10.639896224601685,9.215982648005022,8.623358560882757,8.679209471854975,50.43224569010404,6.761167237666771,2.756203253793252,0.2637254492188902,9.95050828841396,10.67232142857143,11.202933530841177,6.16202314165498
329-U1368F-4R-1-W 129/131,0.8209353653448623,1.744619869855717,2.960187838711771,5.185792105729717,5.4266145215386326,7.981218324674086,9.730844490028776,6.8519271606433865,6.301831402740172,11.483279658129964,10.373298266788431,9.895392304192816,9.399410279627558,50.3654356510689,6.626004314110319,2.7686699847420555,0.22949988014638,9.948797645301594,11.686607142857142,11.018523102349965,6.441832632071062
329-U1368F-4R-1-W 131/133,1.046077704013649,2.0672077882984348,3.9990270796727208,6.105320813863489,6.0156103489854,9.39879147313017,9.911857724928966,9.187508123852963,6.344750348152569,11.563528791449183,10.816601666634831,10.60970666490317,10.662113577568272,50.42584783272672,6.465513608608504,2.816156391162732,0.22344267351103284,9.997860426268414,12.546428571428573,11.295138745086783,6.849052161695131
329-U1368F-4R-2-W 14/16,1.2651196196742707,1.8987666194971087,3.161841107203533,5.511819216227169,5.925340035349581,8.551067772830988,9.854354262640271,8.992470852755888,6.106485435970897,11.564508962823478,10.57435435810438,10.323741971198334,10.368189453392537,50.471906286129,6.473875528082177,2.810937783897091,0.22763024074952243,9.932691148020238,12.314285714285713,11.295138745086783,6.585588268087578
329-U1368F-5R-1-W 30/34,1.055700052465077,1.972012407550483,3.7845576133034475,5.803075530838253,6.162392891530696,9.072497178894082,9.987381958600018,8.367386661989308,7.022995651039552,11.64556479979955,10.752623036562987,10.416454731291642,10.420655068728442,50.355287565534006,6.463534652731087,2.7938614921399383,0.23768094704077408,9.922057113873295,12.300892857142859,11.617856994946406,7.104020100106667
329-U1368F-5R-2-W 64/69,1.2086793112286154,1.8487672669180877,3.136371173659129,5.511819216227169,5.8944760562103165,8.386003743930594,9.7856981426314,9.034936864896173,6.401537466856084,11.59643678755453,10.452461279835864,10.062573705521736,9.98270877934337,50.429670242250396,6.530624670711916,2.7929621600620957,0.2287221069531197,9.93339132245096,12.024107142857142,11.156830923718374,6.645476920649462
329-U1368F-5R-3-W 9/14,0.9295720239484607,1.794811996784096,3.018323188648226,5.185792105729717,5.312800799526208,8.076696292960053,9.754863967877885,7.709599230071107,6.245660215893189,11.526415633786753,10.22385334088055,9.851857241027139,9.351062275575973,50.32619515995986,6.639065596144826,2.754861590776485,0.22949988014638,9.963542626297714,11.649107142857144,10.972420495227162,6.537842374543322
329-U1368F-5R-3-W 93/97,0.9083535331745645,1.6273447210581597,2.9286559116371595,4.819435951848128,5.359589302826509,7.934552825739353,9.786875113021061,6.749748621925687,6.705311745719628,11.526415633786753,10.428409510608896,10.056165034433976,9.855546840486209,50.405535411309984,6.605191341870036,2.7713184577022574,0.2278308178693134,9.943698538996905,11.866964285714285,11.202933530841177,6.5221394672697155
329-U1368F-6R-1-W 83/87,1.4027649372741624,2.1626519627801404,2.8414601627475915,6.527560227080557,5.181865930926155,8.533994525924212,9.790105787070242,7.57734955580017,5.3517758193642315,11.913623530660038,10.935795185913989,10.625298657854035,10.58940650471381,50.215555810036356,6.527054878719347,2.7794861463994036,0.21774186897462075,10.292075537200162,13.454464285714286,10.880215280981554,6.322066550701746
329-U1368F-6R-1-W 119/123,1.7831149176229162,2.323330508960411,2.8252752365695404,6.011580734088974,5.260757227257623,8.001844961497243,9.759282448720052,7.691776997506419,5.5326439346394904,11.28728606603165,10.65428175913895,10.28964412421632,10.679278291170812,50.09080580233627,6.717135776132656,2.805304847531399,0.21378118777654648,10.421186206421641,12.644642857142859,10.465291816876325,6.061234471858164
329-U1368F-7R-1-W 48/50,1.9783518926483852,2.2960519604805025,2.7253669276683103,7.110881664213015,5.378213146257458,7.60363076845788,9.30101970098645,7.961983747019081,5.4234262608733035,11.000452579228991,10.604427486365214,10.235783847609355,10.595310193018108,50.09025293985128,6.758382135921403,2.773637811572455,0.20871335776261102,10.672312334569904,12.625000000000002,10.188676174139507,5.764108950250578
329-U1368F-7R-1-W 90/92,1.7529893453484577,2.3037092882938306,2.7938515770892844,7.077391727671808,5.233523701198201,7.76758769023286,9.632566495355661,7.582868352707531,5.483639021938652,11.191794523556224,10.614416249260998,10.245854880549361,10.783817353301272,50.119622611000366,6.7540296832030275,2.783061426675586,0.2105367060581124,10.45734212842524,12.762500000000001,10.32698399550792,6.036711042443244
329-U1368F-7R-2-W 8/13,1.8040849575583926,2.0899691538765315,2.897064481392476,5.845295963740788,5.495922925447073,8.505551481314452,9.888877744123416,8.070678066393944,5.516537103032024,11.901331880333663,11.183394406670212,10.865061780742792,10.752988955093869,50.276709649510586,6.466121245489142,2.839929705592607,0.2263689302360683,10.308967653717698,13.333035714285716,11.202933530841177,6.207078247590384
329-U1368F-7R-2-W 46/48,1.936508932449795,2.3249896032248927,2.7886165207631732,6.485675325884578,5.04139031935648,7.589967963791819,9.354180351590278,8.329527913401932,5.660829119932103,11.003790303353775,10.300678143044369,9.095427812317126,10.382875148762361,50.066167408537495,6.771914821080146,2.8029054257735364,0.20903800163304653,10.631320986420695,12.34375,10.142573567016703,5.924020832002822
329-U1368F-7R-2-W 93/95,1.9584293347379427,2.3652191245026883,2.931092144756355,6.276623058668396,5.228315937643288,7.634396516377883,9.309481377021624,8.497323967031669,5.593072239936429,11.022863748159812,10.319591745872016,8.95126004834584,10.024232718366179,50.05928804767937,6.771914821080146,2.825343526550196,0.20854395500832118,10.593153716178653,12.213392857142857,10.188676174139507,5.987857796207087
329-U1368F-7R-2-W 113/115,1.5977300655351954,2.2536587333507914,2.860928928098487,6.630188463355748,5.0847011763015475,8.065187182106454,9.662250671948525,7.606447454366271,5.471061856653334,11.699244770623858,10.853922313134492,10.530225055579889,10.782838129137813,50.19414776697835,6.5728677396558535,2.794587517268071,0.21792444874959227,10.38121138265288,13.050892857142857,10.64970224536754,6.277968796852947
329-U1368F-7R-3-W 16/20,1.5995839632674635,2.275863492990025,2.836386126703035,6.2172829575494495,5.211034468254061,7.8141545002348805,9.68300117048212,7.872398785444605,5.52164048913279,11.401756464452285,10.689099113194828,10.320235251710011,10.880034490503338,50.12027174498292,6.651490967498934,2.8058395992157337,0.21562439428652166,10.401495023621203,12.779464285714287,10.557497031121931,6.230922761351628
329-U1368F-8R-1-W 31/36,1.663237503163946,2.245813609865753,2.8533198586996593,6.495149137144422,5.2318391420352865,8.261779248494944,9.69577704113625,7.342745260134016,5.393623217105378,11.843024875597338,11.005484299476414,10.621149960452238,10.619607295909933,50.2122189385553,6.510245612897903,2.802313541642945,0.22002359624324255,10.340406039751288,13.266964285714288,10.834112673858751,6.178979735496475
329-U1368F-8R-1-W 129/134,1.8717362200344156,2.275297216119572,2.847867749326703,5.81260200080471,5.2775685722480175,8.02707557566502,9.768744051514048,7.368514194442265,5.5248326701978305,11.629318243979837,10.777309807763148,10.213057818493944,10.711777316458361,50.115406899335326,6.4735581287476425,2.8074616822374034,0.21440062821061046,10.369713922719042,12.965178571428574,10.695804852490342,6.016507140917596
329-U1368F-8R-1-W 143/148,1.5765074736406102,2.2024061926033704,2.8922620686652043,6.655436066641917,5.17218086813371,8.355016533945598,9.616484204048566,7.863303318946731,5.425676221099481,11.719397243130159,10.837945439742297,10.552063209510333,10.825116474071011,50.194738966088046,6.600620522359438,2.782941801425433,0.2161040813407555,10.365697969331695,13.134821428571431,10.64970224536754,6.375565546134088
329-U1368F-8R-2-W 121/124,1.9522969982605245,2.2469965798890867,2.7111817991296103,7.023785143893001,5.287337203094081,7.568620798365997,9.405944550508298,7.775530271807523,5.4234262608733035,11.09970011370916,10.683489589309467,10.244857299667455,10.69215588037913,50.14927917529815,6.728647969250429,2.7630758911993483,0.21028229192469972,10.66518206445786,12.833035714285714,10.280881388385113,5.826245326573669
329-U1368F-9R-1-W 29/33,2.48280258575848,2.3171238197648196,2.873105494953637,6.626540915030383,5.515396399601834,7.612025175934128,9.303906047663569,8.529709735353194,5.752659492152016,10.991011806636584,10.331511081951378,8.8815923319532,9.551045968739755,50.065954348548054,6.765061794587757,2.8048291675542023,0.2083298817357726,10.701552472166096,12.04375,9.95816313852549,5.760185760694384
329-U1368F-9R-1-W 95/99,1.8759916705373867,2.28685706564023,2.7775414028506686,7.048507643635902,5.418927965581565,7.670282361606425,9.430969490334947,7.888589247450645,5.417387332221579,11.027202524583986,10.605212781673151,10.270388853295916,10.578982825016018,50.09501944455525,6.7592376048240395,2.785029175014135,0.2083450518998644,10.56337822169847,12.657142857142857,10.234778781262312,5.901206171107995
329-U1368F-10R-1-W 0/3,1.5963590976132822,2.2536587333507914,2.8760763610138302,6.419843990384946,5.095904230061926,7.8955099893097325,9.696500048221816,7.532593693025969,5.530958477322829,11.53180803035879,10.811010419404953,10.366360824227199,10.732712152481186,50.12027174498292,6.532567835444991,2.8033227735185378,0.21564772871501547,10.375318676295835,12.989285714285714,10.64970224536754,6.229920329356967
329-U1368F-10R-1-W 3/5,0.8196972735806475,1.8502536699411312,2.4290432341345656,4.019016587492272,5.523618606182511,7.809020352740595,9.199025582512473,7.966405846883937,6.064322192494946,10.675199483452307,9.205411521283436,8.53010160717777,8.471083562226035,50.32660800869062,6.749000239580744,2.7039170362427645,0.25903777223988705,9.871109844493251,10.839285714285715,10.972420495227162,6.27989327695814
329-U1368F-10R-1-W 112/116,1.7659885708168164,2.266185436859922,2.8695349283655283,6.449054820059191,5.283090928410838,8.024250137461806,9.694518752783534,7.334849571987834,5.463389739537581,11.471980529353614,10.672863877583074,10.383226058115234,10.714455760285428,50.115406899335326,6.654577447295998,2.802313541642945,0.21488208184626462,10.397354099032189,12.89375,10.511394423999128,6.0902413427672855
329-U1368F-10R-2-W 57/62,1.4497447955746838,1.976652737510436,2.8681300910594363,6.436812479763888,4.966695101316499,8.595507544559515,10.40086539498756,8.114986674902894,5.317816877907223,12.511817573933932,11.411206516606477,11.127715020350958,10.937255299802095,50.29934143667647,6.579753581787422,2.7630813431223458,0.23114625085031268,10.221902729568782,14.088392857142857,11.341241352209586,6.633855133145479
329-U1368F-11R-1-W 10/14,1.3890814555344662,2.029303773660229,2.88022407808219,5.91446934698458,5.1715562463126075,8.65379957876762,9.864363083554075,7.759239116952522,5.349966395143431,11.925514077274002,10.92573847019816,10.81558101789452,10.775489323794408,50.27307284651861,6.475864486413502,2.803855055993932,0.22610120087075017,10.274852648588379,13.56607142857143,11.156830923718374,6.397812800442671
329-U1368F-11R-1-W 81/86,1.541934168005409,2.0790361881658113,2.823228139105075,6.310404167096876,5.072010172649254,8.621741085958966,9.783381287497075,7.967958388453738,5.391406488533009,11.941192112476136,10.873235913399405,10.779577414458666,10.771957703771772,50.27307284651861,6.4750448820424635,2.811778519657751,0.22684085067676096,10.296346538535573,13.647321428571429,11.156830923718374,6.202348531076516
329-U1368F-11R-1-W 133/137,1.8072555344320753,2.249406754691405,2.672903501984601,5.744133599574499,4.957113984009506,8.085386914606525,9.815885342271752,7.893431093869118,5.372903727526759,11.777842081080813,11.024695468733515,10.427858968627687,10.708114383607871,50.157379740217024,6.519025397777036,2.8121574778265863,0.22163365457361683,10.37311331891433,13.133035714285715,10.834112673858751,5.8006661322299555
329-U1368F-11R-2-W 20/23,1.9267170256535082,2.245497118117078,2.8144566366801556,6.345288855044064,5.083349450119638,8.02987233643046,9.702599122881859,7.416144836109768,5.372549904182879,11.821034558974183,10.91608941967667,10.478612524248168,10.648759057979486,50.17482977541113,6.540168237483516,2.789687449710642,0.2151642208423175,10.364094955635679,13.330357142857144,10.788010066735948,5.993924562943188
329-U1368F-11R-2-W 74/76,1.8733330825608785,2.2645213944652824,2.9451655928306355,5.585614911210532,5.643184198535143,8.217181308806058,9.840869528738729,7.376205278709835,5.556554748679047,11.681433307914293,11.036106398590277,10.300799837099175,10.642808561805992,50.14851895295214,6.471005517842507,2.8117845873345453,0.22125490710765905,10.324246222719031,12.911607142857145,10.926317888104357,6.095998460134378
329-U1368F-11R-2-W 76/78,1.7552266696279308,2.249406754691405,2.6532528939030047,5.707892720326185,4.909197882437533,8.1021770488491,9.815885342271752,7.857547739866629,5.372903727526759,11.770364583583296,11.012444584219535,10.407400548425542,10.670917622420616,50.157379740217024,6.519025397777036,2.8121574778265863,0.2220407329565198,10.37311331891433,13.183035714285715,10.834112673858751,5.789351249474611
329-U1368F-11R-2-W 110/116,1.6885724622679927,2.266185436859922,2.8777609617264996,6.39279045398513,5.1912075566458,8.035655762654883,9.70174081216434,7.4557140100905315,5.4879230956894265,11.805489365813127,10.811981726233453,10.435376320320813,10.702481843909284,50.162248660288135,6.503898405780604,2.8074616822374034,0.2154826266104091,10.358498185313783,13.073214285714286,10.695804852490342,6.1547534653285005
329-U1368F-12R-1-W 29/33,1.9366165985176613,2.3074771021514113,2.9512176770778566,5.557409323325218,5.606436799904106,8.19886315388545,9.795245500447423,7.674791556840557,5.634953267003572,11.53033042912567,10.812258658815509,10.316092237520458,10.596983763387989,50.109589420524976,6.4902136317528525,2.81675096073902,0.21512866718236534,10.374700413198562,12.741071428571429,10.741907459613145,5.9834564438211
329-U1368F-12R-1-W 71/74,1.6273447800355147,2.211168937377822,2.8766514563489536,6.336842936699822,5.26860014319976,8.60928079680561,9.715057540082894,7.659663375918178,5.398233745223012,11.837057143347996,11.011354316369234,10.566602637314265,10.683512055453239,50.2122189385553,6.510245612897903,2.803855055993932,0.22018248765710996,10.319377971485473,13.219642857142858,10.834112673858751,6.265911809464059
329-U1368F-12R-2-W 11/13,2.179935633804,2.255581716046108,2.952946600065407,6.258415321368558,5.018987330696584,7.821467980673756,9.431751033525796,8.065356998353836,5.726990737339029,11.052354594626815,10.225809321560062,8.962314405961495,9.871885262666407,50.10058124563183,6.749022718536441,2.82007821546248,0.21234526745933407,10.613407858680368,11.988392857142859,10.32698399550792,5.732584940716167
329-U1368F-12R-2-W 13/16,1.9966881587531782,2.273097566669335,2.680050478980288,5.767159945935757,5.0301536315165665,7.840792078405653,9.395978700913984,7.788725468386261,5.664882239539788,11.003016758968206,10.19969673950538,8.968650828164117,9.893664645105481,50.10849220759346,6.736430403613365,2.8295861571868897,0.21475372262665363,10.555178520587408,11.985714285714288,10.37308660263072,5.609468706696376
329-U1368F-12R-2-W 122/127,1.8279508931095212,2.3594131540494296,2.9804052393809464,5.691447825104881,5.381364314156522,8.231355330320824,9.808204881576001,7.558015222321206,5.5774931783022925,11.534939645558904,10.700926225857184,10.383773070925216,10.634657086251318,50.13109658393962,6.495325432889149,2.82364229128537,0.21543637211794295,10.339622426105738,12.55,10.834112673858751,6.061356942496494
329-U1368F-12R-3-W 51/55,1.8805305899509095,2.3009171999080795,2.832467001333573,5.543096978227515,5.34301492148669,8.127618411456057,9.564041868922523,7.784533096645853,5.553096863707465,11.343490286016772,10.676656720836059,10.296710498058028,10.63455628025204,50.081956776002755,6.539414924470101,2.812153820707266,0.21459383742478544,10.381822032217956,12.649107142857142,10.695804852490342,5.8404755254283485
329-U1368F-13R-1-W 7/11,1.7034538837225952,2.0447718388615628,2.9182496389087382,5.811179155052344,5.495922925447073,8.703904534977614,9.877627932332658,8.062693487668742,5.480482234604274,11.910648922866164,11.166257481244912,10.869114632350854,10.784747752351961,50.27307284651861,6.466121245489142,2.8315452909299057,0.2263689302360683,10.308967653717698,13.355357142857144,11.202933530841177,6.2836089915977205
329-U1368F-13R-1-W 71/75,1.9122713755784475,2.3027665783609264,2.833641057265576,5.598133972772567,5.6643307995047865,8.250004817519134,9.819375626179749,7.6287897880554425,5.597144033729882,11.508809585280426,10.885379440044401,10.378522312928569,10.702850665584032,50.15384492098472,6.4780771873852805,2.820202121526848,0.21656667250993,10.333777012507213,12.791071428571428,10.880215280981554,5.934230817580609
329-U1368F-13R-1-W 114/115,1.9354827031373203,2.2696076524108757,2.8152701203245654,5.622430680944379,5.191915413310839,8.162004539554937,9.55726161907065,7.774146333582369,5.598217987602525,11.228009126870665,10.701119279680226,10.075983724108822,10.670992173916868,50.05794423820906,6.65742838999239,2.820202121526848,0.21170805989484076,10.434577993061332,12.505357142857143,10.64970224536754,5.896513108210164
329-U1368F-13R-1-W 115/117,2.1366467641907505,2.273097566669335,2.751621375246625,5.78620299632712,5.236090947426697,7.843855447875573,9.431751033525796,7.749314259205717,5.7203123356051355,11.146555602821717,10.566473262850751,10.049720727572955,10.395788126482309,50.05569845159726,6.714570014390632,2.819657255900965,0.21100589938268766,10.536560104338195,12.300892857142859,10.511394423999128,5.7489064788363535
329-U1368F-13R-2-W 54/55,1.8591254600291107,2.3676692620900384,2.8970363756118838,5.663755504126126,5.5723807332910535,8.099445795187311,9.73646721732235,8.08389786233965,5.686066722446864,11.34757384353458,10.69913827925447,10.160824216777575,10.70975760686189,50.05262845412091,6.701541616609256,2.805301199323701,0.21119178250543966,10.414875486160604,12.487500000000002,10.557497031121931,6.054232624208036
329-U1368F-13R-2-W 55/57,1.9173010001581523,2.273097566669335,2.8264876867739863,5.732445470660518,5.120519776470756,8.073750753625227,9.518632203739342,7.605229277078302,5.68217297623441,11.341644968376997,10.529050888585761,10.073951438469678,10.529877626975141,50.11317458075699,6.587571758219667,2.837901032031892,0.21249498280841128,10.359957367256486,12.345535714285717,10.695804852490342,5.854502546223581
329-U1368F-13R-2-W 108/110,1.8546356894314395,2.284568272771898,2.802533584710254,5.689499262423924,5.114733617183942,7.896143066925803,9.52520343358179,7.777720624169989,5.495802873784458,11.100856015145162,10.609788010739269,10.095859185889578,10.687033589707806,50.06147229840664,6.725746623001377,2.824977868674436,0.2103692650459085,10.470363431617582,12.50714285714286,10.41918920975352,5.90432346106203
329-U1368F-13R-2-W 120/124,1.8616466787285864,2.3676692620900384,2.945882349249822,5.822785545957903,5.618131884180676,8.099445795187311,9.694916498961668,8.211216984169456,5.730070344964014,11.318373286815081,10.619733431057226,10.168837361700618,10.680453376024204,50.06245883499134,6.717135776132656,2.8074511369336546,0.21119178250543966,10.422453548101123,12.425,10.511394423999128,6.067374729057757
329-U1368F-13R-3-W 52/56,1.8907328410940722,2.29853968659752,2.931077678038468,5.5968217485161,5.203553287048425,8.048493414415773,9.759513628208529,7.429431900813873,5.5146785528118025,11.38567811175858,10.810837472287979,10.362506654303441,10.821509721680027,50.115406899335326,6.570424081961827,2.824977868674436,0.21435148490442957,10.39776533048179,12.804464285714285,10.64970224536754,6.000416328338377
329-U1368F-13R-3-W 131/135,2.2261219716563803,2.295975800759416,2.7597614537274087,5.744110204371318,5.227239970812552,7.802785407444535,9.409268421211937,8.225985774882533,5.700657754889611,11.06297973919303,10.53579605747195,9.866540106475002,10.361766567737938,50.054589672438716,6.738151610471566,2.8157873729142993,0.21203300847504275,10.633355492910354,12.304464285714287,10.37308660263072,5.626459123797706
329-U1368F-13R-4-W 22/27,1.9053727549466,2.312900771739249,2.9562121307252776,5.598133972772567,5.531285693753585,8.242017953567286,9.808204881576001,7.5766132979816305,5.654381313481108,11.53033042912567,10.760256455069475,10.357353108128557,10.608120165963083,50.08727567487292,6.504908376509305,2.820202121526848,0.21648651284795314,10.39238240807509,12.64017857142857,10.788010066735948,6.0095207024818595
329-U1368F-14R-1-W 39/43,1.6226158781242477,2.2863182003945295,2.8655186448370005,6.371791249986016,5.2906484078056835,7.779291851465416,9.679493679545159,7.733465504279164,5.5312460533742795,11.336785045025213,10.637880438745098,10.287203847785916,10.739804819648059,50.09993248635222,6.711031538884198,2.8058395992157337,0.21540712982909752,10.41240536380222,12.6875,10.465291816876325,6.194671116871128
329-U1368F-14R-1-W 140/145,2.931051907096748,4.199719391919012,5.274711344703471,8.231974840841188,6.497164829922005,9.016702858528436,9.74562460333888,16.180158219650686,6.574790800426434,10.772543280019558,8.825161619689547,8.281405711588656,7.96122680143843,50.098326334978715,6.8426239880859585,2.7009894083073176,0.2243442003848143,10.152528697813333,10.994642857142859,10.142573567016703,6.932646518245477
