,Rb,Ba,U,K,La,Ce,Pb,Sr,Nd,Y,Yb,Lu,SiO2,MgO,Na2O,P2O5,CaO,Zr,Th,Ti,Nb
ODP0129-0801B-043R-001/132-135,11.355212127493227,176.07069534154047,0.5781422259969676,5700.6616781150215,21.81558658025428,48.02938123816324,1.279063638089755,434.38904622385365,29.889622204525363,36.2452953932941,3.112039819761364,0.4637861553762582,47.62594609403431,6.164597886295191,2.973505438335842,0.47561497972098526,9.065390617977666,235.0,1.940875781937591,14503.880200833886,24.844945015288264
ODP0129-0801B-038R-001/022-025,9.288200393733936,154.44069388859796,0.5671930888392909,5382.1220693292535,20.481125056202114,46.993792157001444,1.2409090292266922,451.30038186577787,28.647171991775235,27.325636058235148,2.107241409961847,0.30942953584533456,46.63684689680457,6.123385019385301,2.670302671697189,0.42862212700055646,10.146656145041959,194.0,2.014471293803364,16002.21493232499,26.20286403444548
ODP0129-0801B-040R-001/015-018,16.428122206766968,287.7118443480987,0.841476467089409,6813.209687405382,31.301544614463563,62.068460524260956,1.5628446825868334,597.4252234759504,30.946997040772434,21.795504647236534,1.5779391960481055,0.22377140724593025,44.236830279929734,9.503695791276575,2.5389131285865236,0.389056488899375,11.579603344404667,153.0,3.139317628300897,19778.018455682573,43.02359697252256
ODP0129-0801B-041R-001/020-025,21.957280659238233,321.65451688998917,1.0011951881617542,10327.80987257681,35.6185899509237,77.16775781208771,2.0068289061972333,658.7048203697908,41.26669066487145,38.75057555234505,2.4056412615213962,0.32747667021157717,47.22534815854201,6.735632755268659,3.158495462918885,0.6518984339202145,9.454442645810024,308.0,3.046969355216941,21336.28657643332,52.184831748405074
ODP0129-0801B-041R-001/026-031,18.03606590549147,259.7989497091814,0.9440287284122479,9056.51958150051,32.17176799918733,65.40704596141188,1.6225866720630902,550.3432885978198,37.05060162301775,31.456400428178835,2.312460045922079,0.33521900998561033,46.61265120139649,7.953128578455407,2.794639363748066,0.5472481909197797,9.544088533231035,272.0,3.043854164812136,19837.951844942218,38.55486027879371
ODP0129-0801B-041R-001/130-136,20.41854867173497,322.56877853447037,0.9606173022607466,10481.684518652677,33.60353157369721,69.7891121602213,1.8512738926753791,649.1677813446079,37.49679719514488,34.10156750526139,2.1933769148206257,0.3141798923852323,46.545067924549194,6.881074842149585,2.9330148845906923,0.6031671009740431,9.105590823344993,285.0,3.149465134849061,19418.41812012471,46.19516997530017
ODP0129-0801B-042R-002/000-007,18.5927715449787,311.1726490575186,0.9810169381322877,8411.98922121014,33.14864807449072,67.97738449183417,1.8579305394627603,627.4688784044575,37.70514027912695,28.735743476883002,2.0599509005069434,0.3117171770788101,45.37919790229518,6.690308950989446,2.7987108224241237,0.5933204681670414,10.63456639779212,243.0,3.0956734770024124,17320.749496037162,42.09436632046726
ODP0129-0801B-042R-002/129-134,16.437260258113017,252.0851376494594,0.7232299370109478,6901.374848791816,25.648967201320527,57.84283338619899,1.5926706051954893,531.4016642047083,33.60445015488012,31.316822708417934,2.23605977446664,0.29873769936610084,46.73401882105991,5.611350760405891,2.99811366371949,0.4904992071172172,10.137253657067816,233.0,2.556563692107213,17500.549663816095,36.964296935089926
ODP0129-0801B-043R-001/022-027,15.237506184269368,241.02157926670597,0.722103315379769,7050.408174727284,24.39022322716626,56.31651056735255,1.550776277035478,521.7488533886669,33.71743503641532,37.45617019581974,2.6425851821109276,0.39914006867705953,48.26632023712938,4.990391252959397,3.125743234246061,0.49279017539423026,9.719211322365386,244.0,2.36949331027492,17620.416442335383,35.750050018178925
ODP0129-0801B-043R-001/128-134,15.794729264448868,261.1547018749425,0.7791043118471864,7145.982556086824,25.25197449493586,56.593164826801264,1.7963362948307213,493.8612953262579,31.091731889162887,25.80137453091503,2.083437302169071,0.30728751410743443,46.08426887339866,9.977342523233238,2.749538399198332,0.4692669164155499,10.477085924250838,208.0,2.700277235940983,14863.480536391751,36.04381988065317
ODP0129-0801B-043R-004/005-010,14.665747540679142,237.66701631474564,0.7892557807519974,7183.007847121238,25.17422821946795,57.53104469316372,1.5353440425783644,504.08905710646394,35.11522248360651,42.58780752622605,2.9718485585144174,0.4901179733923292,48.28838848583838,4.799800971846209,3.1926819311632486,0.5861991939578315,9.075373571331548,259.0,2.387001819950032,18459.4838919704,37.1720440535023
ODP0129-0801B-044R-001/018-024,20.04950992734841,305.4293302137366,1.0156428802395105,9825.297509558075,33.78787317852285,70.55079144741102,1.730500510602705,648.5854577300706,38.16117031522518,28.08053160097489,2.082774016440583,0.2940051736757896,45.90034541815132,8.571494841006038,2.7145070782287783,0.571502936011082,9.73066301760744,264.0,3.168911716844083,19538.284898643993,42.48011892642918
ODP0129-0801B-044R-001/107-113,14.490989474552958,239.66116981771842,0.642641772188817,6157.978423009086,25.102884472575568,58.75210186180531,1.5028790576966642,537.0768985678942,32.7575995589239,26.123296235884833,1.9839325625000017,0.2753711831521088,46.53752873686864,6.614023872521206,2.787279244087867,0.4087880569417213,10.66950728818809,214.0,2.6470614425857057,19538.284898643993,35.81230283559836
ODP0129-0801B-044R-002/027-032,18.06600587014328,277.6408570582645,1.0075518995046233,8927.309255004748,33.59273755970346,69.99647683912622,1.6633353704699907,592.8677175470236,38.13497056931179,28.601570353187483,2.1028936073013935,0.3037238648288747,46.017075292389485,8.433736141654812,2.7572604365911646,0.567699961080285,10.08624580360887,254.0,3.077359030221314,19598.21828790364,40.56231933880639
ODP0129-0801B-044R-003/028-033,16.484903126655265,243.98959258210675,0.7702238190097302,7762.181460365051,27.492554283305008,60.31337148034571,1.4851199267382624,531.507178012603,36.98774878958263,38.155259091056976,2.5720803117469737,0.3865859130759851,47.66195070821841,5.2921082040930365,3.1398153500112937,0.5933969714970787,9.024212290892859,268.0,2.624403969928625,18938.951006047555,37.44900016994297
ODP0129-0801C-001R-001/014-020,16.91342229216409,271.375756162474,0.7669777939163549,7138.323182170005,26.557795964069467,57.70230967074371,1.6751634066017846,484.8413218720403,31.940560329576698,26.15513807060847,2.058420368989218,0.2954307278624528,45.73012923566406,7.149523527033872,2.7943781830911623,0.47758527269569356,10.732536947548809,221.0,2.713436668651416,16122.081710844279,38.00386856605648
ODP0129-0801C-001R-001/109-114,17.708831585341844,245.0696139277823,0.6687491030908767,7181.784682208892,26.263821757527587,58.822742323957925,1.4904354219733564,528.9572783042934,34.77936854424988,30.733098519357515,2.3258741411997046,0.3451619953513387,46.65631151798494,7.597314337870398,2.926193424328172,0.5119124340449512,9.812666647332765,242.0,2.6319474237763547,16781.348992700365,34.77406702594888
ODP0129-0801C-001R-005/033-038,16.516830251716495,249.1034180441094,0.7988116080049016,7837.77842855149,27.804432834088573,60.67161336169357,1.4851199267382624,537.5114075842201,36.98774878958263,36.87813818389144,2.5994401900891786,0.3729410206602614,47.57375877902442,5.751595224887684,3.152210528086416,0.6039976391839499,8.928794266326737,267.0,2.6345755492376206,18819.084227528267,37.4706555782027
ODP0129-0801C-002R-001/112-118,19.284786697995735,293.5610804322858,0.99586844681192,9560.331112172651,33.24030640562738,67.52267737674403,1.832432045330747,616.1912597949414,37.71004260034119,27.81424988123348,2.1928675718520485,0.3177688798972002,45.818257858395626,7.222326733931305,2.740639259807949,0.6316192870870476,9.69479510327541,259.0,3.168784698964621,18399.550502710757,40.21090625473296
ODP0129-0801C-002R-003/114-119,16.244327438933873,242.85949857380132,0.7860016150264996,7267.7392836461795,26.99002081283624,59.428031213004324,1.4905216794487983,525.4272402482052,36.90567225641762,36.16171513336976,2.547420447048093,0.36753747797368674,47.38246595128744,5.546387776133917,3.0896645584939453,0.5441077555462573,9.354528402536703,255.00000000000003,2.574764984986608,18998.8843953072,37.22954539900308
ODP0129-0801C-002R-004/071-076,18.654469516175784,293.60725890996474,0.9991034012130868,9243.558836385882,33.164842642072365,69.6289859604301,1.7806607028190249,613.7180472023865,37.529111199692295,27.627885165441345,2.089719127656828,0.2973835964028712,45.89316376724595,8.014529008002926,2.721846377745695,0.5803171098597313,9.935731068690137,257.0,3.1432293183828586,18879.01761678791,40.60936612367441
ODP0129-0801C-005R-001/103-105,1.0980563172452156,12.003104390043674,0.06833151287911413,1129.2852911373652,2.363584479668269,7.410627566288554,0.4917183006945344,103.01042169138375,7.467267907949014,28.96093680424293,2.942072288466918,0.4578479658610601,50.09967224477892,7.583583232914948,2.5892838527814903,0.10793641880804403,11.330788101101561,70.0,0.1080308772980688,7371.8068789362305,1.5017875777435543
ODP0129-0801C-005R-002/087-089,0.4929943876935628,4.221425017370494,0.04065546753962719,577.3983150420142,1.8448618630645142,6.28104002922872,0.36297699229883285,89.34614818405514,6.797226476896208,29.25364885466407,2.960751963936057,0.4427353201334027,49.80391820133051,8.005705068823424,2.498713367733683,0.1214445483626116,12.358225054343315,66.0,0.05703935729506341,7192.006711157299,1.049283062972626
ODP0129-0801C-005R-003/038-043,0.514268744442603,4.122947266764887,0.05103758200703773,761.9665656849468,1.8206179802404296,6.413274420519315,0.37678746867276286,94.7277065618318,6.47723067939838,28.43919848440104,2.8753451669791543,0.446230688913153,49.697282922308695,8.020516776632554,2.47876790538928,0.10180789735823476,11.741402168824889,69.0,0.058998825463359904,6892.339764859078,0.9236461185988146
ODP0129-0801C-005R-003/125-131,2.0802198835922145,50.66572396422068,0.17505853449971578,1307.3019389579622,3.9855799788472845,11.065284973086637,1.8849729654998304,123.13352641457111,7.95715284828007,23.334352473229902,2.4410191341707446,0.37644896772925784,49.39969833072077,8.489097836068005,1.7757300798830489,0.10612177521464046,10.613625384999336,67.0,0.4369047855820207,6173.139093743349,2.750324699251437
ODP0129-0801C-006R-002/029-034,0.5056596250587454,3.7376066033441964,0.03527501449128902,681.1084632843506,1.3154827460000083,4.5303528482636235,0.2254556442102055,85.55921345171693,5.274413068784234,25.55473880057728,2.693153841809719,0.38966007386439505,49.92297480138829,8.017355084034165,2.3473035600908547,0.08075324819410833,11.816153308716913,54.99999999999999,0.04726191846014581,5873.472147445129,0.7004443909517165
ODP0129-0801C-006R-002/119-124,2.21906622675123,7.647946135881118,0.06600318726673639,1294.0450101014226,1.970929668839415,5.990236561746003,0.45993565895307437,98.9523329172498,6.201307619031815,25.703234032400008,2.7801510254007678,0.40680442341501355,49.514161852303005,8.581206984469416,2.3801376661803215,0.0889984416357739,11.696974647826492,60.0,0.072489695336345,5993.338925964416,0.9598641734361737
ODP0129-0801C-006R-003/037-042,0.7666091555415537,9.814937536472534,0.058932126293446026,609.6348566409405,2.091286198981092,6.072558355285108,0.3252895711887014,104.51007798142295,5.675812561964773,19.7063137653458,2.096933132603112,0.2958348449103646,48.75874857462205,11.90809296489223,1.8876597108007775,0.07302832963618797,10.856198002820989,47.99999999999999,0.1525187389722282,5873.472147445129,1.6803522797677684
ODP0129-0801C-007R-001/053-058,1.818299810842446,17.5569808898424,0.11609727639947551,1483.8910076969719,5.0106013013205635,14.404021444612924,0.5744847108248182,137.61280443089956,12.37938483663964,38.56379545836769,3.9256160836049134,0.5906727156281824,50.98198077314703,7.100829410591025,3.213509235229697,0.18594454806040972,10.434875869954785,118.99999999999999,0.2849029933071953,11567.144127111324,3.936152521752933
ODP0129-0801C-007R-001/099-105,0.6112294826130248,9.857001266449963,0.07979859361216976,809.1626221546887,4.038739098371777,12.881090735659114,0.4659546690735593,97.6259431497397,11.96661397674849,42.984153618256165,4.1477875627429075,0.624997538776175,50.333507409264335,7.208321998917453,2.682944352174298,0.1948428823219313,10.662189635793537,120.0,0.1674161213676606,11746.944294890258,2.956527834395476
ODP0129-0801C-007R-003/000-005,1.2948749252717748,15.032025091969793,0.10941564562633878,1260.1477054583115,4.901490867823731,13.099996802716461,0.507133347210432,139.6960394317901,12.030209719309742,38.8736769408034,3.964381447581702,0.592063178478843,50.45060982826435,7.124671892479035,3.1873636143724475,0.1965332915148058,10.49137715635994,118.99999999999999,0.224745631208471,11806.8776841499,3.155750098883198
ODP0129-0801C-007R-004/077-083,0.5722241882255857,12.51443836709304,0.08889450658754748,994.6265391829314,4.210529316597513,12.645929403074362,0.40490781303621853,109.78079731957841,12.385496000138097,41.91810822701073,4.172296661017659,0.6336281806282015,50.45797964352079,7.046876765715825,2.833853307297943,0.1974500415384948,10.452544051510552,120.0,0.1979930099341287,12046.611241188475,2.915790508333688
ODP0129-0801C-007R-004/137-142,1.520059983694135,13.851970051316677,0.11262249887879222,1367.0241912357553,4.686921620662315,12.754327344511008,0.5822106818039826,137.84414440744405,11.85185389011235,38.93856626117518,3.923471406468771,0.5818664525244246,50.52877255790933,7.17939221032204,3.14174297472343,0.17972511135818187,10.533592992710902,116.0,0.2208033839535638,11447.277348592035,3.0041956775480374
ODP0129-0801C-008R-001/065-067,0.2821334291751617,7.38713798057547,0.05475430950030234,537.2944494536346,3.7080371753121164,12.333819915938939,0.3314853741317329,83.0338023488966,12.69506600567502,45.34580404440766,4.415917177782439,0.6834940097701799,50.312467480171264,6.511251044806303,2.643088062294608,0.2574679658945918,10.15491757490321,112.0,0.1527436136279097,13125.41224786207,2.4260466264701908
ODP0129-0801C-008R-001/101-106,1.5208498722321744,13.684181336535191,0.11537825629230328,1410.3728513598098,4.677391129913269,12.677179789562484,0.6403413387091919,145.85576277091215,11.778339555826093,38.15620796306365,3.9056011548211145,0.5732105066197157,50.380374288085456,7.358675990978154,3.1461545538159528,0.17579643503028372,10.458469514654338,116.0,0.2190354473857154,11387.343959332391,2.9326895410302867
ODP0129-0801C-008R-002/078-080,0.554087512036098,7.856330915225356,0.06334909077359853,778.1575590218083,3.4026282952966516,11.331608190009034,0.39582000614924384,99.43894498825263,11.306729155813603,42.707890881429186,4.119104352983151,0.6515330359912226,50.4930472009744,7.138605146579119,2.7338096054977705,0.24813244928787218,10.121829397409217,113.0,0.1417038217395604,11327.410570072747,2.1941493210305816
ODP0129-0801C-008R-002/133-139,0.978141649404562,11.750469947198322,0.10182647122425702,1125.4684854358957,4.136340157969477,12.194835556906508,0.5035021091279375,115.40663495376208,11.733776192491783,39.9643612552439,3.965101405609379,0.6011857431137936,50.60850651008243,7.165533343857505,2.898391141526852,0.18349649070247362,10.52283713497873,116.0,0.2014652262481626,11447.277348592035,2.947017031986184
ODP0129-0801C-009R-005/020-024,0.32379185492217505,6.929264747374669,0.052203780635434335,565.2266597031031,3.0131045173997077,9.651466528702656,0.3542377573955957,87.03171756852693,10.435470135906607,37.85530445289156,3.629523552031276,0.5827849328274577,50.611795433505144,7.413495526616802,2.646993530907917,0.20480395344040514,10.552059879903462,95.0,0.1319999587816263,10248.609563399152,2.142073603165842
ODP0129-0801C-010R-001/055-060,0.5955863432366418,10.867486039059388,0.07111808570209521,743.2175122841697,3.552405309798074,10.722103565838806,0.3473897320434268,113.39218720954834,9.973214516098304,34.811666169633426,3.4389622901870296,0.5156592543884393,50.842851554197416,7.466792857939385,2.8664471282051607,0.15881050970865365,10.504849833376387,97.0,0.1813469361745723,9709.209060062354,2.6597607866498945
ODP0129-0801C-010R-006/067-070,0.33559625198156445,8.505399282838871,0.06613389830782819,620.0724990874056,3.421634922460255,11.198375242465204,0.3438768100375686,94.49952853259484,10.666999276852087,37.867204497875704,3.6995089930375307,0.5624106012667134,50.5529834092176,7.430675078546579,2.652637680049537,0.20303306661908505,10.243732272839075,101.00000000000001,0.1572244085695462,10668.14328821666,2.676442747520646
ODP0129-0801C-011R-002/121-126,0.8843592563032642,14.555583753358714,0.11593821999640591,995.7384638407558,5.046962492668069,15.235692762345733,0.49466166003868844,108.08534158168177,14.827972754104728,49.10562776604917,4.890489740240731,0.7468804785126939,50.25450131174065,6.695921212726279,2.8493119966575593,0.21736653054008673,10.506218176057189,141.0,0.23443999858118852,13125.41224786207,3.568765997185474
ODP0129-0801C-011R-003/121-126,0.6764082927938555,7.892745798851444,0.07005333355031791,753.2054026866539,3.7367858338834687,12.525545921877642,0.46634464293304456,100.04915248502449,12.013101206612994,42.72098562143908,4.18388790312289,0.6370469595803228,50.20696476122465,7.101041212432609,2.6644176022164983,0.24633941948515803,10.536196057461872,122.0,0.1486776358981875,11687.01090563061,2.5618484572873848
ODP0129-0801C-011R-003/131-136,0.44276461173889003,7.982860303049941,0.059023231776453786,627.3256642271208,3.9517622542829076,13.015673788872311,0.3879905685233039,95.71251614379821,13.41796145761429,45.45405094344489,4.422793071293831,0.6847494423562032,49.89283533119761,6.499471499177445,2.6499608435317463,0.2726998757799427,10.406136445445119,125.99999999999999,0.1501948233702715,12645.945133784915,2.6363103018212226
ODP0129-0801C-012R-003/032-037,0.495625677473854,7.610278027808795,0.074986149304966,754.8260976214835,4.075939641659585,13.520748011854865,0.4600618832777065,91.79603956970126,13.917187771975456,51.59185284478369,4.956164758827078,0.7723265783835765,50.08960916315706,6.375390245681544,2.6893152169197156,0.2643444470324426,10.175062593600286,143.0,0.1503551175084475,13784.679529718156,2.526853972733841
ODP0129-0801C-012R-003/057-062,0.6388706224769668,11.470211088088824,0.10372072692865299,770.3883626452282,4.951290766781566,15.064369089823435,0.490947698725598,97.55661890925737,14.551582932663989,50.68129165460077,4.9039822444351415,0.7501799979152917,50.21207010739444,6.65795759624827,2.7786681519239793,0.21838112722876224,10.428931544338726,144.0,0.2060473168201755,13724.74614045851,3.265719507971671
ODP0185-0801C-015R-007/031-034,0.18596030695642551,8.047852997721954,0.0425044579564948,643.6040987718227,3.4739240377672664,10.536668339518643,0.2549562547495359,96.25913745702834,11.040652239070358,42.91008368916908,4.154724081865159,0.6584756211800897,50.57444693707608,5.9518809545748415,2.736204462433573,0.26910446645692304,10.857359247547661,85.1,0.1270467411693364,15283.014261209259,2.68039395344462
ODP0185-0801C-034R-001/093-096,0.2764925454241577,8.424764603213458,0.06080972669958947,656.6529882813435,4.5459144118094725,15.435235662029005,0.5024933977613345,91.42252227440567,15.11103417594119,52.379043662170076,4.819678867933142,0.7222628515237296,50.15483958931004,6.276629160569633,2.8125029588065664,0.28014501903487715,10.02319739401345,164.0,0.1526784765547907,14443.946811574242,3.1839343912085254
ODP0185-0801C-040R-001/024-027,1.2001264955655544,11.239195229369608,0.09254915688844906,1050.227109731121,4.03475858622269,11.64436911643913,0.5147935738183576,133.52804050099917,10.569883884594136,34.40036276067467,3.3355124932836113,0.4914904720400289,50.67235221611661,7.464298947653239,2.913821755469814,0.16017093243361286,10.81163535870164,104.0,0.1845075938701725,9529.408892283422,2.689594804694486
ODP0185-0801C-044R-003/023-026,1.076937813192517,13.037170761934817,0.11051645108250481,1069.7683803279876,5.02738430424351,13.786030117098116,0.5332271049232687,117.8411415741235,13.469035042954495,43.438550361467335,4.383558113708424,0.6981886632515003,50.030204968437324,6.746809786777126,2.866606104816346,0.20118975017340215,10.677381906257935,132.0,0.21808248126298918,12406.211576746342,3.17941782804581
ODP0129-0801B-037R-001/036-038,11.3025251775486,199.36186406437824,0.5618393009593864,5000.448802847269,22.452792232426052,47.89315324170237,1.3516378187917362,459.29164013541106,28.273373732694147,23.44246280492376,1.8383513510736402,0.25479105681124836,46.04781284322569,8.082226347033592,2.478554847949415,0.35080788354381087,11.374471964771024,169.0,2.339342436769251,16002.21493232499,29.2786768680162
ODP0129-0801B-041R-001/026-030,16.765690596086127,227.68434910778208,0.7746252101423751,8214.345557181166,27.590073480097402,63.91273549505718,1.4518648090211559,452.97413086586016,38.90989540463832,44.30829542206879,3.671298455649464,0.5465500589252349,48.97889741436946,4.307043392008153,3.270438628012172,0.638322977606113,8.373260183627686,310.0,2.4686132597420163,18998.8843953072,36.32976174316837
ODP0129-0801B-041R-002/074-079,16.63024280371761,234.91412369543812,0.7859167291226363,7571.00531470898,26.068263057842625,59.975408527965044,1.448981782296233,483.2228151186689,37.39915429369563,43.19561176233436,3.453992999455572,0.5067677015752395,48.73610753977468,4.940478333519617,3.2022067708274244,0.589414013314977,8.680921601944247,282.0,2.5111007458172754,18159.816945672177,36.18092706836083
ODP0129-0801B-043R-003/111-114,21.358817756839272,321.1452479282082,0.9648154107988384,10484.20818503307,34.32739838059292,69.63559109814962,1.844993453417292,644.8292808905323,37.56590216935643,31.609393517929533,2.1212601305222094,0.2945534125417971,46.3568013698871,7.2033392426253275,2.84081801196148,0.6087715765107959,9.281464268267,286.0,3.23388596061479,19837.951844942218,45.90736648220286
ODP0129-0801C-001R-005/033-035,12.617619139583724,211.0020479881752,0.6432202967124951,7858.146536469714,25.633135170971244,58.751186765092115,1.4410877317238897,415.0931033030365,38.35077782886768,45.84119910048643,3.7036204998358286,0.5564341207002244,49.15505742703389,3.9590611917435066,3.2432198052886987,0.6147985065691823,8.230903303662153,310.0,2.183712075035193,18639.284059749334,34.125151874417035
ODP0129-0801C-002R-005/024-028,26.63154802915691,280.4146893163587,1.1342524204479492,12533.594082304578,37.13955710058989,75.55978346246656,2.1959644778589853,449.60110758075916,42.77731981597885,44.84245938708555,3.929602773640094,0.5797926749209074,50.70461410845337,4.617857023330111,3.154426299407186,0.5896869413163115,6.958894653892464,399.0,2.573386320070128,11866.811073409544,40.73728394385893
ODP0129-0801C-005R-001/095-098,1.5469883948756755,6.200946253018008,0.06394070761703805,1047.2167896949538,1.9543894461676135,6.097468333789568,0.46213208484577684,88.06367737104021,6.355099472459119,26.980820443355746,2.919003461849185,0.4596015872711906,49.59752697803579,7.437012531578314,2.440987976761574,0.09546782960175164,11.95310953956993,62.00000000000001,0.0704403867592391,6472.806040041569,0.9868119712161274
ODP0129-0801C-006R-003/042-045,1.3092332971302985,19.738497850807732,0.12501954299533202,807.502573221357,3.120821666701804,9.68407600494114,1.607332393145325,137.5273517499242,8.466252441292335,23.126729950907052,2.4023446047081647,0.36850548952358175,49.40786689809213,8.58268925136382,2.154828393683818,0.12102553815909033,10.588892021439568,57.70000000000001,0.2557843944853619,6832.406375599434,1.5118753602343935
ODP0129-0801C-007R-003/043-048,0.6563792728189599,4.606125050538067,0.027899366461619904,899.2648274338776,2.1092811158191056,7.79074064372509,0.4584928462805626,94.06143187664298,8.74324833117779,34.86189016428635,3.375614966109692,0.5404714843116497,50.612054317035636,7.598411384534074,2.832599990750984,0.210364916880877,10.400063108761262,95.99999999999999,0.0555887508242026,9169.808556725557,0.8654093256960199
ODP0129-0801C-009R-004/001-004,0.5816405701721303,6.443650506357664,0.056096694740559935,792.6608704411344,2.8116407754251784,10.087204910000615,0.4827498049482206,103.4875488808913,9.246383226455606,35.28095291380942,3.3423668037304313,0.5388592582962133,50.40720174855322,7.538358569653512,2.6799919680071795,0.1955046428310593,11.218784620472151,99.10000000000001,0.08905341685146591,8990.008388946624,1.821459248552557
ODP0129-0801C-011R-002/145-148,0.8631699123856594,6.3696765862278735,0.06575511336086008,1002.9564939874607,3.1632017930038385,11.077181178071516,0.42187743728754623,102.48812754338833,11.014879004153139,41.373242614556126,4.0962146911295925,0.6204469067392062,50.317293958003596,7.240266206109178,2.6863265242968226,0.26945704812367105,11.049686830138322,111.0,0.1072729829895061,10728.076677476307,1.8647938369449537
ODP0129-0801C-012R-002/111-113,1.1320253642063824,8.652293262243639,0.07997998387170863,1058.3556081457689,3.4746981487561084,11.268129186512649,0.512700681207777,103.24548701489725,11.135191864305254,39.871757639041746,3.975162423573254,0.6090888062642034,50.37215712793452,7.20206864453577,2.786329542256407,0.21101269139045437,10.61159001274065,118.99999999999999,0.1404120183989443,10608.209898957017,2.175793490367863
ODP0185-0801C-014R-001/086-088,0.5150110254203714,7.735010703843248,0.07401941618413338,775.8202394461172,3.9656450923077444,13.352638670108872,0.4411614611150777,97.50877032487428,13.553126520976228,50.05758072506182,4.905441787440713,0.7588088324462169,49.892605267094545,6.408037915133074,2.677152850865165,0.2658457364118247,10.191811145236521,138.0,0.1432976942662928,13005.545469342782,2.4890167473765854
ODP0185-0801C-015R-002/117-120,0.5857531367287746,8.378834938778786,0.07773550928981961,840.4826675631866,3.972514423299367,13.2004868091528,0.4728157394503871,93.08810860858527,13.667374481052017,51.66139348755562,4.954247489294929,0.7602269385210394,50.08932211168002,6.401867445603011,2.670024316330859,0.2443507413223128,10.314678941639539,141.0,0.1530645666083831,13065.478858602426,2.487470927205013
ODP0185-0801C-015R-007/096-099,0.6168247978178706,9.190656800338694,0.06699009219241076,702.247221770103,5.276458529399026,15.58296317690202,0.5906843312857791,97.70376789352682,14.775287686683443,52.446472622366954,5.00262293973149,0.7457852789016484,49.91776712850583,6.881069630742544,2.7580391111432707,0.2434023500204092,10.340888562410896,168.0,0.18669913360738752,13724.74614045851,3.539142897851322
ODP0185-0801C-016R-002/027-031,0.8850589637705433,12.215721228123249,0.09543931695423627,1221.559169720101,5.243614899526989,15.732920589182676,0.7173582865281887,136.00941947458298,13.96016885041308,48.18669527917285,4.879245164893342,0.7223834383915537,50.14612123657147,7.01503979439181,2.919516760293028,0.24266091344115606,10.370869007575475,170.0,0.2269140727955942,12106.544630448121,3.759480604396056
ODP0185-0801C-016R-002/082-086,0.19082896745900052,8.364628089910232,0.06500242588173823,670.8055270743606,4.703596140934045,16.436756375365626,0.4383500738555612,92.75011375074781,15.864273019031573,54.83097213341814,5.035180411588697,0.7643125614923058,49.9703345980658,6.059013482523084,2.8755707941514754,0.3188493303984891,9.582466839562603,189.0,0.1415849620177781,16961.149160479297,3.4089880666756045
ODP0185-0801C-016R-005/062-065,2.1885632613664754,18.697270764646966,0.0951386595423559,1847.0101597937394,4.576583107082543,12.910265498889542,0.8198149070367869,191.8943560400516,10.13911898954215,28.172042342611917,2.9575949675211888,0.43911478926449043,50.57777536408101,7.66981546936462,2.80423163708423,0.160866262443132,10.676419242416534,109.0,0.22100342238689522,7851.273993013385,3.301212377760176
ODP0185-0801C-018R-001/064-069,0.17217309030946829,8.435241926119717,0.053834236431553585,625.7268064972003,4.597992246918325,15.732965685360472,0.4775520202593273,92.70324687562965,15.094775242601248,52.270817796455454,4.866168846225792,0.7213703656088032,50.19943488519206,6.481745952487472,2.815117325865788,0.28085570852830277,9.963636059795133,166.0,0.1340073870423105,14563.81359009353,3.1911688527886897
ODP0185-0801C-021R-002/086-089,1.2476328210733563,12.907884432523417,0.12163188778226536,1198.3475792726958,4.01467429512381,12.399133354398252,0.5037146125875275,115.90219367835296,11.349542808146724,37.248148732945666,3.8005426939734157,0.5831638137090956,50.53889808394423,7.268753167898565,2.880993736461835,0.1756232842868629,10.826495772970526,118.0,0.2182478199915496,10548.276509697373,3.3777257811506898
ODP0185-0801C-023R-003/080-084,0.4788905845895759,8.741025254839114,0.06566143218601067,914.9474825174889,4.657164866780239,15.259250306936961,0.5732191728811202,109.41102582164312,14.323186853181175,52.332979762075134,5.000110040551742,0.7451472898841713,50.06523119016993,6.66341342593099,2.8322540567374377,0.24995092298986182,10.07482341689975,170.0,0.1682386138845839,13604.879361939224,3.177560253717284
ODP0185-0801C-024R-001/046-049,0.7888113046531706,9.520270895824067,0.078838062588353,1262.1477580155918,4.200319899685605,12.94316267366135,0.6250007620945618,110.79421903359594,12.882605394049545,47.68987001483948,4.756918134926732,0.7001029775126736,50.18503935082779,7.030875260872769,2.7797569101639734,0.2379382091071811,10.311542007485805,150.0,0.171537379517099,12046.611241188475,2.75187949146238
ODP0185-0801C-025R-001/010-013,0.7885513153853358,8.605585828403955,0.07512349754825988,987.9111478236133,3.9425804485851406,12.698728897975196,0.5325162069304625,103.78238016691166,12.593560624759748,44.71135176553582,4.618609384510118,0.7018701346594663,49.947413795359495,6.9172518311346725,2.675306313837326,0.2348090571908197,10.366843977940073,137.0,0.1497880537849595,12046.611241188475,2.490867806180577
ODP0185-0801C-027R-003/066-069,1.0005040043016296,7.695268373272653,0.07022561436387358,967.2658676243693,3.3793063839849524,11.308055879645597,0.5176300640713396,103.39579184314249,11.166141249285191,39.628170449307156,3.935196167741918,0.6000871729520082,50.31272252339612,7.310743959372161,2.752194139934049,0.2377420720422555,10.84160248495745,116.0,0.1349572420601506,10548.276509697373,2.216518797287524
ODP0185-0801C-028R-001/110-114,0.8710349735526994,9.597376335809505,0.07645635161783032,981.9219604850133,3.266924646448299,11.082711177624585,0.4470703868862045,108.94732679060039,10.17326257293736,35.67937684433501,3.382713093353006,0.5115771291286498,50.36255628306889,7.556146578482103,2.762987887762444,0.17202225862645168,11.028174991951895,99.8,0.1507989223617318,9289.675335244845,2.510239747474191
ODP0185-0801C-028R-002/036-038,0.6926124635432643,8.354160208357966,0.08370388369429985,811.6906682618021,3.720037429606488,12.367974708411785,0.4666598447935504,100.73863538906319,11.247661074170878,41.59718863736471,3.8981551073859366,0.5895771125816551,50.21756852185374,7.229777785880627,2.689092619587362,0.19423180608656487,10.709551425598995,118.0,0.157950520947651,10907.876845255238,2.689428994122048
ODP0185-0801C-028R-002/100-104,1.341573346143168,10.470496986735856,0.08451465142775423,1319.6394949158628,3.71466767721293,11.786411408830057,0.6576069907694846,125.75351073896947,10.533438810569141,35.096693878700755,3.386516000921826,0.5174327690066244,50.6530002707703,7.606099525359088,2.9909437936691243,0.15487042236083542,10.988075995278086,109.0,0.1627733863553417,9409.542113764133,2.38170831918634
ODP0185-0801C-029R-001/016-018,0.21304937167819069,8.423804986887944,0.06344432024782796,645.0600167243861,4.56473216512905,15.720750136806679,0.5311913855394899,91.33767551269833,15.257196910744254,52.93769506613797,4.844944689402168,0.7277086850261513,50.1611121433409,6.202916154235911,2.8325104234282286,0.2823226025323419,10.059275571250689,169.0,0.1528102629976083,14563.81359009353,3.310885623740566
ODP0185-0801C-030R-001/003-007,0.4515928282180356,8.57851346380029,0.06512562282737468,747.4861486612192,4.5622113957991575,15.104159803335337,0.49514230466298315,91.06470796884635,14.899640422678942,52.521176121646825,4.9886945160160945,0.742634469913216,50.1495013359859,6.34610241161303,2.8035515074733923,0.27235906324370585,10.173697667792403,162.0,0.1622330044232122,14563.81359009353,3.053947739082463
ODP0185-0801C-030R-001/111-114,0.39712334496163315,8.795790300191825,0.06421757906395507,724.3357230426255,4.52271577609636,14.715688677350451,0.532144572147469,92.7418742541326,14.35262882702696,51.04120563829911,4.832552101445811,0.7207217379869055,50.19286865146122,6.461096578142469,2.7513821736411472,0.2357980493361144,10.407078328876322,155.0,0.1597827711985905,13485.012583419935,3.1164217706903465
ODP0185-0801C-030R-005/039-042,1.223420332651968,8.58150453293375,0.07265406775037538,1255.7458279729717,3.4579830887561287,11.453872287846906,0.6151903840683434,116.38316581628733,10.683363567604482,37.56757224455559,3.600343962706543,0.5559665640205917,50.39750785415019,7.4439290095650135,2.85386858559729,0.1752858591239589,11.230547768169968,112.0,0.1467258469580407,9649.27567080271,2.328852724465056
ODP0185-0801C-031R-004/043-045,0.4029473771506041,8.749264969112895,0.06369258581870099,735.8096790299323,4.536783841117612,14.76229056191824,0.5315212332175415,92.58024221951517,14.36090454576366,51.41818499535258,4.8855101928974,0.717083365738571,50.18197891906064,6.469668310450838,2.755604601482516,0.22802002178970962,10.424632320674037,157.0,0.162704116323077,13485.012583419935,3.153294436338232
ODP0185-0801C-031R-007/007-010,1.0723314678540357,13.63540309239519,0.11063428883842244,1215.6068362599588,4.963952482091626,14.61230447459014,0.572944270307724,110.864543636389,13.294149253854696,47.47704165652821,4.789026518703042,0.7239577850746182,50.26989192847822,6.726586764138706,2.794245758849719,0.20470264953781267,10.82984900913067,143.0,0.2265842492565388,12286.344798227055,3.703246275522251
ODP0185-0801C-032R-001/121-127,1.541292881070733,7.989193485336367,0.07591054569734378,1341.332717659288,3.2453206933668177,10.834903837619413,0.6333763268403778,112.85474981366372,10.574657747469697,37.74315106073911,3.6956199845344373,0.5796935120201652,50.26808771705005,7.4403349682430795,2.7978554658442922,0.18586894537314536,11.17065161541922,113.0,0.1288337403446408,9529.408892283422,2.0526056017018446
ODP0185-0801C-034R-002/036-040,0.3415547092584809,9.036171105817242,0.07367192231629742,721.5445481824178,4.589489735801552,15.490964333442411,0.5729216000820289,94.52885592237507,14.743284927200854,52.38687778287415,4.771370565985445,0.7141446770724839,50.06713120232385,6.67562506009916,2.7540517041023524,0.22822622121640562,10.284373186786,160.0,0.1699044458713666,13185.345637121713,3.552976515980374
ODP0185-0801C-035R-003/100-104,0.8607600269626122,13.539343673043222,0.11685199534754569,924.1136692918467,5.256450445011882,16.370831175627725,0.4814126572162062,97.72173542248046,15.847613581455468,51.929147433990565,5.184195232431613,0.7932062880652375,50.3661044970028,6.789736214416973,2.8143409087166593,0.24088965299243395,10.496675712988543,155.0,0.2346811473580645,14204.213254535664,4.141356713464571
ODP0185-0801C-037R-004/106-110,0.29978920653182056,8.749808795481162,0.06446790587820479,904.4754913662856,4.6816556082372465,15.661544279993096,0.5730922325238864,111.74851486317806,14.602398571288992,51.91420416332523,4.784155150957111,0.7213601584501822,49.910311360116836,6.619790772047706,2.8559306679261223,0.24434994837768267,10.001413501917432,173.0,0.1636188614167708,13664.812751198868,3.387595253452836
ODP0185-0801C-037R-005/112-114,0.6607522791930176,9.828166445153235,0.09495923687325339,817.9778429413357,4.005027005897454,12.800714601298923,0.4690488894904228,97.04538230419416,11.81197963164245,43.01599317332101,4.147854327886029,0.6280020477789999,50.239659631063034,7.218453752871463,2.681490736725928,0.18278246255846203,10.789307834315345,123.0,0.1692862004795668,11447.277348592035,3.012617979657625
ODP0185-0801C-038R-001/022-027,0.4591523875530424,8.844428975001694,0.07221648694607584,740.0458087468451,4.551174023725669,14.891692583147716,0.5633028755772205,93.91605605392157,14.273661539416489,51.64667891050845,4.829913674909524,0.7193479572028789,50.101169855737105,6.718716716495892,2.7466293245275772,0.22231948079199737,10.431532078431983,155.0,0.1672483037705696,13125.41224786207,3.293112123289527
ODP0185-0801C-038R-003/053-059,0.7699206206830331,11.427542587549748,0.103704342427577,901.4975334438049,4.957749399964921,15.095689765428752,0.5112772818228624,99.87385456705722,14.37338022012367,51.03939540984198,4.859216925035486,0.7401212279021626,50.17222829561843,6.743843747488407,2.780457090301081,0.2109760652819721,10.538898060922643,144.0,0.21226434553124843,13185.345637121713,3.347147139556069
ODP0185-0801C-042R-002/034-038,1.396980726845437,8.385877355587876,0.07937780789627809,1251.5275121861898,3.366919381202899,10.807822231226568,0.5566376648711003,111.25967316126692,10.966373423283361,39.414498599247196,3.9190501013271213,0.613547923619306,50.36385294737414,7.396212698989862,2.802165529827599,0.2022715188916833,10.71676359817235,117.00000000000001,0.1371522406227909,10308.542952658796,2.093949492088373
ODP0185-0801C-043R-001/013-015,0.7485315172534994,9.607549827826572,0.07522279095515305,1074.8459224298153,4.041827686216859,12.907318382069136,0.5737042973282857,100.68928405468644,12.802944362212907,45.90714684384126,4.612405605927017,0.7233601256476958,50.17415190324557,6.686395586975823,2.7705869524969726,0.23316324524371224,10.539789134405876,141.0,0.1651276324502954,12226.411408967408,2.674644368797606
ODP0185-0801C-043R-002/101-104,1.0591810585593033,7.703978049707591,0.06832423146560171,1095.13340427852,3.450252552444756,11.336472690579587,0.5211021373715392,105.85996806106199,11.154228377471965,38.88308480740622,3.87238845233562,0.5960647439879562,50.250709475500955,7.383439389778879,2.765137888107959,0.23406330034008924,10.839419551950074,116.0,0.1358714104744346,10368.47634191844,2.2461392282254726
ODP0185-0801C-043R-003/050-055,1.2742660242553394,11.228322499626318,0.07347792278933127,1215.5408122180174,2.9825142667911635,9.747757426998582,0.5129954055824397,111.50349991199039,8.673207007580025,31.583939411833963,3.0606301015975257,0.4948545796202147,49.98566870714976,7.583902305310954,2.61212618486553,0.11488471301803538,11.4237368442295,89.1,0.1269088198916278,8031.074160792317,1.919962135179064
ODP0185-0801C-046R-002/048-052,1.298297493436528,9.235070166354193,0.08141951961841645,1235.6839382146288,3.811377938478502,11.562220384860076,0.6441161100584082,113.68290670511186,11.279677341818127,40.70017015041186,3.920406045036419,0.593353227394171,50.33435790496187,7.178572014321854,2.9072378350678845,0.19754522567553487,10.159369970438386,125.99999999999999,0.1590565922386,10788.01006673595,2.326334472740708
ODP0185-0801C-050M-001/029-032,0.27732634150263047,7.64431110031511,0.05686914780351432,536.8626689737769,4.368982040000898,14.081864510243134,0.4210976896022731,92.83711064203933,14.635411208072707,51.59600914059566,4.906774147387771,0.7381567287904235,50.018915995476206,6.38730846389007,2.6808822222609265,0.2677904696680521,10.31777833229429,138.0,0.1504345856701751,13724.74614045851,2.911020866578094
ODP0185-0801C-052M-001/047-049,0.4273546736289759,7.8228223372521715,0.06710581250281468,750.3152854134112,4.129173128122851,13.623803639625864,0.4702557989152595,98.46146887688327,13.567132966613205,51.65013629311276,4.922733716652815,0.750254739966016,50.05007535003707,6.541124779058336,2.732064490908786,0.2523078741717874,10.04441058379287,145.0,0.1294659740632144,13005.545469342782,2.578113158106733
329-U1365E-2R-1-W 36/40,0.45239260908298684,9.569831943872831,0.0730980045106204,546.2910567932186,2.9707890478377306,9.181956000533086,0.5556057006111672,104.97052042088067,8.998456121852211,31.51043447023114,3.0018525280305552,0.43921119692162724,49.729059061476164,8.530438156740251,2.549348892891527,0.12270580158214023,10.707617883996345,79.88,0.1897070143733634,8870.141610427336,2.184924494571113
329-U1365E-2R-1-W 65/69,0.6174368705863049,8.546445124893822,0.07220275487779976,697.9187605001906,2.588401580843121,8.452551332069246,0.6021910094357684,93.79476978293879,9.135825669590519,31.629096187530603,3.1783772457121433,0.4849960384567318,49.59183572524203,8.208116588771356,2.3101512250600353,0.12459660965332796,10.634126716393604,77.8,0.1518749690163749,8690.341442648403,1.8619000947771465
329-U1365E-3R-1-W 130/134,0.42357835040477093,10.708260854514009,0.0688086436393532,487.7503983996918,2.7859834954330402,9.01533793921899,0.5722121309477708,96.15029757785126,8.881844030154886,30.277351901762476,2.871177955627537,0.4193379214501187,49.42855008650727,9.21848443319759,2.1711929969472963,0.1236203619002046,9.771282207341745,73.93,0.18646550506907,8450.607885609827,1.8687172310889608
329-U1365E-3R-2-W 20/22,0.5961379685628537,9.076672360190791,0.06977445097480225,644.0126749780859,2.549158831154064,8.271192830893984,0.6675178837963421,93.42672707246801,8.922664163648165,31.06574111508834,3.0372025250963572,0.46417867500549637,49.50329054939746,8.182867349445266,2.271148132267874,0.12420586078365815,10.562902460271536,76.36,0.1453837827911933,8510.54127486947,1.749938635382666
329-U1365E-3R-2-W 22/24,0.40915776257300146,10.097917022010414,0.06606073529805807,505.63590904127443,2.920427949205932,9.16578203878103,0.5543536936694992,100.67093542059894,8.94424353284933,31.704391411325368,2.958279662885996,0.43834565088122185,49.62839805568075,8.53738530407124,2.4098444798416665,0.12153267605918497,10.556771173677836,76.94,0.18611380293160443,8750.274831908047,2.0857764987182152
329-U1365E-3R-2-W 52/56,0.9083770148551239,10.243855839657355,0.052250943619247626,661.0553068882372,2.2136221102557636,7.401637420669196,0.7584778595150453,96.2448753413293,7.316534457476634,26.366506321148496,2.5917828252446964,0.37217090104746436,49.16479591767721,9.503706880654699,2.39152637271826,0.09981765396125468,10.429818202773717,63.57,0.1276453915698187,7192.006711157299,1.3012419304949958
329-U1365E-3R-3-W 33/37,0.8363754063823143,11.321398916072088,0.053308111064402655,673.8325804474822,2.212416507723261,7.240732004626879,0.7166574003844609,102.49492527254631,6.848541440088093,24.56324271051687,2.413763976144848,0.34732769674619457,48.511297126163846,9.730617266721781,2.286321059985869,0.08579809588785366,10.212202960336052,60.15,0.1264633442413804,6592.672818560856,1.2891341315243152
329-U1365E-3R-3-W 112/116,0.9981574414406921,9.631440571662745,0.053261852670493985,743.7949366014652,1.9967414046598524,6.218493141727298,0.6818205210608074,90.02523420480894,6.7552540623820185,24.810949849882387,2.4351905408820356,0.3565956144049463,48.94368800477992,9.457771234055063,2.3638085663089985,0.08793392987442264,10.082913950568859,58.42,0.114106842242752,6712.539597080148,1.1491377090107198
329-U1365E-3R-4-W 66/68,1.0676913876227099,11.770058613378273,0.05001688535691159,719.0794569133868,2.1390966166536245,7.11963527329869,0.9122221046128515,98.72873946084121,7.348296715404826,25.68807242411411,2.505945074853557,0.358185640533485,49.47293560657568,9.50122320207466,2.537445824785766,0.09754653807933589,9.729570225674248,60.23,0.1310586053723553,7012.206543378366,1.1820319902604026
329-U1365E-3R-4-W 68/70,0.7624137102864438,12.073505615799961,0.05910344811234279,472.3523056170778,2.156365008352104,7.6972387411308905,0.8387497145693056,98.30393049590936,7.440178408575461,25.807426349916124,2.6078360306173662,0.37031949086163946,49.36861216296265,9.463605868011198,2.4664251317387524,0.10158169913267501,10.311547941124408,62.32,0.1511627247079935,7192.006711157299,1.2587392554220045
329-U1365E-4R-1-W 22/24,0.30969184898213625,6.269621955184794,0.03470634512094612,478.0657277363945,2.3269757444171884,7.992008742067316,0.3417163837673244,84.75163994354673,8.797666334418514,32.858379363464934,3.288901954474661,0.49867664427490416,50.147879994169244,7.932763297421102,2.3254652560621185,0.20506008087779504,11.265003212832301,75.21,0.0898183229575256,8630.408053388759,1.7373991138969842
329-U1365E-4R-1-W 24/25,0.6416042058904962,9.52680686204804,0.059093979313908404,661.1163344189029,2.498886608726309,8.263008334356773,0.6794788836960639,90.66578336497035,8.512792246041935,30.268435601489852,2.8528062268766403,0.42545567861319294,49.30484861183007,8.537315172781415,2.2973530822791055,0.11586723051850954,10.067218628542088,72.01,0.1501239420419737,8390.674496350182,1.5746683103452204
329-U1365E-4R-1-W 37/40,0.6985826258214596,10.145344281013946,0.05825720878763888,688.1295455340369,2.4739011435943072,8.009798676629485,0.6702535042362144,95.6953380974877,8.388408686837785,29.760425954582228,2.8807171327976127,0.4172324527290289,49.257787388767994,8.889553993315284,2.2376281005683363,0.11218067029129916,10.81455576528929,70.54,0.1423256085180052,8091.0075500519615,1.546747561841828
329-U1365E-4R-2-W 88/92,0.5237282903880085,8.921043208232511,0.050339551356984806,633.490511061106,2.4227467033466996,7.377661692236575,0.3285048052175096,84.11219431956802,8.184386383436339,31.874630735746067,3.2161359189723644,0.5059673573017147,50.26741270968691,7.728229218214476,2.296121093289232,0.1195932248521733,11.254140807735817,74.01,0.1100181878821739,8210.874328571252,1.7158074588384948
329-U1365E-4R-2-W 137/142,0.5769466830051851,7.78109888920065,0.042342892231484686,631.9537610233205,2.259618430872384,7.537588047109338,0.33311981731904483,87.5850981356235,8.409118223037842,31.6451630701653,3.1174168892517162,0.4807667284428577,50.065096351381584,7.829418676876717,2.3423016110530326,0.16305116857309465,11.355778613875536,73.19,0.0923015405627007,8091.0075500519615,1.6367998763522384
329-U1365E-4R-3-W 10/13,0.6882280643118178,9.217946847220494,0.07418080348832545,795.9760030343143,2.626597302899751,8.415367270281534,0.3883898365764672,95.06850043205831,8.736408211766104,30.981633243442598,3.1586083543569416,0.49071055447782036,50.177553229391194,7.729338071729853,2.4869587685156325,0.13011613761365864,10.867452622136968,75.73,0.1318453295837327,8510.54127486947,1.7999423635485243
329-U1365E-5R-1-W 8/12,0.5287975488405051,8.926294708104901,0.06471955536140009,708.0613386466061,2.6675553809284342,8.42404375888099,0.3616277942066833,95.52047450644768,8.859753635475352,31.78942213331391,3.2137542925032627,0.5125607852954495,50.43990993080437,7.781892723605944,2.655948637900158,0.12851136813673603,10.890522450662955,79.56,0.1443176860778075,8750.274831908047,2.040497865335201
329-U1365E-5R-2-W 89/93,0.5138036114633305,8.162733669943046,0.05295468202757911,614.4013473354095,2.4709349623724015,7.7570633601139605,0.31292975474460033,84.54620029531962,8.508267363748756,32.22886309230549,3.203329598221622,0.51185528743905,50.295027382114554,7.615644867326412,2.321838174400041,0.1421576261630556,11.153597388239264,76.41,0.11064706573606642,8390.674496350182,1.7895153947731968
329-U1365E-5R-3-W 29/33,0.4320443625961084,8.510444264967532,0.05772025430385811,668.2018335750888,2.9206176801031387,9.065129637079334,0.3656456776797925,94.78583616318774,9.425967129533351,33.429034402384524,3.280747772423814,0.5219373225964494,50.729181313260035,7.668854728215591,2.910021303389601,0.14460735630842275,10.927515694930792,85.69,0.1472843301002478,9229.7419459852,2.118989468418333
329-U1365E-5R-4-W 53/57,0.43045728164648406,8.097139111681738,0.06118771003392501,642.7562201175147,2.5562024456197205,8.288994849067603,0.3240062825174634,84.82052917458184,8.857520275752295,33.44570927546971,3.342558925461666,0.5343450808060098,50.43459602701899,7.594069002183409,2.470117124285006,0.1348640687708541,11.14251836146463,80.36,0.12389400633640041,8870.141610427336,1.8722592167748102
329-U1365E-5R-4-W 86/90,2.913273254198326,12.661173434831445,0.0754707179306808,1530.8831962962417,1.70599146884427,5.412703846124629,0.4669871529742261,84.70690107735669,5.450742304371364,24.18229154158529,2.5656365761767574,0.3900746467345564,49.740962835445394,8.325348921238085,2.6467537937763606,0.0901635737170101,9.622695257804269,48.91,0.0834443694460056,6352.939261522281,0.8584481676422493
329-U1365E-5R-4-W 144/149,2.539989455269487,8.29594297949602,0.06258804240952677,1357.7467210732846,1.5568918079486245,5.248653269040946,0.1545394091711218,75.7362476468087,5.400979431000051,26.0442118636492,3.0283816594210227,0.44735825627288517,50.56485133282693,7.016658261158984,2.483312345372976,0.09239310523696811,11.064491913525798,47.00000000000001,0.0662328538060276,6113.205704483704,0.8945679326432752
329-U1365E-6R-1-W 8/12,0.5362912618400999,9.803348750021964,0.07907063830475299,453.6823938157275,2.410006529727694,8.089658641397675,0.7854062601320622,98.2365414529129,7.485438705182768,27.045991061731776,2.6651401514573103,0.3993355072814631,49.040425076998915,9.45965750925708,2.3882751294173543,0.10943577385859624,10.002941112473758,65.53,0.1801050552910229,7431.740268195876,1.4304688370573522
329-U1365E-6R-1-W 26/30,4.033405884728615,8.90592936184991,0.0800478809546985,1819.6154313738405,1.4490632210522936,4.883271582342027,0.10147178615322916,69.9740305904697,5.3642950057497005,26.185053965507333,3.0637924357803574,0.4488237623701473,51.015831092622214,6.810213424210386,2.5496524329746437,0.09320450344710081,10.848431080689746,44.95,0.05987195321877751,5993.338925964416,0.8180612514725074
329-U1365E-6R-2-W 19/23,4.148975925609548,13.5944531225521,0.06271492723934818,1481.9064199365469,1.4543875528542896,5.50754055571318,0.12370713357061142,76.4081398440248,5.526008249275821,22.79597940372182,2.3423705700872217,0.34499967821304595,50.34773767698251,7.733392201815051,2.6258785700126266,0.0890762303846199,10.083962173510207,43.14,0.0730582322816568,5753.60536892584,0.8065205163921626
329-U1365E-6R-2-W 99/103,5.833558095299621,9.7392950311244,0.08382792320144265,2433.855559348881,1.4724450916648473,4.920798073741649,0.09924822728511874,71.42333366676209,5.43621590068491,25.93117133724721,3.0807588135785786,0.44498190027344736,51.303751376088165,7.234057524645031,2.5052558955119895,0.09249088664434622,11.134674739731633,43.7,0.059911834166272,5993.338925964416,0.7957363784787312
329-U1365E-6R-4-W 8/10,4.016907416801213,10.954306478464003,0.06066287908121774,1842.8010681761687,1.5848466957591842,5.331412868876358,0.1160041382012181,77.09710458613992,5.608970540081345,25.76274331589308,2.943194409967608,0.42289429739012824,50.77759960973864,7.4888443393027355,2.624861623128676,0.09222246847118915,10.992326839047717,44.989999999999995,0.0665228752655463,5993.338925964416,0.8809547149031344
329-U1365E-6R-4-W 10/12,2.298998202949953,5.787172358789678,0.08117647129223741,1217.984870041634,1.5105673558112682,5.136926813805314,0.1546025204150587,73.83554963475271,5.685587138837184,27.949318808525412,3.133086811751959,0.47155192672315166,50.326780566199524,7.40129583352671,2.4299993591927995,0.10278297449812437,11.357156242794263,50.32,0.05797109372386411,6532.739429301213,0.8301942095607301
329-U1365E-6R-4-W 19/23,0.8370629757665763,12.574311424266837,0.05513708030235723,480.79333614368795,1.9925124635053166,5.8262130328662085,0.3963401624120742,97.3703714540465,5.372314308782082,18.59214882270518,1.688101250240058,0.2699386456905627,47.54564501000397,13.952202176345798,1.7239264403031922,0.07420014493935552,9.353387364662975,40.53,0.1285778677021824,5214.204865589042,1.196009200639141
329-U1365E-7R-1-W 41/45,2.5893926749153926,5.549407937253613,0.06143810668550344,1570.6879078487057,1.3129050359498369,4.472853302827325,0.10345707079910822,66.23881946486902,4.944155932984317,22.42022680045279,2.5148352365382625,0.38538378298634357,50.082696141860936,7.814502814646377,2.5586420825968688,0.08937418475465117,11.857575527278513,39.88,0.0480023548182137,5214.204865589042,0.6548191215760109
329-U1365E-7R-2-W 131/135,4.195391766639562,7.53439242411089,0.05308044254328086,1750.2381412035847,1.2668523994332608,4.327733953864012,0.08273648422768116,63.82311559795638,4.6438186148878895,20.819732074841582,2.3576496101908977,0.36879519261120636,50.45413662828847,7.784396509928632,2.330204921900121,0.08096127087450891,12.125548439095839,34.75,0.050199382260393,4914.537919290821,0.6929982606386659
329-U1365E-7R-3-W 0/2,1.1073459244084267,11.999122726485469,0.035901721514783616,525.1429270089067,1.3953086727788955,4.306252297746392,0.06880304844620748,71.71102162092524,4.463906708740692,17.940982078999017,1.9359687823895804,0.3213134944550643,48.801489679787856,10.314954375516134,1.866941091232389,0.07387654466161561,11.52462469385003,35.13,0.0697074692726555,4794.671140771533,1.05008746163655
329-U1365E-7R-3-W 2/4,1.2639026173556782,16.186653152240503,0.07171930154174375,925.6894427460267,2.6546026737231907,6.750925874711589,0.36846028529263297,119.10568576491977,5.829508617448823,18.827320295172612,1.8658192087248429,0.3052692891390206,50.25005696166866,9.256425519497704,2.105610557530781,0.07478359235298175,11.038740787201556,44.61,0.2296491401765943,5813.538758185484,2.863262229002268
329-U1365E-7R-4-W 0/4,1.0913379801425123,6.83288019618996,0.035095840510001225,474.1636286374808,1.1740176218628509,3.3505176477773304,0.07328990770467164,64.74105537547594,3.8186139642626644,20.350538294933944,2.2334396720969925,0.3487836888584773,48.739693544322066,8.928412348826935,1.7448063151441826,0.059492487641286736,12.042320575389216,32.84,0.0497312101198577,4435.070805213668,0.7812739817793077
329-U1365E-8R-1-W 41/47,1.0984171309098911,23.725183138130568,0.07731281983611116,1115.7543374596971,2.9822130838155765,7.209790159504988,0.7648552026254906,132.08741119770676,5.789260367016204,20.13263995035805,1.9591578994016388,0.31101566891342397,49.632290293861054,9.328929209404627,2.1216711629476195,0.07177383881425096,11.014969058090065,47.24,0.2780108385642416,6113.205704483704,2.9798591201446367
329-U1365E-8R-2-W 49/53,5.080214452229061,7.380350955130435,0.06422452108445825,2349.464770147401,1.3028432008968986,4.618165297453878,0.09775115831755767,63.213619922032834,4.864013296598925,21.4394328331169,2.6787651594238,0.39391989387138215,50.6797325131327,6.961033971914641,2.4198370445290527,0.08275702224894742,11.86319159011143,36.8,0.04805005193382221,5274.138254848686,0.6664330811736108
329-U1365E-8R-2-W 117/119,1.145477274734945,6.5780737082610985,0.03629495721055377,683.5130667653237,1.1963648966877904,3.2463711627792535,0.07193040802480284,65.19791958340765,3.9073427096769286,19.535663725452526,2.1755790914221076,0.33740941038399014,49.02315263800144,9.526774447928956,1.8138758415304708,0.059433432537286945,12.177435394378447,31.230000000000004,0.0485505692706802,4435.070805213668,0.7656004892011568
329-U1365E-8R-2-W 119/121,1.3910612508176337,6.010912718581024,0.04379578213145888,844.9788753403373,1.2645362145646026,4.1782370371056095,0.07638404108582682,61.679797965303294,4.556585746542607,21.5402073527986,2.593476090224154,0.37601747869302127,50.38790198561471,8.036876295141912,2.1831827119839056,0.0806283194326418,12.279610812877436,34.79,0.04500009285697,5154.271476329398,0.7153564387258071
329-U1365E-8R-3-W 41/45,2.4797246433820246,6.965932044646277,0.04441555822207756,1097.9306615759197,1.1895706302964286,3.930941284489974,0.08309841860441394,62.95040662860329,4.157453898903727,20.39841472026242,2.3850323106601303,0.3621725773692705,50.27558407460814,8.206809819042062,1.9717852626650998,0.07519414514734325,12.407358462514795,32.54,0.0460931830430601,4794.671140771533,0.6683537995339353
329-U1365E-8R-4-W 8/10,0.1481950851381388,5.274318317689149,0.040204123422075265,512.0621509016211,3.8390838313271214,13.180619708427423,0.3810119550280306,92.01626608005965,12.351080740212499,45.32218818677426,4.291013854236617,0.6538961835280535,50.09696943943286,6.75829692166362,2.652824183628245,0.3849624187232138,10.238128632213048,112.0,0.11330583894206049,12526.07835526563,2.4489726375853285
329-U1365E-8R-4-W 84/88,0.621100477819756,10.211093917231763,0.07051687806603954,901.3131631155564,3.7060019643577005,11.897002164672468,0.40494371108457566,112.34382785796656,11.691321450656412,38.226095693092454,3.7995561889977005,0.5830491348300835,50.57495258486538,7.504949380695988,2.964696676676656,0.22072206609625616,10.28857827719009,101.49,0.1756554133426654,11687.01090563061,2.4657349448897907
329-U1365E-9R-1-W 84/88,0.28829041228198804,7.708276065353199,0.04459232070473554,550.1545854922224,3.1187012455852634,9.949972504834982,0.3111050903373271,88.25031543982894,10.52193743836856,38.83500448153955,3.6997529083849225,0.5825480144749671,50.68851316683235,7.575106152234071,2.583367329848021,0.24284045015584696,10.388971885068742,94.48,0.1453639929614995,10847.943455995593,2.334037943199136
329-U1365E-9R-3-W 138/142,0.3191936584287068,8.735554956069269,0.06330431560403925,584.7484819503115,3.3997208174106532,11.225738659940852,0.32254413872065174,90.21648582939557,11.234938880695836,41.00320803549064,4.008934303882533,0.6194746917404261,50.76658425730119,7.443570429751849,2.6468943509612592,0.22340425297711897,10.231867969854244,101.65,0.1627531041101492,11447.277348592035,2.5178716394525567
329-U1365E-10R-1-W 46/50,0.7294681525433212,8.392041020241805,0.06538077952565857,895.1240037509716,3.9627260453970585,12.93007684090676,0.47619040479236696,102.07721111655115,12.57054872263798,44.37247786192784,4.471438822619934,0.7014156648599656,49.966308166430736,6.773959463299406,2.6980564753900285,0.25875355044021575,10.372219669119897,135.17,0.1447113182797806,12082.571274744263,2.495336041999761
329-U1365E-11R-1-W 75/78,0.33336928834349144,9.625824106379385,0.0709156856292181,586.121682410637,3.7275748594174467,11.298634447813567,0.33099622983881893,97.67371195957564,11.306392732213565,39.53277491111815,3.845999464108768,0.5955917412975116,50.67988941068132,7.456229786735918,2.719167661196196,0.19971564732892702,10.03680867830308,101.09000000000002,0.1777529625896207,11387.343959332391,2.626015735253576
329-U1365E-11R-1-W 100/104,0.29502013115753095,9.070273994108135,0.0657947287619166,569.8913220834932,3.4611056855982723,10.816851770072605,0.29096214252440555,89.72410312367882,10.690266422186177,40.093260411073665,3.862145583476044,0.6054689502454601,50.79603530865741,7.429459882790518,2.6362373287703127,0.19932513873957255,10.072906852111187,98.0,0.176764645571674,11387.343959332391,2.7964641215416752
329-U1365E-11R-2-W 0/2,0.22360441173796838,6.232609085500389,0.044502752281717683,542.5411801320354,3.481447658079077,12.009966397245993,0.3414279973066587,91.94896884186899,11.834299478158181,42.50177018020798,4.118101660712977,0.6268417163927473,50.31496500282238,7.211749263462622,2.609612397325147,0.32239747598019763,10.430934092097777,103.14999999999999,0.1295985743980969,11866.811073409544,2.4639310452723904
329-U1365E-11R-2-W 2/4,0.54067470605021,11.700816771590251,0.08505161920026313,688.5378819200351,3.884755373413326,11.101503125876526,0.35991409667935537,117.93612646262117,10.456973730726785,35.1203451896004,3.406183914017922,0.514626790577699,50.326307510521715,7.965091783621246,2.8128542705565156,0.16806138078609018,9.948975130502337,96.08,0.2173862295984032,10847.943455995593,2.888220005270249
329-U1365E-11R-2-W 89/93,0.3280577035871782,9.138573212951956,0.058560130854423756,600.5977771090313,3.2325672866116464,9.840537617190169,0.3164791680459239,92.54026635764522,10.288605246691443,37.404806195430005,3.63091573604062,0.5694393505052474,50.78058520639765,7.58631608068495,2.70167489159004,0.20405442259037235,10.079651192716078,92.89,0.1684486091815724,10967.810234514882,2.532550812364379
329-U1365E-11R-3-W 77/81,0.5208780504296279,11.81450936238723,0.08093197721442157,621.1889082436087,3.8376330476814107,10.830902813398188,0.3026641555206994,111.93609322302957,10.399505496117929,36.10204921964398,3.407281184717865,0.5176261371268728,50.343875796340896,8.131519495917454,2.8191976148700033,0.16770920631504685,9.917557441646693,95.09,0.22046355120611602,10907.876845255238,2.9567696785245854
329-U1365E-12R-1-W 19/23,0.25893896686773615,7.141500846271186,0.04836912677830125,530.5507188023093,3.3883139055643037,11.698031897697103,0.32004498039866697,90.7518244978409,11.28399965325001,41.71688681416213,4.0077638941840625,0.6209714464967041,50.41356570437289,7.219183754118185,2.599516576382824,0.27444363920104836,10.350820006037184,100.63,0.1377014168072152,11507.21073785168,2.410050469874183
329-U1365E-12R-1-W 71/76,0.7018882755247704,11.816931708912747,0.08558069884041651,795.7631493685899,4.476132378720686,12.12594099696219,0.5920595380689809,119.59554917139069,11.406552399732002,37.07897690523894,3.7257752535117254,0.5585091221539782,50.03496266452906,8.097153756141667,2.796346743126994,0.18731375010351425,10.155458993130248,102.34,0.21827579172715858,11567.144127111324,2.7932571724339885
329-U1365E-12R-2-W 66/68,0.6584604023663705,13.607084233197908,0.08948336060863535,758.13229218552,4.756564259967393,12.51581081930828,0.390279267954536,128.6838151365212,11.35684067538698,37.53597950136746,3.6705219684629817,0.5499677082330924,50.280253616393146,8.082842333872183,2.883291337881699,0.1840265686833165,9.999685728020186,101.51,0.22857273029058184,11567.144127111324,3.0188103201978116
329-U1365E-12R-3-W 17/21,0.3485807308232875,9.828191466782993,0.06381478063816871,594.9222775158391,3.52241556376174,11.538248862112829,0.34166330634301906,90.26645270967654,11.557591769545668,41.657135046340954,4.05459334884999,0.6359366727711405,50.574259041244254,7.118315448871205,2.690342318675563,0.23037087041255264,10.160739979448751,105.63,0.1633977487183787,12106.544630448121,2.4054221453035862
329-U1365E-12R-3-W 128/132,0.318284051095736,8.317344797466324,0.04816091517598597,559.8822953098615,3.050972731835384,9.797317861487064,0.3141274492974174,87.71309790538123,10.554896873822882,39.06815902703357,3.668215578935747,0.5804339195174077,50.70593204961771,7.638859665227374,2.6343991576488133,0.22074996021909507,10.282316271679383,93.01,0.150649007908842,10907.876845255238,2.338883712018858
329-U1365E-12R-4-W 60/64,0.27715635111376324,7.769572588690099,0.04375920124672534,582.3509798324844,3.1334993198754852,10.027631336748431,0.3184860636794477,87.43506354389129,10.797596983395891,40.15046753231119,3.863017114687229,0.6190454862846015,50.54149099295093,7.417082968467953,2.624109226699913,0.25190410837120886,10.254613253377782,95.3,0.1451739477034954,11207.54379155346,2.380698551879507
329-U1368F-2R-1-W 13/17,7.681032222313804,101.30125384890417,0.4039939916680039,3836.8683570428457,14.076899868515639,30.033840613709806,0.9946266367052966,266.867847329519,18.90095344961122,31.238790050104175,2.19442333788649,0.3236855620701382,47.85945093019098,8.642129652573878,2.5450598426164435,0.26345478961278507,10.1589805300165,141.28,1.3684729137273066,11447.277348592035,15.39280913097292
329-U1368F-2R-2-W 13/17,7.311414300709626,93.63989294236731,0.3722567067689466,3622.112813463833,12.279311857677053,27.32487458297772,1.11109348099766,239.1547557644695,17.64914709826823,32.69451216927688,2.268549634805581,0.35673393432351796,48.98100956543481,9.003635559154246,2.6382218635249575,0.22909578730763375,10.289239060722918,136.09,1.3183863690294408,10788.01006673595,14.419544727735726
329-U1368F-2R-2-W 134/138,7.1014891931093365,87.65064259569911,0.3564615199350101,3115.566369868872,11.325183067783085,26.96168272700279,1.1657133662116594,196.05287656009327,17.099937945485635,33.61099939010719,2.3071056587893644,0.35377313377510267,49.4147746877798,8.340230334929196,2.547165710550531,0.2036648578430664,9.938505396971921,133.77,1.249404355070533,10907.876845255238,13.137242271114406
329-U1368F-2R-3-W 110/115,7.539865054746175,95.26861042453137,0.36176579441362305,3172.416177030257,11.265278546645332,27.05447073807162,1.3651618575256874,197.0242409941134,16.74474184220883,29.004888533150236,2.1870949681496796,0.35849215785350275,49.14803666318102,8.85552254354939,2.552775520672463,0.21939432042789292,10.036102187351444,130.4,1.3697895627698342,10368.47634191844,12.625163486683656
329-U1368F-2R-4-W 61/64,7.059747218145547,80.55023501413788,0.3085855251106668,3252.69302361694,10.061869045888074,23.044802114574857,1.3469630072618053,160.66828142665906,15.159397800738025,29.230423125430033,2.3397065259934835,0.351775277810545,49.32551646446794,8.834502148188854,2.4419387474780807,0.18747745906947783,10.24357880766708,113.71999999999998,1.1519093015177546,8870.141610427336,11.117110055239184
329-U1368F-2R-4-W 86/90,10.018339671970002,98.63177369617765,0.38808188353442147,3805.5587005412276,10.35882321488512,23.460538611731145,1.9585454274674914,172.47739714418813,16.058028916404623,30.666749317858194,2.467655621822358,0.39128441747694637,49.169801350637016,8.831867902400294,2.7023401292967275,0.1982940404573867,10.128691046810557,113.33,1.3729935040228949,8870.141610427336,9.877610532933469
329-U1368F-3R-1-W 19/21,1.2046701736179055,20.95755058077427,0.15409951798077778,1448.3568473568964,5.698495732827682,16.901065010499256,0.666424522268986,139.3429419031048,15.707995093642726,47.35223090600237,4.80248414976996,0.7364680214758779,50.443094808131406,6.517516308496472,3.1086823195147275,0.23792565149261122,10.214642066292422,138.03,0.3071217142378126,14743.613757872461,4.156657689428702
329-U1368F-3R-1-W 21/23,0.8134735420067677,15.664763983954856,0.1466277306113745,1055.7345155115238,5.113057918183893,16.280862321930357,0.42643433593739805,108.08021212106273,15.549100034402104,50.02282096991832,5.054490487473525,0.776229136764588,50.6421738632561,6.54888746283391,2.805411111779071,0.2275034971231423,10.155052017632933,135.88,0.2829777810416404,14443.946811574242,4.460809613452135
329-U1368F-4R-1-W 23/27,0.5389374483401193,14.70737813301411,0.09223204981299497,772.1004547169839,5.212744002340762,14.942972815976137,0.3757843779826568,113.63800262237596,14.923941443620999,42.4290515466551,4.391675008239956,0.6788775130627964,50.141730551849264,6.708547861309135,3.106716672310706,0.23714197196925835,10.195807126386653,118.33,0.2583189983951308,14503.880200833886,3.7842847724182342
329-U1368F-4R-1-W 66/68,1.3085280087928701,28.91130936179437,0.13819153371526646,1629.1719944964468,5.833388463735831,16.772794159894058,0.8021782269924701,162.0447222909311,15.040911864568239,35.470011164258814,4.121474798362575,0.5915021303865987,48.948199918488,7.493409858815121,2.9851066336271175,0.22210310705309666,10.052987368150898,119.53,0.37769681759630064,14563.81359009353,4.363017173695088
329-U1368F-4R-1-W 129/131,0.46124068911569266,13.454701439206064,0.12132627061052868,680.5477974113084,5.085138333267202,15.595170878790423,0.3799178516746514,97.02502538461175,15.422747662425241,50.13944620215273,4.90186744295837,0.7580049769799759,50.35529497061016,6.928899781272454,2.7530166342383557,0.24179670820196852,10.11181907100098,130.89,0.2462681989221412,14324.080033054954,3.9956886559134808
329-U1368F-4R-1-W 131/133,1.1052935239730761,19.887645365748977,0.15750489650973276,1473.5074266841918,5.897134090432768,17.177925825722102,0.7372482507818165,144.62098515305817,15.923149698536534,47.455341289303085,4.899705845678773,0.7411274347525052,50.13637145679443,6.731893713123073,3.024978528324119,0.2301751883129931,10.168336290198551,140.52,0.3377987851687807,14683.680368612819,4.369004252482328
329-U1368F-4R-2-W 14/16,1.1489376960488185,19.71228668264725,0.16286905290326145,1489.2082721582558,5.877467845035812,17.136782843725914,0.7623284116657353,141.94243948987736,15.88219340896171,44.94866059839064,4.875833700254037,0.7186074547412411,49.816779456056025,6.781218229774462,3.0347781806221743,0.23428004703040586,10.21418717467101,137.92,0.3491544839695064,14683.680368612819,4.415158692456068
329-U1368F-5R-1-W 30/34,0.7464394753638882,16.428011517573474,0.13171505259450453,1004.744677746789,5.276499065429327,16.702531378234358,0.5183747423971264,105.70412680082262,15.798269566632687,49.97055630482923,5.036895971710933,0.7681288369756352,50.45645471448934,6.610905138663234,2.775829459757646,0.24632546364900704,10.091945393784025,137.77,0.2934460632556329,15103.214093430328,4.5821754805021895
329-U1368F-5R-2-W 64/69,1.1923160475361265,20.254700257332292,0.15261873453445593,1511.4685095387833,5.6333675456886585,16.920262523788704,0.7382000406956135,145.24460934463832,15.711335575943739,46.419134631843235,4.693346825787281,0.7217469030345138,49.89639375950376,6.8630908025290385,3.020367272414054,0.23683119893087612,10.258020759510199,134.67,0.3135127744153807,14503.880200833886,4.027759800089274
329-U1368F-5R-3-W 9/14,1.1040968295971298,16.828312137555216,0.1325472645513606,1251.755406099473,5.494129496682077,16.707652351472028,0.49085749483593116,134.672060781081,15.56002283907707,46.14281340817499,4.578880226186131,0.7243373460996728,50.22257661902799,6.942029797607977,3.0816644546135286,0.2377022813636439,10.229484017735317,130.47,0.2802420636219556,14264.146643795311,3.9367499551394793
329-U1368F-5R-3-W 93/97,0.5381639389536833,13.58874621792201,0.12161801566505982,691.2636241468834,5.078193609032933,15.894024909755124,0.38109071182455634,97.59139778558585,15.424824518969405,50.77980072032958,5.01212711550316,0.7715899897023257,50.488144321405336,6.767770085790545,2.7610546126248114,0.23482116156985772,10.100647738981845,132.91,0.2601211390541842,14563.81359009353,4.141469893532658
329-U1368F-6R-1-W 83/87,1.8458204808955536,29.501184564374633,0.1388293256160264,1498.7653673033324,6.563539738341226,18.79660645840132,0.7415625579571008,137.68064510114814,16.195972576132508,45.20905682722956,4.7731259477062,0.7363849642452389,50.30876803305584,6.559574298287894,3.1154893694122667,0.22596345867076897,10.342655706487756,150.69,0.3777443357312568,14144.279865276021,5.403311830782842
329-U1368F-6R-1-W 119/123,0.9800290379893357,14.302620420609014,0.13904067107784268,1005.0438891578322,5.056568041406374,16.05170780018213,0.5253677593553023,103.61698710255605,15.265417483123485,52.113199714744326,5.276659541601717,0.8004326964575157,50.30597912934494,6.705485754862421,2.777929355701185,0.20427791471141427,10.501493239935343,141.62,0.2595792238824206,13604.879361939224,4.889813079031345
329-U1368F-7R-1-W 48/50,0.6487860924028022,12.771238241575096,0.12970699230159863,911.7310620175824,4.816710169149079,15.725723799509883,0.47422285464736574,97.0597657334156,15.514902184274511,53.10571920780566,5.119671320349349,0.7770308518493894,50.10442462745336,6.770095258142737,2.7385268378851153,0.2062209973054848,10.41037793994307,141.4,0.21603517844137074,13245.27902638136,4.493841592601389
329-U1368F-7R-1-W 90/92,1.2744887027961258,16.653655446465,0.1556537177860151,1421.9165093193017,5.507386287788429,16.310246373215083,0.5834660329564642,107.91782426329765,15.222047308059082,50.5804906960618,5.07979418517379,0.7838068396807564,50.570567761866386,6.637932840789551,2.7800359650329494,0.20452122468018483,10.457178695786457,142.94,0.3016096664132537,13425.079194160297,4.913218310387335
329-U1368F-7R-2-W 8/13,1.2325373009022083,15.657448619258842,0.16161199629188175,1191.733124181971,5.518308243051914,16.665750053024038,0.4812979253471104,106.88116080695931,16.359904607782944,51.48854406716592,5.290171696806886,0.8092670547863796,50.42936052175775,6.5406930943883355,2.8231595382954313,0.2354461533296875,10.45664937638844,149.33,0.2874585307421776,14563.81359009353,4.916836457689377
329-U1368F-7R-2-W 46/48,1.1486690371753778,14.869247610626461,0.1518558638585829,1166.1151327575067,5.002697396916731,15.945116330112437,0.5446944793641242,107.48595845288283,14.961452081407394,50.923773794435355,5.184323745530938,0.7878850976026414,50.166730078176556,6.720515781269457,2.758082074267048,0.20136047818537683,10.53157425331383,138.25,0.2628572772002565,13185.345637121713,4.764755460343571
329-U1368F-7R-2-W 93/95,1.5338188736581215,17.95724622098561,0.15514008581950192,1412.830165439008,5.520326840258913,16.10177820257867,0.6501652675809646,115.87613947218735,15.07130647686644,49.64306740136492,5.065083346865,0.77390956789793,50.28686923384754,6.601709334305775,2.7332996665401903,0.1991353035472565,10.509548615696929,136.79,0.3137928295402685,13245.27902638136,5.146652313584182
329-U1368F-7R-2-W 113/115,1.5467092812665049,20.229401333758673,0.14511590764520885,1515.6606374321577,6.185902994268649,18.1040750978215,0.7361552723998332,132.4936823079317,16.06380100864044,48.387677499063386,4.953415090418127,0.7623348171822685,50.4330850205244,6.511591823341678,3.170254834397074,0.21931499801060778,10.348680200336798,146.17,0.3534960512367791,13844.6129189778,4.94647454029822
329-U1368F-7R-3-W 16/20,1.4002738748243568,17.98516017217534,0.15418628296171394,1358.9578881795092,5.7591498554886025,16.25517444281118,0.6279466554152725,108.35959155568771,15.292015696719343,51.199088145682815,5.1477533876359525,0.7898103147185703,50.195887407019306,6.649640914141657,2.7556998126769554,0.20724650613843482,10.541157006288627,143.13,0.3057860060146317,13724.74614045851,5.409326193975624
329-U1368F-8R-1-W 31/36,2.1808230441813197,30.46267218401954,0.15831012969942077,1607.7474429192807,6.591244724718613,18.772359990932575,0.7516134278647382,139.74191468149095,16.17617890269524,44.47350539282857,4.730863136265681,0.6916269253003678,50.26296019410104,6.5950404045143705,3.1385283362485694,0.22454238247695862,10.322602854032388,148.59,0.3860757822866064,14084.346476016377,5.460776320467944
329-U1368F-8R-1-W 129/134,1.3549235937366262,16.718494289858214,0.15125276111651392,1271.088048621424,5.487129919379004,16.509626161850278,0.5752967168874158,106.37888226758011,15.922287652268807,51.59198384497136,5.240139524091776,0.8013820920682437,50.54573395931063,6.619633271417766,2.8086395251810115,0.21694944329223623,10.347773302169074,145.21,0.2946280403639047,13904.546308237444,4.812192126863485
329-U1368F-8R-1-W 143/148,2.7772557182400535,31.09060016051178,0.16506767045952253,1835.902928917734,6.659099832887955,18.90705477357364,0.8303210865785295,145.7910047953499,15.879090617220816,41.85361241159819,4.548839875744834,0.6793285977324897,50.01755687898201,6.671440993110026,3.131033449018204,0.21389872133304474,10.371999196138505,147.11,0.4032924525774307,13844.6129189778,5.524043818101357
329-U1368F-8R-2-W 121/124,1.1065555552385447,15.157809417683705,0.13632787621202166,1112.2719150826026,5.250672678157611,15.872601661335466,0.5069765642509559,105.62401350257053,14.854037154449774,49.48449769608102,5.093087572366059,0.7751555977540603,50.458439232564295,6.693464461738043,2.885584308617683,0.21632213412839174,10.517465605037744,143.73,0.2584808805113074,13365.145804900647,4.032445862702742
329-U1368F-9R-1-W 29/33,1.1780816090229886,15.217561385831083,0.14345944338706762,1104.3947234851987,4.952978261970833,15.370118715513131,0.5039316052299206,109.67065125741101,14.95696103035746,48.563786226300095,4.9499402915453885,0.766639927963206,50.11336161322328,6.714428033353642,2.76021315579257,0.19979791096208627,10.696529846330705,134.89,0.251328352856373,12945.612080083138,4.524256153600695
329-U1368F-9R-1-W 95/99,0.6324265812816063,12.608571403902364,0.12180941637757133,916.0395402818515,4.858140870297556,15.725723799509883,0.47393894537386166,97.98235712634504,15.500361710498044,52.75371540377337,5.122255383167776,0.7754338692222201,50.12307511828424,6.778022133072535,2.7492811406869224,0.20711132956720257,10.439963036347988,141.76,0.2126892552075876,13305.212415641006,4.414497526988029
329-U1368F-10R-1-W 0/3,1.2475486714493027,17.96051284415655,0.14851593353613332,1435.8160627350314,5.414768835087022,16.519383107073903,0.6165454965411759,112.48058377920032,15.449542611227209,50.62476849590956,5.1327801747756805,0.7913221062768766,50.60490800749803,6.590921636916993,2.792753083867445,0.2078600559757255,10.379514503640875,145.48,0.313957514342347,13844.6129189778,5.075576474354947
329-U1368F-10R-1-W 3/5,0.7450116531929141,18.66556917228351,0.12682540450531943,960.4907913538409,5.320930869372876,15.309190160189074,0.5165906711293357,110.55096864594675,14.776446304567289,45.23100016336243,4.700091983747945,0.7224862379950671,49.892644546480966,6.923867125723559,2.616987716133183,0.22742804024575763,10.258094711676895,121.4,0.2912240781000601,14264.146643795311,4.999443406495985
329-U1368F-10R-1-W 112/116,1.809948893925955,20.485440036974065,0.1795603234506328,1850.814400833292,6.044587609890208,17.16594094375844,0.7363414241936557,149.06403192390496,15.361408260144657,47.1824449143068,4.840926011400477,0.7418047323873539,50.23642221787656,6.707007066891346,3.162555322568468,0.215362476813585,10.36475914183993,144.41,0.3313755239810368,13664.812751198868,4.418301731401677
329-U1368F-10R-2-W 57/62,3.2266159744479688,39.60619931177954,0.1667065661976638,1933.9410379257633,6.673452294538228,19.571800857951384,1.028461715812518,158.69022780515888,17.221531546155624,41.602681962599775,4.697040039753946,0.6899199294225107,49.220982743381,7.013434765219567,3.014818458659787,0.23502047479549482,10.660272590198877,157.79,0.460096156977445,14743.613757872461,5.316948602896754
329-U1368F-11R-1-W 10/14,1.2439453953728583,17.83895767968342,0.13912067214981338,1241.0655444527968,5.969161912919356,18.037079027149808,0.6063587627056647,116.95397715835946,16.405421209157545,49.6178716611431,4.9237435322439715,0.7713479201318462,50.49464527051639,6.492376746131931,2.896663486500801,0.22618418942029372,10.284438275199111,151.94,0.360309427615153,14503.880200833886,5.293286100253816
329-U1368F-11R-1-W 81/86,0.9564521291360301,13.445615806453208,0.14052990322719267,964.5384122439436,5.347070364974123,16.578645717259846,0.5307150784694725,97.98032570557503,16.568094662472422,53.32204743610882,5.326693319509729,0.8104064295203753,50.439647391913645,6.584968366076936,2.8419814866452433,0.23592695916785245,10.444968781391022,152.85,0.2520606954717705,14503.880200833886,4.642428058804357
329-U1368F-11R-1-W 133/137,0.3396052138655525,8.997059636738674,0.07538770959805627,536.2324604095149,4.578680745657654,15.56537547250911,0.4914728824386913,91.76446519674623,15.427569211775277,51.40335933248564,4.931384192296499,0.7337996250948245,50.15681690401462,6.51245905407438,2.73624829502098,0.24148801451422433,10.30052437587894,147.09,0.17104494140764462,14084.346476016377,3.6433629401651495
329-U1368F-11R-2-W 20/23,1.3596177810334145,17.509876442252352,0.17882387445369044,1298.6324765069778,5.561147007033771,16.635924302101415,0.5190165979700903,112.14033100666408,15.812266176079483,48.79159321366902,5.1200890635179945,0.7907547744529522,50.50979435449348,6.596842660849103,2.9564772466665983,0.23783122544312676,10.435654435365073,149.3,0.2839096466945873,14024.413086756733,4.190985489038068
329-U1368F-11R-2-W 74/76,1.7506603267248668,20.623705971142815,0.15822356123919845,1732.2586139337789,5.955832408533351,17.293763658774324,0.7627750779500849,148.07271277249518,15.831310926580311,47.038250468997084,4.889621346118113,0.7393853335385574,50.090619535997384,6.827356168940784,3.154516594352472,0.22787046788252657,10.402754878016143,144.61,0.3256149078476331,14204.213254535664,4.241397062891165
329-U1368F-11R-2-W 76/78,0.6080579969778116,11.499910327923118,0.10512327726674849,734.9125087428542,5.0963182790431985,15.835071080099764,0.5010495900928685,97.37279776366088,15.4738046283159,51.857036206956614,5.084790043505871,0.7658060932375699,50.16923851796877,6.723236002884897,2.7934084878482706,0.24066614288021965,10.465021772643077,147.65,0.20992620654316582,14084.346476016377,3.890631416487424
329-U1368F-11R-2-W 110/116,1.4891607272130534,18.194991981397877,0.1678640650813787,1440.8738348719644,5.708796016564974,16.863026977681024,0.6014003928848046,117.37492654749876,15.754907992469409,48.098682702355646,5.0562927106853,0.781907280868494,50.45538604069264,6.611056164540809,3.056684516531532,0.22017197905819078,10.444381889323282,146.42,0.3009755453047426,13904.546308237444,4.3627022182364925
329-U1368F-12R-1-W 29/33,0.9274731751883033,15.133677933360604,0.133423491077532,1026.4139072143253,5.279796775679505,16.13244844632955,0.4939340738297585,104.9001259436517,15.434242602445934,48.89414752285724,5.1069322799511045,0.7818675809594504,50.53382849766531,6.660849827131501,2.8921095185262877,0.22936006307700718,10.418259127997404,142.7,0.2579903171059582,13964.479697497089,3.988923012393668
329-U1368F-12R-1-W 71/74,1.7681264328253499,20.421797581931916,0.17074242778906495,1716.2537471938128,6.067515139600733,17.412148386055964,0.7575881548395457,149.45303945908222,15.789788147785854,46.76948887593903,4.849798607463589,0.7494390077667928,50.320523107838596,6.6974628601733315,3.172460896099664,0.22929980145102244,10.341783680812638,148.06,0.3259287669323876,14084.346476016377,4.345589700883073
329-U1368F-12R-2-W 11/13,0.7732872160921165,15.84236095976629,0.11968712505126593,787.6801997087844,5.11695542385664,15.377666523061576,0.41612797495391257,104.34245694394677,14.815674663202772,47.515468530357495,4.974808850843802,0.7610628329614274,50.389978241460405,6.690090425281882,2.885455981757067,0.2097593289296502,10.446327091742317,134.27,0.2556724226057079,13425.079194160297,3.867098218080017
329-U1368F-12R-2-W 13/16,0.39491375745854745,12.124075966123863,0.0980664008346483,683.1673865458168,4.964496581460585,15.149089622891848,0.35293034277463686,99.11805087666269,15.045865707348552,51.28744098338539,5.042102050262932,0.7575319035637663,50.12808764414908,6.691763870632779,2.7136064028472724,0.20525452012366868,10.405233802959863,134.24,0.1914607091199512,13485.012583419935,4.045364913155051
329-U1368F-12R-2-W 122/127,0.9089501871480954,17.379103203519843,0.16121430017483748,1104.632577512234,5.378340026759409,16.429142090671004,0.4360698671489292,112.70239311606244,15.770126465699056,49.84224419665357,5.107979920474979,0.7876627648493625,50.56917890514499,6.594319610126424,2.9118578921605685,0.2239571028587231,10.375045034755994,140.56,0.2879807813842935,14084.346476016377,4.279924140935735
329-U1368F-12R-3-W 51/55,0.6370774857164233,11.954249000883786,0.10175877975681563,839.3861569767968,4.985246571125731,15.690210493344127,0.48368353316161883,98.23509230339046,15.322632967734938,52.436913838236656,5.170984654373641,0.7740302063618448,50.19829082873751,6.738252345281267,2.765258688643832,0.21657562784871742,10.396815153438656,141.67,0.2063084700579026,13904.546308237444,4.070622336256991
329-U1368F-13R-1-W 7/11,1.571671414949553,19.794353510705346,0.16002438158469232,1473.4658972904454,6.029146764645246,17.107894413233684,0.6950097801415785,132.12748759826508,16.187069689634342,48.765111279191125,4.915188128266156,0.7593619397440935,50.59445017441947,6.492973733662212,3.1635736297856436,0.23408078592252887,10.422632549100971,149.58,0.316800857639032,14563.81359009353,4.543203450130266
329-U1368F-13R-1-W 71/75,0.6044938740176173,12.061182391503296,0.09715278417215786,845.3362714966405,4.921488982654598,15.771532531020798,0.44669565955847085,97.14971895882984,15.6341883031534,52.87321144486883,5.20068219762099,0.7778474627854872,50.252315270796224,6.690305755972305,2.780011141784714,0.23122923956049446,10.315120558466708,143.26,0.2109383945163457,14144.279865276021,4.213829153177993
329-U1368F-13R-1-W 114/115,0.9369408449220706,15.202585937855389,0.12628272557005646,1032.516493587654,5.143254926655999,16.093694443435655,0.4609439721313148,105.25899217842299,15.289232549395482,49.16078325429677,5.102615273211485,0.7799533382861032,50.52691937920132,6.664130836250037,2.8715993505333346,0.21461425216428384,10.452026885095945,140.06,0.2596791160250905,13844.6129189778,4.012731340816684
329-U1368F-13R-1-W 115/117,0.5714798572340329,12.261890901810094,0.09701112076912986,805.5445223676129,4.887998080577031,15.566467043816461,0.405015942331145,99.77073628117435,14.964304770992324,52.566648239268375,5.164462849946328,0.7736676975840364,50.14362334590548,6.727816489947717,2.747880347643632,0.20908770661127524,10.37888433944852,137.77,0.2082891470465524,13664.812751198868,4.129504532541202
329-U1368F-13R-2-W 54/55,1.0550703668903008,15.071592668033967,0.1425962671164083,1085.4757964276232,5.165671168905889,16.000614781468744,0.47714837040646474,105.02754757567271,15.179075007137433,50.311942152041844,5.130003917260431,0.7799899914646862,50.52949954464296,6.6850965624485985,2.8432011999923463,0.21385632613610642,10.426331754081255,139.86,0.2578137055950512,13724.74614045851,4.189582310764108
329-U1368F-13R-2-W 55/57,0.49635983878924095,12.305555986901265,0.09522816644342834,692.5284311232817,4.937104286687027,15.739622090420784,0.36726059314662296,98.91018603840524,15.3405164852545,52.81262021696547,5.191454257101216,0.7795690380013918,50.20078168512824,6.734218399870952,2.7674045736078394,0.2085495806919298,10.317143216463919,138.27,0.21197702529343282,13904.546308237444,4.1588220390293005
329-U1368F-13R-2-W 108/110,1.0644388676338252,14.884617601453197,0.19327814476037516,1197.690069927202,5.0666687894961955,16.088233716745513,0.492954324935488,104.14355689351136,15.381653791164847,50.62542408816817,5.1356646339751615,0.7786594126063705,50.40758277000169,6.685836214567309,2.8234105992770266,0.21000737747781362,10.423884945854365,140.08,0.2707869670820884,13544.945972679578,4.461788711947012
329-U1368F-13R-2-W 120/124,1.3927434870241406,18.920374205588754,0.14411420198514618,1384.0613334866578,5.286697822170942,16.35094824088471,0.5474618342867766,114.14923419187106,15.251811112356775,49.851227399110414,5.036042051407906,0.7725906662464884,50.60231842301729,6.616810974112509,2.8352629115030448,0.205673183196651,10.352977941390229,139.16,0.3028005512098429,13664.812751198868,4.639924491115303
329-U1368F-13R-3-W 52/56,0.8976787360963232,14.704400910036867,0.1323528155027031,1049.5836132592128,5.204902390228365,16.096118244509476,0.4974809803621642,102.03056071975128,15.442924845903617,49.64400062215742,5.127708351259445,0.7863072358958467,50.57812902005558,6.661212046449283,2.8620593325663837,0.22286636620618502,10.390661414632445,143.41,0.2543485545783641,13844.6129189778,4.057969053285137
329-U1368F-13R-3-W 131/135,0.46862612258103087,11.984131674081459,0.10490683537305512,763.6191010984924,5.006464572126263,15.394540690778141,0.47100062609018256,98.89395607029873,15.345758811298213,52.434093432417825,5.07927694027733,0.7522439775598035,50.15022004357038,6.605219208352751,2.721396625160549,0.2059191147797515,10.365831749924,137.81,0.1935017523431424,13485.012583419935,4.135934201665181
329-U1368F-13R-4-W 22/27,0.8781988510544237,15.152038131738912,0.16448887264395848,1106.1802064868778,5.149926863829249,16.28563645804729,0.45477556629513305,103.60739477973034,15.712551433173067,50.383537849475104,5.1346505737663115,0.7817881223955397,50.57142617184802,6.681012855265595,2.821339604028759,0.23186020662567305,10.413610010727677,141.57,0.2629002988209378,14024.413086756733,4.279924140935735
329-U1368F-14R-1-W 39/43,1.3099200805982505,17.105091077047692,0.15088317102680202,1273.5909150072903,5.2791432243882905,16.424011736778017,0.5534950284769566,106.83347260415347,15.44263146900772,50.55184490179363,5.073208921537795,0.7915698392326319,50.65391577244271,6.60001437594773,2.8189478623130113,0.21078750669082177,10.377087595762767,142.1,0.2980514337134153,13604.879361939224,4.730302549934842
329-U1368F-14R-1-W 140/145,3.7307517650610866,43.667339552845235,0.20750808711144333,2252.4161268139997,6.59292160151685,18.003726862241784,1.213230617219768,174.81924870757683,15.349542245074002,32.78453431171573,3.524633323480279,0.5388763737929131,48.93402297847871,7.39183113968141,2.9460182388558365,0.2150741751318958,10.270833058692574,123.14000000000001,0.4924990606632156,13185.345637121713,5.369771966429922
