,Rb,Ba,Th,U,K,La,Ce,Pb,Sr,Nd,Y,Yb,Lu,SiO2,MgO,Na2O,P2O5,CaO,Zr,Ti,Nb
ODP0129-0801B-043R-001/132-135,1.4758571532573623,1.3827131947148115,0.8633004666282519,0.513613618967887,0.7162415046861484,0.7467299900235559,0.7669252787974655,0.8279021464000735,0.7008581131007735,0.7389887734235023,0.83179479188636,0.8653316374836794,0.9369804116313094,0.983387871428325,1.7915060870925055,1.0142391176613157,1.214861064811525,0.7084364871637638,1.0,1.0,1.0
ODP0129-0801B-038R-001/022-025,4.565759088484631,1.7100122449059434,0.70073042634876,1.3106224782130487,3.3790500758444635,0.7478869914379624,0.7415683341907362,0.5301115933120558,0.2082353250009417,0.7056738484397244,0.9174653584152452,0.9498432505256796,0.9657392445975707,1.11008283949935,0.525540118245715,0.8561741712635916,0.9288411029236119,0.1795823289351039,1.0,1.0,1.0
ODP0129-0801B-040R-001/015-018,5.419433628178676,1.329064325777452,0.876167893982248,0.8680957494761351,2.9843001235172917,0.93596544767153,0.8772157935558019,2.719925228848166,0.5842050824023691,0.866179070762512,1.4076818731768737,0.8820538076851173,0.9011741955495819,1.1720942528970557,0.32353689651522155,1.1319315306129183,1.2288979347362783,0.2289860612992856,1.0,1.0,1.0
ODP0129-0801B-041R-001/020-025,2.316324807598053,1.1296863534168478,1.0406091777854054,0.7857935648173927,1.2355418336341053,0.802569540909711,0.8987234762541155,3.995540205434327,0.7908449178827578,0.8559933132253615,1.1187646139183383,1.2269528184539646,1.3223547726133869,0.9981621076040031,0.7138462818025726,1.2681418089281469,1.0711538985824312,0.7743353138328103,1.0,1.0,1.0
ODP0129-0801B-041R-001/026-031,1.5633681249967482,1.0782205176621447,0.7967996538770108,1.258555304445545,0.9051679464702755,0.774600999432967,0.8441352062461392,1.3270460761525615,0.8915680270590036,0.7818586803351526,0.9936986900499339,1.2157672697564963,1.1035335384659912,0.9730558755457052,0.6844403346860437,1.2793623488751102,1.074450269160629,0.8513157114139325,1.0,1.0,1.0
ODP0129-0801B-041R-001/130-136,1.8965705425063775,1.1059741380739536,1.000908643750247,0.8904977883042481,0.9889782877406484,0.8537307440822967,0.9397570953649153,4.869216172696028,0.9242281991766015,0.846432082974356,0.9952760866890584,1.2780522898953144,1.4897320699086396,0.9542574126858331,0.7849380493591925,1.168089738681368,0.9800540046646087,0.8304304760744979,1.0,1.0,1.0
ODP0129-0801B-042R-002/000-007,1.8631176506098188,1.097093458270161,0.9182783394039106,0.9062503320503005,0.865229402737092,0.9462952429418384,0.9473934173135026,3.4354023405023013,0.9801552203701783,0.898376608081323,1.1005456023172426,1.2812398017176796,1.3768118266402394,1.002283585084647,0.7956096043307748,1.2114886966808296,1.045041857157595,0.7996190648019922,1.0,1.0,1.0
ODP0129-0801B-042R-002/129-134,1.8082940532733949,1.1092145409007181,0.8324873842724414,0.7984453357603857,0.958250994025499,0.8159227008400418,0.8635029508420548,2.9704693140313605,0.9946231360173996,0.7084833032020776,1.0376612853668847,1.1847796823264825,1.177132390562937,1.0044807175256658,0.8889218826947973,1.179761863269249,1.1307492167749518,0.7481634215791532,1.0,1.0,1.0
ODP0129-0801B-043R-001/022-027,1.7978023961177185,1.4616632405320058,0.7792213742400628,0.8704167088978484,0.8470047356263223,0.7865299162564892,0.8545877786386,1.727773056971034,0.6597519956163099,0.802967547991601,1.0716907263406077,1.2179283518702373,1.1782502327599824,0.9794437692067604,1.1218020959914514,1.4114760391875631,1.06909946825302,0.5901197967293945,1.0,1.0,1.0
ODP0129-0801B-043R-001/128-134,1.5268461791752583,1.2167878914924237,0.9368144729277543,0.7892808653051843,0.7423065295315838,1.0064585868281486,0.994697461216833,1.117170335473225,0.7450586291759272,0.9191687669323395,0.9646659332311912,0.9475304933773333,1.0530626880583538,0.9241253815823766,1.319688814812678,0.9382697473398433,1.0665391678847769,0.622677312215282,1.0,1.0,1.0
ODP0129-0801B-043R-004/005-010,2.5741840791540476,1.3654959337680002,0.7688234414629723,0.7626486438414378,1.3639496284489574,0.7737924518928516,0.8615036902953106,2.9713646582325723,0.7343302680231085,0.6765869635256364,0.9776374979075413,1.2623709099270322,1.2688529383702947,1.0036073019832792,0.43110592985837703,1.332636573011319,1.117412592178619,0.630780920524332,1.0,1.0,1.0
ODP0129-0801B-044R-001/018-024,2.2836830426617714,1.2105419200429017,0.7921307993517479,0.9311033399949976,1.3341080913690748,0.8794105724935315,0.9758002828134925,4.273319694954564,0.8861151739846955,0.8955438039636653,1.0303494639523587,1.166171902572677,1.4179676641963146,0.9561018071142231,0.38292178264095655,1.388040701600442,1.0562580728140438,0.969153279439562,1.0,1.0,1.0
ODP0129-0801B-044R-001/107-113,3.581499589513054,1.5307681758779343,0.8370639231128675,0.6426573714681038,2.7999351913693102,0.8276442091671765,0.8310951903911742,0.5544012048537611,0.41769562231260327,0.698307380583675,1.0789742960559097,1.1405244712675926,0.9825324925464878,1.0797054643533417,0.38188535732071677,1.1825464742535312,1.1666655327541127,0.3848895090085638,1.0,1.0,1.0
ODP0129-0801B-044R-002/027-032,3.000843559067546,1.6356677943180455,0.7801651581516855,2.1663403291807795,2.629377843067412,0.8390497682521872,0.9433342878313355,3.6510367830287906,0.5692590359835918,0.8408044557557286,1.0495312057570774,1.2387264979303338,1.4240573403000378,1.0962335430834032,0.3613479243369171,1.1136266526481908,1.0607268797518936,0.3526067629413373,1.0,1.0,1.0
ODP0129-0801B-044R-003/028-033,2.0389429261718517,1.20550621830558,0.8040310719419078,0.9284156163327981,0.9779936544859161,0.7990063900432075,0.8500868998565304,5.019708139502316,0.9390795414584943,0.8949569810827146,1.07601725763876,1.3569637794301626,1.3222441769935422,1.0048748943032204,0.5973901488123963,1.3859590807344913,1.0768094269469477,0.7534494626142662,1.0,1.0,1.0
ODP0129-0801C-001R-001/014-020,1.6532989113616683,1.0265990514404109,0.8866191658883652,0.8146826683181159,0.8276125233438111,0.9628918766786991,1.010353710153762,0.5022065296606657,0.8751516521580784,0.9469949445868853,1.0195420178441186,1.068447965587156,1.2327019822648917,0.9300877138897965,1.5084897860123636,0.8569686036613333,1.0945030894094203,0.6926089815977828,1.0,1.0,1.0
ODP0129-0801C-001R-001/109-114,1.7634140658109088,1.2462842775822298,0.8631021494238488,0.8674638189234174,0.7473192285689491,0.8381144559501683,0.840166109610834,0.44686356416825,0.6220263835626569,0.8619427031684855,1.0134176751945634,1.101878181316968,1.0262890442350687,0.9553687124047358,1.3549463760861593,1.178990674507525,1.1183292753920755,0.6233444175774292,1.0,1.0,1.0
ODP0129-0801C-001R-005/033-038,2.0948277163513644,2.8776720521933914,0.7823001784881263,1.0045470925155418,1.0416411060147506,0.7990063900432075,0.8450286257310493,2.491946784398789,0.8423897115454673,0.8359124181534677,1.0388724243256648,1.3361889574832855,1.2638230837442868,0.9726307688008484,0.7028739329590274,1.5759818344531402,1.0507850136498824,0.6857874322538933,1.0,1.0,1.0
ODP0129-0801C-002R-001/112-118,1.9923521100884622,1.20550621830558,0.759212711048784,0.7800995607196428,0.9163762401461285,0.865915121928821,0.9528355735982411,1.5311020795691221,0.8542237028215647,0.9171015023505191,0.9989447744574494,1.283040933863598,1.547193311642544,0.9627259369448069,0.6156367414718895,1.362886531736997,1.1895075252879996,0.7295237936723347,1.0,1.0,1.0
ODP0129-0801C-002R-003/114-119,2.1757065787337484,1.3552917932453075,0.7934193522543312,1.1155330187020698,1.1789031985868779,0.7521091217473239,0.9005924007158965,0.4798926154597598,0.8991295810304853,0.725717632427551,0.9775074706081083,1.0473281955712321,1.1868836489293004,0.9606117133042159,0.655194546909651,1.3684031179217455,1.1483364449818434,0.6353895379340101,1.0,1.0,1.0
ODP0129-0801C-002R-004/071-076,2.0743008999306847,1.2905902585936273,0.7752603150194017,0.8355083433287878,1.0784109469717593,0.8392127623452644,0.9875342254793559,1.024312443502709,0.8890055679416675,0.9156928311663093,1.0484368398780468,1.257464323723589,1.5466660927959184,0.972683515984052,0.7411870703945895,1.3298726486021168,1.0375472015828333,0.7317010466229826,1.0,1.0,1.0
ODP0129-0801C-005R-001/103-105,112.41048618218849,14.984515684170937,0.6514985453322542,8.355711299373052,58.908335529788125,0.7354990855033872,0.8142488055497704,2.396460404122692,0.89991593677325,1.2507935440028584,0.8310419262396268,0.5910886952830029,0.5559444058791332,1.0403641831737893,0.24283341608107356,0.5873440425225522,0.19812036303832592,0.4352166766269076,1.0,1.0,1.0
ODP0129-0801C-005R-002/087-089,31.98484695202796,1.3418706989905578,0.5754824777291317,3.018162528430321,6.706586582445093,0.646942610715353,0.7818867725541022,3.54352637199563,1.9616704275148225,0.884242823299413,0.6905012210529424,0.6468423639525884,0.6268471006054559,0.9041444624287163,0.38915914885186814,1.3372143707374378,0.21453541241507365,1.1579725355635082,1.0,1.0,1.0
ODP0129-0801C-005R-003/038-043,1.858149970215823,0.3747179737994786,0.43253100954588547,1.612896039303574,0.2858566757685874,0.3904445369766415,0.519360979787566,2.4357140815319966,1.2674210219529731,0.8154193376006696,0.9473822193370304,0.834482670523458,0.8351626611617671,0.9272299951814658,0.5982129860889088,1.2395918091217388,0.6116927232620945,1.1666212084603214,1.0,1.0,1.0
ODP0129-0801C-005R-003/125-131,23.672936649052634,2.606736339727205,1.8026424441902398,11.081018121610866,5.2529041669353855,1.7741128812059113,1.3976682882662785,6.900948903336579,0.7170724379986537,1.5982061236278278,1.9215424029877606,1.7829907238643061,2.0090513578820888,0.9050174146048369,0.5389387112845678,0.5031095013574068,0.5016472457279769,0.6749488017362398,1.0,1.0,1.0
ODP0129-0801C-006R-002/029-034,2.998746332289677,0.21032584877232277,0.23161447050244646,1.6733109563500483,0.3030575969168033,0.3107679774458492,0.42165905997688496,2.734164514469239,0.9343935081718986,0.7552799740163624,1.0958357454037064,1.08369047782557,1.0777142684419527,0.9302638887415807,1.1898354681604069,1.0062200299596809,0.49394909359248856,1.0476244966043524,1.0,1.0,1.0
ODP0129-0801C-006R-002/119-124,1.3585045186170988,0.1263074180718884,0.09760561696705057,0.16212740371164666,0.1280431822351763,0.40126482384613404,0.49164508159575243,2.4653258979574537,0.9338628907330307,1.0094309670593238,1.1576675948668673,1.0932329542867638,1.2747157830659996,0.9385165789300478,0.9447173838170471,1.1786416626327296,0.09444964162996497,1.2325722856662717,1.0,1.0,1.0
ODP0129-0801C-006R-003/037-042,8.424220326087767,0.281807901026961,0.12219606006584491,9.099090745180568,4.701049353727157,0.6323021968410232,0.7696289171612428,3.502668626626189,1.057982267762124,1.0368420543436123,0.9845691025159238,0.8997711490486604,1.0539898637753142,0.8408445863456104,0.23468684512317717,1.5737675907555881,0.1551367146310887,1.4900656143444206,1.0,1.0,1.0
ODP0129-0801C-007R-001/053-058,0.3130615777647667,0.6110540538514038,0.4245256487314187,0.47545347473672583,0.1776746440210446,0.785171656107258,0.7241455516980311,4.062317218266078,0.7679553162426775,0.9738875729017737,1.1586133742442435,1.2830289444265552,1.5737985878992655,0.9639034539299502,0.9295529433737593,1.134964936381363,0.8375256938976984,1.0847458589617134,1.0,1.0,1.0
ODP0129-0801C-007R-001/099-105,0.2835108456611422,0.46217439122759174,0.3099309216269149,1.7604316850413755,0.13526284406633887,0.531919220135064,0.505221055226254,3.8534220728848054,0.642172371158822,0.9327514274159018,1.5953163285305783,1.450447483296255,1.9706840846464146,0.9428225566818589,0.6903662232519358,1.3465183390370459,0.7734572581463974,1.1468682321312214,1.0,1.0,1.0
ODP0129-0801C-007R-003/000-005,4.341022488896358,0.3854587220172347,0.39697732193815793,1.2455828766919592,0.9415602910536066,0.6088373167742059,0.6036389447018815,5.627585415560939,0.7560975526702184,0.8825509316842963,1.0914782204731528,1.1685542780896467,1.4005965529254787,0.9390557502850354,0.8265410088661218,1.1950789125424786,0.5118907090183553,1.0759731041610738,1.0,1.0,1.0
ODP0129-0801C-007R-004/077-083,0.6269104074527273,0.28359413758038754,0.3398118522711753,1.7964144344012392,0.15170753462906356,0.510408022015129,0.5081159009592799,4.662339150955322,0.6004481759069974,0.8464027240258176,1.6972375038015883,1.507490025187667,2.0427787465079223,0.9787816577076588,0.6939281200340126,1.3596199862433431,0.4558464522757787,1.1209411085262044,1.0,1.0,1.0
ODP0129-0801C-007R-004/137-142,0.661739236818761,0.48892208261043973,0.3565211158624112,0.3394504947608361,0.21350279984729964,0.6553059106106766,0.6086061913509526,4.127387071838171,0.8136933347534655,0.9625507713636189,1.282495322810643,1.2784262511763245,1.6285229921136566,0.9315342358141753,0.811623919530436,1.2750542145903618,0.4846934295261015,1.2086190731524618,1.0,1.0,1.0
ODP0129-0801C-008R-001/065-067,6.559866229055189,0.6869379583708397,0.33992801776500237,4.747133096434305,1.702206076886719,0.5469781067589257,0.7108969131243773,2.192758295270833,0.8118428553667915,0.840866095549378,1.0958749658198323,0.8951022430806188,0.9242878799668374,0.9329092755981979,0.41821655630509214,1.330503766504913,0.5653519465646348,1.0618944721146928,1.0,1.0,1.0
ODP0129-0801C-008R-001/101-106,0.9926063855868743,0.23113302403144426,0.3788036856038119,0.34131731186022324,0.21910400282846523,0.6527577249113549,0.5981798265247954,4.135189522404916,0.7525918657307716,0.9343748389740193,1.293309019637874,1.3085939929140609,1.6976797016763197,0.94729899487404,0.855260535181202,1.2662995496473055,0.48882687620139215,1.1559108886979752,1.0,1.0,1.0
ODP0129-0801C-008R-002/078-080,0.6742418498267582,0.22824374908409992,0.28188852387262525,1.0022058662713242,0.17646891880722396,0.4865272834965924,0.5008539731191324,5.387277541599678,0.6554725270139788,0.8384011603235739,1.4130040784605213,1.3317781328432101,1.5514459195957464,0.9510213423460634,0.8706097523818044,1.3295088555655048,0.8941620469794639,1.2695596493988797,1.0,1.0,1.0
ODP0129-0801C-008R-002/133-139,1.1501896442131039,0.5372232292199244,0.24053926912122464,1.923145754111729,0.19182059249329936,0.5923838379489237,0.6617228767648102,4.461254434619956,0.8221528503170433,0.9173055586012552,1.1684769091950937,1.1913919372559318,1.2414414500064206,0.9732032852424845,0.9019874415671444,1.3213638267786076,0.8200243728418797,1.1156750159945616,1.0,1.0,1.0
ODP0129-0801C-009R-005/020-024,0.46916042407195396,0.4389267289726834,0.25489697668629285,1.820829368734126,0.1631764561103135,0.48348146623090404,0.6708819447457078,7.1813713031311845,0.8858932071590647,0.5936082283035169,1.0812752744321557,1.0339805778964257,1.0730848126771935,0.9837197513218011,0.9330678223363664,1.050509280779711,0.3764506478260094,1.1215194910419968,1.0,1.0,1.0
ODP0129-0801C-010R-001/055-060,0.36397628207792093,0.2706167752261957,0.2575351418367168,0.2681470806785478,0.17422807503056292,0.5903720745132505,0.6527683626963803,6.454870196511084,0.6272338152850571,0.9048552959322137,1.7938548002186914,1.4556340665467162,1.6942485848118762,1.0105460779573459,0.7013346785295352,1.2889650064188742,0.38435378157025274,1.3104437791903845,1.0,1.0,1.0
ODP0129-0801C-010R-006/067-070,0.418870730978374,0.22605446621274203,0.23799970752160413,0.5157636169854112,0.1779431251907202,0.48110813523511814,0.5799814246252549,2.5133871778058574,0.7876555271277781,0.8125848472692241,1.1627266980776803,1.1515374321569656,1.3680073736161658,0.9777193517083134,0.8880785760688249,1.1416971824479867,0.34899937733839326,1.2705291026969971,1.0,1.0,1.0
ODP0129-0801C-011R-002/121-126,0.22441828072410278,0.37303687134466196,0.5919402023321552,0.3262071618594635,0.15769274230980185,0.7069976616820529,0.6152206595836435,4.926456335714332,0.9968445390290298,0.7989291620258759,1.13972686632256,1.1725149508877188,1.6903524232568514,0.9685263635078687,0.8503974412751545,1.171331042202404,0.5169219709169786,1.1490228500833446,1.0,1.0,1.0
ODP0129-0801C-011R-003/121-126,0.9708111138238288,0.6104686699411532,0.28697195464429404,0.3828539537399163,0.19537576933245848,0.5585701781029497,0.5873919360520791,3.280407217392997,0.7657598219149072,0.8594872950378664,1.179891180115322,1.257308043695287,1.4929558583498523,0.9187960332601872,0.7335887974285584,1.0802919374144682,0.5072963650615242,1.2183477140256607,1.0,1.0,1.0
ODP0129-0801C-011R-003/131-136,1.2019019810384324,0.27216705330026714,0.15538477987968743,2.7466810191320734,0.19520897598136472,0.4444196571948755,0.5058098509070342,5.870014415890219,0.650836082378518,0.6446779679122324,1.0968198647265097,1.122682348327751,1.1766704717872307,0.9427945765517192,0.8808104148149467,1.007444430678546,0.8018069637715636,1.1498669596382696,1.0,1.0,1.0
ODP0129-0801C-012R-003/032-037,0.2659045254352322,0.4505901887353987,0.40312194224233405,3.0190874035021835,0.10021595936537848,0.6262973774381312,0.698038642114827,4.441887539626983,0.9567500588149147,1.1376474598880664,1.0349079571564188,0.9974446521838524,0.99371376975492,0.9666901738139264,1.0624192254799645,1.0067072418146101,0.8612866857936996,1.0972886372933968,1.0,1.0,1.0
ODP0129-0801C-012R-003/057-062,0.5323011453774852,0.5152233249835886,0.36404084864103425,2.0127249356681225,0.19623469135389157,0.6261312362329245,0.6467063557808003,5.267978942791504,0.9427539571261356,0.8359530650107515,1.0342498498809451,0.9812377612442152,0.9929262805166585,0.9762609410927274,1.067106369121788,1.0217915978876255,0.5446744819082261,1.0790567668385116,1.0,1.0,1.0
ODP0185-0801C-015R-007/031-034,7.785033776545769,1.1555019593351505,1.202498026437936,7.614869550392263,1.9055791345374957,0.9700228009334491,1.1423504479616615,3.2875489448949238,1.6061792300511752,1.164608657397585,1.2226860238096662,0.8607501711170277,0.7260166647863033,1.0141220465062009,0.2844225064716461,1.3891860852299263,1.2896576586400035,1.3789945894271214,1.0,1.0,1.0
ODP0185-0801C-034R-001/093-096,6.073540242398869,0.8752343262469531,1.1404227278591093,6.188169135067381,0.723896465730794,0.8833884655475344,0.9915447989312653,1.2917451378623355,1.1433599287037908,0.9969621399528976,1.1463966715221103,1.0412682343014208,1.0692280790584743,0.9545975814845141,1.0461529110930428,1.0207473862229304,1.0664899131787156,0.9930062958350107,1.0,1.0,1.0
ODP0185-0801C-040R-001/024-027,13.027098394115663,0.48004938392296553,0.7991234645176148,11.602814936214827,1.7993551695378425,0.83362443105389,0.8528835048260895,0.4510835103815749,0.8610171294288792,0.8885139656563916,1.285582770660001,1.044936177995462,1.073195194271866,0.8394938123852356,0.836356060283398,0.7316912675516822,0.9447727248816781,2.1392745462365257,1.0,1.0,1.0
ODP0185-0801C-044R-003/023-026,6.075400500489065,1.1353729869448907,1.0099651170239758,11.788815905253108,1.086386062026436,0.8807390216623603,0.9173178526997673,0.5716402552999372,1.0960922448244477,0.9215571405583731,1.2833428769872857,1.0949177190718127,1.1035247165670383,0.9400580737330835,0.9302533131031451,1.1018638767257585,1.0272343064180087,1.170211407243507,1.0,1.0,1.0
ODP0129-0801B-037R-001/036-038,4.279986508696703,2.036624616309389,0.6426245444238675,1.1661767249128792,4.089128218287044,0.8156898345012873,0.7078904437818784,1.1775861209563563,0.26202240597891,0.7662884177970255,1.3423620325081094,1.2459595054252866,1.3231066266759357,1.3444319017343191,0.2652451936866669,0.978871861245075,0.9600873667237355,0.12031839849033685,1.0,1.0,1.0
ODP0129-0801B-041R-001/026-030,1.5730267461862601,1.1152467079809487,0.9005381249558961,0.6899712120694926,0.8265077989986437,0.7509295712756857,0.7552777311393055,0.8444747762419114,1.133047671948917,0.7385738946505787,0.9668894669033853,1.0207549816175525,1.1525993598532915,0.9944429065237432,1.0075429987849172,1.023928395570062,1.0562132594411349,0.9881757277489772,1.0,1.0,1.0
ODP0129-0801B-041R-002/074-079,1.951958848928618,1.0052991722479678,0.8528987068633789,0.7645863541214073,1.0506801770205247,0.7779385664779762,0.7748228228444733,1.007180810659414,0.8765782583319905,0.7953683852997672,1.1217013636767654,1.3360331074679084,1.4345040150383428,1.024589838512418,0.7225852901080783,1.0915773372653028,1.1297105749798497,0.9714999397109229,1.0,1.0,1.0
ODP0129-0801B-043R-003/111-114,2.2797825700243903,1.2666205539524849,0.8042221714715976,3.2088901658589046,1.4225607968455485,0.8986734380323823,0.916865203897894,1.1621508897778032,0.5751095927587492,1.0303950344810138,1.5254072337389062,1.4192750766982272,1.7135942241230686,0.9845594915170228,0.9695272836382951,0.9829062298625589,1.3770026232679586,1.0789789487797028,1.0,1.0,1.0
ODP0129-0801C-001R-005/033-035,1.7143951088599707,1.9654628385073112,0.8311657926452154,0.702185189421023,0.8343209723000401,0.6944039049330152,0.7878330696737592,1.0592175167431943,0.7196695032550204,0.7504345430462721,0.947898124934127,1.057163940403909,1.196383859346337,0.9984960664770302,1.1333685483254403,1.448529902335338,1.0615011021330198,0.7980698444579762,1.0,1.0,1.0
ODP0129-0801C-002R-005/024-028,1.0959610407592009,1.2697117655904968,0.48203331198144717,0.6352259417263612,0.9439218314027046,0.514928336391663,0.6178159473770884,0.7592581757777942,0.9749515428952362,0.6865292977445653,0.9822786968848204,0.9317547377812189,0.9063391375148055,0.9065827695569751,2.533099098723776,0.9889265545948499,1.3208419137306873,1.8246425005311562,1.0,1.0,1.0
ODP0129-0801C-005R-001/095-098,64.4916847090335,30.22302079025585,0.21184450095518442,4.906887207172818,43.532318877051985,0.7759399851964077,0.7098392678815533,0.27046594172146743,0.6837440479930772,0.825038416614759,0.8674220700019717,0.6462916769215102,0.6573023133703518,1.1378586703515208,0.28176468682415423,0.5272545059459273,1.119848123543939,0.44558662780575664,1.0,1.0,1.0
ODP0129-0801C-006R-003/042-045,19.807547293687467,0.4127988100414636,0.8874808040810673,9.41747673633144,7.068305461615645,1.4999672290131973,1.4178993186134263,1.940608509415144,1.8135573677099839,1.5167039070646684,0.7732253552082368,1.3521446147889815,1.4328347743212424,0.9991317911295807,0.29076850576400987,1.5093657869080503,0.8295729645273472,1.2058224740048868,1.0,1.0,1.0
ODP0129-0801C-007R-003/043-048,8.493242835143233,0.648074089521637,0.16883598854043605,12.297446175199708,2.164743907521985,0.49707655835485415,0.45792002182688457,0.40315986544843996,1.013363548664075,0.49414893096601575,1.1473178382026195,0.5664162903292155,0.5863849607672078,0.8190441162252746,0.7390319014128786,0.7890519534689451,0.9084612940303258,2.3256951427329686,1.0,1.0,1.0
ODP0129-0801C-009R-004/001-004,0.040961529303557724,0.7810074860020467,0.9644094823920293,0.7803948054262677,0.1729068682917591,0.7947017399750874,0.8258723370987304,0.3187584644245877,1.0735906771081543,0.9218538012261565,1.0894135023170401,1.0118143814262617,1.0157595791282192,0.973555718718461,0.8630526973755189,0.9694223145322052,0.8584386547437192,1.2241956286549776,1.0,1.0,1.0
ODP0129-0801C-011R-002/145-148,7.957510589432008,0.6129080081893928,1.0072120329455105,0.9260663906132607,0.9780121887305683,0.7452372378488727,0.8720011908231974,0.7629878615471054,1.1007663837252364,0.9110428208556908,1.0742081567764838,1.0470871829043056,1.0955406705423227,0.9545559921280552,0.7628272085010565,0.8939280285889165,0.8332023000361618,1.302594157562539,1.0,1.0,1.0
ODP0129-0801C-012R-002/111-113,1.7568037854129117,0.7341905802315651,1.0533563187676251,2.1931352872924315,0.379062755488705,0.8266013854621342,0.884078856030553,0.5903979201492804,1.3391321959066698,0.8801577999942829,1.1881952312479134,1.0301571087392962,1.1085363719314536,0.8409639404778209,0.8618904352150208,0.8377820728893586,1.135006451574115,1.8979033256466946,1.0,1.0,1.0
ODP0185-0801C-014R-001/086-088,0.5524644458966977,0.9721378347157027,0.9080489798675465,0.6542562972728866,0.28974132914192563,0.8427122760384432,0.8732955647743187,1.189484582134529,1.0793595380365542,0.9284328945266008,1.0848957124815373,1.0793950383628628,0.9859524206864119,0.9573628602781905,0.9561129592313053,0.9555769708591425,1.3396018199973994,1.1630758186570973,1.0,1.0,1.0
ODP0185-0801C-015R-002/117-120,7.795898913197676,1.2436093484858939,0.8276971486400638,4.978688323519812,2.240845103288913,0.7652257976489973,0.8319902214734963,1.0495562518223966,1.5013264966881967,0.8701735154311954,0.9582231299029186,0.7982355947756181,0.7388300171580834,0.9975772649325835,0.6563890814844393,1.2711745911542112,1.0261174951370227,0.9289881425832046,1.0,1.0,1.0
ODP0185-0801C-015R-007/096-099,1.1999227380839979,0.7720382907318422,0.827977030051758,1.7567878142703501,0.4012169125290892,0.6797960618520702,0.7679858760163077,0.8515033390272683,1.3915553403583594,0.7394577526975247,0.5773426996754394,0.55078982107252,0.5386273843180343,0.8750553685442862,0.8946983494707659,1.1109790169397082,0.9753004558730191,0.6123887856889484,1.0,1.0,1.0
ODP0185-0801C-016R-002/027-031,15.603995782940219,0.9408020017408315,0.6293106306532333,4.190920940484401,4.4736043511875865,0.7668280488724343,0.8232499724405352,0.5040152631431691,0.9679154247232054,0.9828511899723296,1.2587725357793487,0.9676228623552804,1.021762273697588,0.8409607849155425,0.8566839067189055,0.7162152961046778,1.0273970988691385,1.4082243021591587,1.0,1.0,1.0
ODP0185-0801C-016R-002/082-086,21.50283899587157,1.0387637559852287,1.3358173546670915,3.4610577018694437,3.3602949213596176,0.6695546934863102,0.6959631653125492,1.4792122324285506,1.5668503570455674,0.7682081534625227,0.9385900474940568,0.773505902525752,0.7829917902646251,0.9774288283667626,0.42978707551599876,1.2213000885201553,1.037029506632228,1.309377933331954,1.0,1.0,1.0
ODP0185-0801C-016R-005/062-065,1.036766156186142,0.429249288254209,0.38461963395095405,7.761735867644031,0.7776538119710693,0.6428964126717641,0.577417569778422,0.2131433175473972,0.585172087527589,0.6968408631381107,1.1669323360631518,1.0108252327082943,1.077136360877942,0.926149647539979,0.4208357513991604,0.637467934262772,0.9894643425203573,2.0700515208495327,1.0,1.0,1.0
ODP0185-0801C-018R-001/064-069,0.44529300964499946,0.7412943104356247,0.9130193308887175,1.0961999028654925,0.2836643319451243,0.7561516014233947,0.8889253781956673,0.7491937305150371,1.2159944857911675,0.9039302157672371,1.0168742667307888,0.9469737723805702,0.9740427220732889,0.949615176129079,0.9709279961567079,1.0146786754956827,1.0072755115355632,1.0406161867312098,1.0,1.0,1.0
ODP0185-0801C-021R-002/086-089,8.368171446992749,0.8174580757139328,0.9590563844848455,9.940800501797405,0.9849214250165618,1.0802165685098082,1.134476446004738,0.5643842479701211,1.179909929335822,1.108809025627692,1.442849112547164,1.3477339809934836,1.426225350025664,0.8594620939054692,0.8173046569549947,0.9097403068601667,1.2259059227186662,1.7133765487431256,1.0,1.0,1.0
ODP0185-0801C-023R-003/080-084,0.3665524277074852,0.7190617567845456,1.238355985855931,1.0872105001781305,0.30657411119097383,0.7965855960979176,0.8390181089071468,0.7238467148126564,1.1586367006189926,0.8668683827201382,0.9364300451225885,0.8901120796853397,0.8915209513048244,0.961388141779832,1.0387866135742692,1.070541287818656,0.9565546132152574,1.0053384193790704,1.0,1.0,1.0
ODP0185-0801C-024R-001/046-049,3.3216378929641692,0.6305411246978572,1.3292925467955643,3.9580633096625664,0.3950392116763555,0.8279828332214385,0.8141655454312821,1.0665485594963142,1.1113541672355514,0.8928642707109212,1.0909552027628273,0.975954185681814,0.9414113248066611,0.9548405083934434,1.0198327005638785,0.9988278952435314,0.9396976261285858,0.951688527743461,1.0,1.0,1.0
ODP0185-0801C-025R-001/010-013,0.2216311002685772,0.699515123232917,1.2046683704990595,0.8342610102010913,0.1868276180029458,0.8816680571946086,0.9395776618210445,1.0052505007076271,1.0874168171490974,0.9874126218453649,1.0789974565953946,1.065501669138146,1.0928615459178523,0.9698380964913986,0.9955760254930274,0.9621167520349216,0.9588263641157373,1.0608679913943455,1.0,1.0,1.0
ODP0185-0801C-027R-003/066-069,2.4193849038424062,0.8180482968680015,1.0170915340857596,3.9553879156283043,0.36044627031958426,0.8075983264599211,0.9284820927345743,0.9415034881704032,1.0959459851981945,0.9277351642858962,1.1927227183953848,1.0374120777900313,1.0856148429875565,0.9485690910020028,0.8037306883367331,0.8937167465551662,1.0923474354447316,1.3204110613491036,1.0,1.0,1.0
ODP0185-0801C-028R-001/110-114,6.730585290115641,0.8423819081390755,0.8506376230784907,1.0191871765899376,2.1027559063609873,0.9549795230907226,0.992027714283454,0.738685681602276,0.9545796886228765,1.1201595959213255,1.3140376910246476,0.9397287511572148,1.0101729444826062,0.9719363710534564,1.1090596178778638,0.8994880865723291,1.1765040170350536,1.0772863902017844,1.0,1.0,1.0
ODP0185-0801C-028R-002/036-038,0.6652387463153582,0.871146080304849,1.0739310142844225,1.0179839770978583,0.20379672962150797,0.8528681762277561,0.9621210311725344,0.7104369724855883,1.116083080215136,0.9773570662602893,1.1363339630449085,1.0678822417624843,1.105740605530457,0.9703670014735349,0.9580874360840679,0.9221855527372205,1.061999401458236,1.1308155900261345,1.0,1.0,1.0
ODP0185-0801C-028R-002/100-104,3.2938876541304936,1.671549301932769,0.7368836247133835,10.00718556181661,1.8806098067173527,0.7461129372290702,0.791857929310891,0.5758549254257592,0.8185623064588244,0.8740096178829311,1.0608426637850428,0.9960971464951968,1.0302405945575517,0.9418591837794461,1.0367004707499141,0.8384822655879426,0.8601069341252295,1.236419671981361,1.0,1.0,1.0
ODP0185-0801C-029R-001/016-018,0.5041052135002645,0.5653803412357401,1.1715284918658069,6.387880642666197,0.47940235383827484,0.8826430589955013,0.9954884122057255,0.7879190293046294,1.15416236479736,0.9938806538735734,1.1080981541428871,1.0538184226799168,1.0746143014341605,0.9430706220908649,1.0275923475454622,0.9700554101239299,1.0192311967861505,1.066850208245442,1.0,1.0,1.0
ODP0185-0801C-030R-001/003-007,17.182543765856437,0.695063516967467,1.1582644797860837,1.960734470156388,1.5274683806210292,0.8413237570320836,0.9149364542690899,0.8735553162704509,1.1587178310317265,0.9361540728041947,1.0857854604861998,0.8321196423281618,0.844844187438541,0.9397389056851101,1.0809840367249615,1.0084845425996871,1.1091374907855227,0.8839239614387473,1.0,1.0,1.0
ODP0185-0801C-030R-001/111-114,0.7288569361010353,0.8578232870405166,1.116010769625975,1.0853217879827426,0.24831505566332845,0.9077032671505832,0.941841090171046,0.2610890824591453,1.0465233614163816,0.9764520921901303,1.1566169600211318,1.0230901312115233,1.0556535339632798,0.9588920483573891,0.9421053474484069,0.9278144062845468,0.9802350152183316,1.02949805075422,1.0,1.0,1.0
ODP0185-0801C-030R-005/039-042,6.603616404975629,0.5899559929494946,0.7948810928324808,3.0008318699423127,0.8098310662183721,0.9234123115238815,0.9243435069278105,0.3780259806224259,0.8707299254357854,0.9778934178681585,1.2200929234816547,1.208775408162378,1.2407680678511377,0.9506479380800481,0.9627311363819179,0.9014205217694781,1.0564464734189194,1.3176836133876113,1.0,1.0,1.0
ODP0185-0801C-031R-004/043-045,0.33275680891832393,0.9928209093457662,1.1509333670899946,0.8196548380120873,0.21183579439770878,0.911159871263256,0.9388833251263345,4.596845100993442,1.030928386619485,0.9626996291519009,1.1721383147304558,1.0315243132550338,1.0830357436626756,0.9703335392406753,0.9120541401932744,0.940036242337151,1.0008145376975897,1.051927448469011,1.0,1.0,1.0
ODP0185-0801C-031R-007/007-010,22.183787549100522,0.7969627929160215,1.1514370603492765,1.4612261424514235,1.7160469438995078,1.037377997726303,0.9505401917279155,0.40786909457754933,0.9742930822428386,0.9583869662076971,1.2307169647421512,1.0101045134294817,0.9724951890396453,0.9805430281213587,1.1821009981446309,0.8182490240683318,1.0287409639941583,0.8548940519965174,1.0,1.0,1.0
ODP0185-0801C-032R-001/121-127,30.16535537917079,0.5492105043479473,0.7197172362950282,0.38590001626928677,7.167651616432319,0.7797585696836825,0.8655159131249995,0.40504633199899215,0.6029454778008283,1.0306013221332593,0.9876689815178706,0.9820032506779423,0.9934961039878737,1.0270503750367357,1.205436464881561,0.8070139984245904,1.1235024535588398,0.5540796594579027,1.0,1.0,1.0
ODP0185-0801C-034R-002/036-040,33.322590046205015,1.1633085259181686,1.1110876064426758,5.801223844362931,3.1700897818571963,1.0068136343532437,1.0210991567640475,0.8939407686238058,1.107121754920646,1.004755137282311,1.1254448384491895,1.1150217370387707,1.165409106170584,0.973621204272117,0.8927521635006543,0.8911386999048355,0.9496441890955816,0.8839667672911068,1.0,1.0,1.0
ODP0185-0801C-035R-003/100-104,1.8718865544017746,0.9323976721334954,1.1360368514433785,6.144423865100711,0.4411452339414607,1.055089461888401,1.0971575044910107,0.8719415277835907,1.1322809598895207,1.0157347641383694,1.4209093946231697,1.203824004489733,1.251839162765411,1.008341250255555,0.91656017723295,0.9950334064859737,1.0388982909309898,1.0343153571033532,1.0,1.0,1.0
ODP0185-0801C-037R-004/106-110,0.9807999604108995,0.848358511484745,1.312689700958783,1.0253865412911407,0.4289231808024581,0.7878999150768069,0.9116475308350955,0.22930254738384384,1.0056952903377254,0.9750425532668643,1.0778403545160178,1.0676107721463521,1.0913235087450641,0.9798378772452199,0.920832185562569,0.9391490368907707,0.9541104885871857,1.0831190794657826,1.0,1.0,1.0
ODP0185-0801C-037R-005/112-114,15.264619117747092,1.1908439766004573,0.9986736732963414,2.373105855020301,1.4709959097135465,0.911272295808251,0.9634397495667507,0.4221809855352729,0.840914333972898,0.964299397492354,1.1907131832503095,1.0927165413208688,1.1418711047799317,0.9329837690474803,1.2322843304901088,0.8924109081125357,1.1890277856524776,0.6644334759610986,1.0,1.0,1.0
ODP0185-0801C-038R-001/022-027,5.432717498785142,0.9472562885777709,0.804842485943882,4.880127083182882,0.6693274850701942,0.8332617272135145,0.8854537859143509,1.0247043134525975,1.1750117208608566,0.8942742568408318,1.151333356446229,0.9349599361318237,0.9399186145512504,0.9258884784371338,0.8938375975638335,0.9214494046260967,0.9486700723226938,1.4742146972681895,1.0,1.0,1.0
ODP0185-0801C-038R-003/053-059,24.971701235916267,1.2772428674495908,0.17954915292475193,5.81640001447538,2.522878094956542,0.8473939253781193,0.8093823483320874,2.8145698176714995,0.9806738904071295,0.8398642472507826,0.9625435599552988,0.8295290455643128,0.8392440939781655,0.9559823227640346,1.4658109833355144,0.9592740782307076,0.7938650434793642,0.5100793889868693,1.0,1.0,1.0
ODP0185-0801C-042R-002/034-038,3.8446610212817522,1.0256496352051525,1.058918575316036,8.404657059490527,0.7348725189817822,0.7811814270751045,0.8956097829910857,0.5144126078320883,1.0594648817581696,0.9440968039725224,1.137153406889441,0.9942720828865238,1.0178296769900916,1.0244941086153476,0.9081386241762421,1.01278481290482,1.0959404434412168,0.9553648775067429,1.0,1.0,1.0
ODP0185-0801C-043R-001/013-015,0.41833530752763914,0.9296163288359499,1.226799638774657,0.8981297152955111,0.24135863670626131,0.8113140525771821,0.9025328087752181,1.3938532790089553,1.0662770693708632,0.9427397244066325,1.0375775738614972,1.040469370832812,1.0299323676148158,0.9660295500169426,0.9618074316129164,1.0015388106952703,0.9122185912655166,1.0498352484206754,1.0,1.0,1.0
ODP0185-0801C-043R-002/101-104,37.42722475787165,0.9124990854449047,0.989922832040015,1.7288634618117227,6.057856555700127,0.7588697782548541,0.8304411351469111,0.49288127660954284,0.8085763249723834,0.8887692332916556,1.1673017480710246,1.0925448773917898,1.1597017963582272,0.9795917669875874,0.9038953882505614,0.9544208678692874,1.0359992232340798,0.77075736475907,1.0,1.0,1.0
ODP0185-0801C-043R-003/050-055,46.689463292107966,0.4507145424507721,0.9485105188752287,0.8198713206181003,9.868643320308859,0.7467092272430239,0.708442353084227,0.554806608810292,0.596870981962572,0.8379017663033914,0.9500511821568541,1.141687738473445,1.1390990371402274,0.994381713180705,1.005563037640296,0.7176843684425478,0.8217577576404463,0.7135788215003466,1.0,1.0,1.0
ODP0185-0801C-046R-002/048-052,14.444473198528623,0.988904231093823,1.0701077110206973,1.9092275340266383,1.9659513035502718,0.8962521330245292,0.9966087142434991,1.1290825020128574,1.0657003884124083,0.994993970453268,1.0087137204198213,0.9453044711866202,0.9531189040208317,0.9936039474891617,0.80660650380243,1.0607334462035094,1.1749840748201263,1.127571650088969,1.0,1.0,1.0
ODP0185-0801C-050M-001/029-032,1.1137599558609284,0.9063158344322206,0.7576030203028211,1.1367888613714352,0.31680879570055215,0.8745242542484334,0.9207403458452882,0.7293170140201897,1.121732712995767,0.9820662905959542,1.1656667456704581,0.9611970195605595,0.9621103261306981,0.9595087354893063,1.0135868690427363,1.0975694202362767,1.0334105528936508,0.9996212373303378,1.0,1.0,1.0
ODP0185-0801C-052M-001/047-049,0.3046589248618619,0.5896898885720537,1.070173951988879,0.7718799701693525,0.3546360480491848,0.8301659125173496,0.8842626249007817,0.7432887032708104,1.1242565313104063,0.9295459568475535,1.0059026210565034,0.9713451331758167,0.9627224492693716,0.9681892536836768,1.030572004839879,1.0290260483350666,1.0029732100443698,1.026400226703451,1.0,1.0,1.0
329-U1365E-2R-1-W 36/40,15.909702993009205,2.578810885996949,0.6747975146285989,1.176456552023162,1.9852739416732734,1.425641175992295,1.2653587093756482,3.355428390843969,1.7055419041799895,1.3260827695987156,0.7711096739645013,0.9781685694557083,0.9755503127020199,0.9979685415915648,0.9484289789224567,1.1076011477989123,0.8795318986875619,1.079501354773023,1.0,1.0,1.0
329-U1365E-2R-1-W 65/69,3.141143588309441,0.7233953030969771,1.1471055287958982,1.565493816228581,0.791247975970524,1.5232263827220398,1.3503886658131585,1.324059834683445,1.7299853424750262,1.3169679054594885,0.7801817590553878,0.981098646331351,0.9417912449319834,0.9815913661085687,0.9525729173574388,1.0761270518842483,0.9009089971912583,1.0824916202827681,1.0,1.0,1.0
329-U1365E-3R-1-W 130/134,6.709383811682109,2.8631049136815236,1.112107099563818,1.72786057965845,1.263273174362159,1.5450310162348968,1.3623451691869846,3.1440937960756066,1.8207467542418239,1.3287686694915277,0.7700117693172931,0.9604822865354882,0.922294896954117,0.9780992915684685,1.0097429504130977,1.1054632445243624,0.8991074760295842,1.0562244761923272,1.0,1.0,1.0
329-U1365E-3R-2-W 20/22,5.303796553389451,1.1430705535462817,1.054094872156475,1.6803871148461613,1.6092101217295622,1.4487230088856804,1.309947548425856,4.04891579825266,1.9030673408716272,1.2827283887359378,0.765830247810028,0.9621281011479464,0.9449215952277338,0.9878936516348201,0.9415325737706598,1.1228198507434815,0.959217988146965,1.0765953188420259,1.0,1.0,1.0
329-U1365E-3R-2-W 22/24,30.71130402162855,1.4987456280268858,0.684794807727666,1.166790418492145,3.348205770057038,1.457066397489321,1.2699124658393084,4.1820410622554505,1.7526089351989136,1.305718718001054,0.7857700449885145,0.9693515752013404,0.9481219677202892,0.9798951337331933,0.9123768473971282,1.0844519231838856,0.8284613974806445,1.0642281233147644,1.0,1.0,1.0
329-U1365E-3R-2-W 52/56,8.612725776900188,1.2226224263248686,0.2638331273137422,1.398624704960426,2.7437169109825352,0.8813652403012082,0.9666146527507989,1.195167200371164,1.459721703833434,0.9842892040899383,0.7623240820289171,0.9407304686663321,0.9723980894753562,0.9798386557447293,0.8907847619533988,1.073641775241635,0.8741666339209656,1.0319537901139106,1.0,1.0,1.0
329-U1365E-3R-3-W 33/37,1.0104849355191885,0.668029083613152,0.18711890622250593,0.2679351359250865,0.39243526269136875,0.9242562354182438,0.908971008865773,0.919177764030851,1.0122724794345264,1.0624079802679292,0.7498209977661748,0.952040151229489,1.0038579170911637,0.9322886688714059,1.4663442923260703,0.8762583753830809,0.8401510531367934,0.9253177358225455,1.0,1.0,1.0
329-U1365E-3R-3-W 112/116,0.9593981421895436,0.47009652064496876,0.44223604857690707,0.6947546095189508,0.4224490848904179,0.876307057952698,0.9640462717701568,1.0099059161318256,1.5034478528048523,1.1313930968035404,0.751369691115474,0.9550985972928789,0.9688553999914662,0.9634949235603927,1.0548424345731917,1.0493227547108808,0.8572142316561732,1.073782471549972,1.0,1.0,1.0
329-U1365E-3R-4-W 66/68,1.0363470556668695,0.3850292417673757,0.5507578697951118,0.7690220127021554,0.3778320047374346,0.9025024086537453,0.9940291827041067,0.9053555575461286,1.326460795515251,1.0337319051146794,0.7710696188847752,0.9683522593408772,0.9760898840420186,0.9790582463818842,0.8947447098870781,0.9745198161966974,0.8373596814073068,1.1182617476019334,1.0,1.0,1.0
329-U1365E-3R-4-W 68/70,6.7313507831531165,3.1827003033138475,0.28666068945247253,0.5119699764399305,1.6145095757040762,0.9680762621607978,1.0686160992553737,1.5448096740243555,1.6788449609679112,1.1120369614600483,0.7612587803771814,0.9411503530786631,1.0004223100182654,0.9681522162656984,0.9251748841721845,1.1072787745408992,0.9242273936164754,1.0000082909278465,1.0,1.0,1.0
329-U1365E-4R-1-W 22/24,20.925932077505102,1.81071323313085,1.0524944777486327,5.665238331477616,4.50519199751688,1.1779666127423496,1.1500702693350116,1.7661936520960797,1.724801900173998,1.1900247008756808,0.7573113728787019,0.9370360661081086,0.9100794637140784,0.9965201738053799,0.8504108343436317,1.1945322864242875,0.7176835450135698,1.0790532607628496,1.0,1.0,1.0
329-U1365E-4R-1-W 24/25,43.96152879855021,3.2818318287882446,0.9866236601987373,7.717890217364182,4.95547001200549,1.2741417046205672,1.1661507567892448,2.489384486560324,1.7870814846226282,1.2100095668379482,0.7610936299424463,0.9579756531320469,0.908318178858477,0.9769271268876966,0.8016755767268462,1.2281649984672345,0.7347612613571864,1.0607390210578038,1.0,1.0,1.0
329-U1365E-4R-1-W 37/40,38.478249038400044,33.175846713978416,0.5026614157429629,2.0719922805595257,4.0176094906782085,1.1814205602671306,1.1783620755348985,2.41073891756301,1.7740944737651623,1.2397505580697559,0.7769745324294686,0.9660932827403798,0.9615224925301789,0.940229440013905,0.9097981732668122,1.2803359958628102,0.7226645687575147,1.0690694796069464,1.0,1.0,1.0
329-U1365E-4R-2-W 88/92,4.103046585188498,2.168048571062012,0.8023317587355112,1.1883384758548894,0.8639141475064269,1.1442862695729588,1.2002644448959303,2.3139821749945453,1.607440566480099,1.153168146713011,0.7772524784988203,0.9856029491456628,0.9660831796519678,0.9715972131990128,1.0804665407388574,1.1393492460400636,0.7746123519856075,1.0959004961955718,1.0,1.0,1.0
329-U1365E-4R-2-W 137/142,40.62676413269145,5.249281455403825,0.7443731957741906,2.3797807027376736,8.85370373597255,1.0826677626082502,1.1320544653647215,2.2934006163749117,1.5709234457584356,1.0743781304344537,0.7243189647306223,0.9170435317396242,0.9076046399600085,0.9214670541839005,0.8714895369871835,1.1492788478929998,0.781382805930611,1.0218575216888244,1.0,1.0,1.0
329-U1365E-4R-3-W 10/13,83.57225793966249,13.719693606660261,0.6286078101338408,5.260091561756452,13.350539194973342,1.2556618771993435,1.1345402018154715,2.6685409594897638,1.7149508320862004,1.1503517476649747,0.7000358224712977,0.9503840180016692,0.9296746446588333,0.9422581048811713,0.7985331768944736,1.072669554165345,0.7096671839385984,0.9941425610997342,1.0,1.0,1.0
329-U1365E-5R-1-W 8/12,66.99186159157364,7.403714555488766,0.6775464649540354,2.996471141406419,9.259967242471168,1.3022743370689245,1.1943647892832636,3.659940132696649,1.4445822096253906,1.2441261709439608,0.8175385141357023,1.0060663795414035,0.9969689754332284,0.9820006047624613,0.9690209530116143,1.074944785673374,0.8674413160201878,0.9937194130506465,1.0,1.0,1.0
329-U1365E-5R-2-W 89/93,5.935524017356532,0.7605442968340141,0.8214187091776454,1.268497645874755,1.1870414526485191,1.228339230479631,1.2359239501762007,6.672116127677516,1.5402583087860613,1.151311158935908,0.8163500588886524,1.0356050261307626,1.0117297771676799,0.9737127953111258,1.0336226039594838,1.0167162085144863,0.8723293426065756,1.1147671186548056,1.0,1.0,1.0
329-U1365E-5R-3-W 29/33,3.4430724916488105,0.950592271068586,0.6259998511762838,0.76908858074394,0.5587203264891818,1.1685777431067321,1.1104737420910749,1.8315910226414138,1.3630516656160747,1.1677120120500268,0.7755469574879338,1.0318458457967716,0.991387237576655,0.9821360180234421,1.0109611460419081,1.1504397137430282,0.8203367535392364,0.9702120624692228,1.0,1.0,1.0
329-U1365E-5R-4-W 53/57,112.70490696410837,29.530107611519675,0.6807695666565335,3.9375647650008525,17.204235946897672,1.1854115497675655,1.1083607939972784,3.0320949505176045,1.4302599983313566,1.121180568997809,0.7079671581285072,0.9551227572522896,0.9493291548427882,0.9414453998826376,0.8337978117271053,0.9488331137770506,0.6675780661281222,0.9048458879413035,1.0,1.0,1.0
329-U1365E-5R-4-W 86/90,8.20453905267032,3.2798518632458102,0.10632353911478143,1.1182778935777975,4.268589317930042,0.8351737436517734,0.9127677886100174,0.7705934606667483,0.7359012864255622,1.0715471324013557,0.7666311166749936,0.9183140025141164,0.8911272548255609,0.9622180498188879,1.2895956089722735,0.9700153067168765,0.7545679215552648,0.9514250659930574,1.0,1.0,1.0
329-U1365E-5R-4-W 144/149,0.5672383404570154,0.3385298291926564,0.4977998798660455,0.4639344790043277,0.3710691297097859,0.9799913059763548,1.0879717693735875,0.8582764211400421,0.9379782383020976,1.22299145862189,0.7988223747958948,0.9752709837660517,0.8929916047159203,0.969855914503773,1.3520161256819363,0.9698997897166802,0.8578019473820332,1.1115624376444122,1.0,1.0,1.0
329-U1365E-6R-1-W 8/12,29.733752744303743,9.236803641731752,0.413231274201532,5.641413046126948,15.656581571394385,1.121373928486856,1.1737002471223543,5.714881654429218,2.071365998077863,1.1075431412003611,0.5521487997133805,0.7618377591938245,0.7667856196413468,0.9671559011622163,0.44543326533903765,1.2569349550430788,0.9170728776717083,0.9125590008781082,1.0,1.0,1.0
329-U1365E-6R-1-W 26/30,0.47152679647459844,0.4662075331381918,0.5151578999863001,0.3587117309002087,0.2652880424844962,1.0810570367390024,1.055346141099089,1.410468577980958,1.043249266259265,1.1927720005824614,0.7851663584210603,0.8992858251159341,0.8897274900604748,0.9525288779950913,1.495011202884513,0.8752307522852981,0.803529918807898,1.1544773664563877,1.0,1.0,1.0
329-U1365E-6R-2-W 19/23,1.2054775741666433,1.3409273029422557,0.09322915589937704,0.9079777814639441,0.368499918258126,0.9125395071509422,0.9350901106870618,0.8164091718422551,0.9985239651747678,1.0451345025565997,0.7721968079191794,0.9834023520824243,0.9155406696105464,0.9536276400117334,1.2982665849406627,0.903581592703979,0.6953460561537815,1.2903048360265243,1.0,1.0,1.0
329-U1365E-6R-2-W 99/103,0.4946727011664977,0.1507611539601353,0.5100650906225249,0.2923990285067603,0.13887164327764367,1.0025519901699966,1.0370379188148653,0.9286265823368849,0.9674945385429039,1.1542259340400234,0.796398970188936,0.9006258799019702,0.8877262141473098,0.9636825828271137,1.4997576319663664,0.866579940068813,0.7846918052318677,1.2092365283302509,1.0,1.0,1.0
329-U1365E-6R-4-W 8/10,7.5430506588344315,1.334187430312758,0.06943142797455343,1.1718807361491292,2.2941963613434364,0.8787519949032814,0.8598324209275257,1.3219647149777742,0.8089429787305195,1.0544054726819925,0.7643680136114186,0.8957005573523975,0.8793519776062133,0.8986906965061957,1.1330576308478992,0.8474355824563292,0.6968618614410974,1.2474298642695452,1.0,1.0,1.0
329-U1365E-6R-4-W 10/12,1.2533798359819819,0.5052527430495855,0.41228926725733117,0.6039920144195846,0.9128518292873977,0.9708491183053651,1.0760787427632736,0.961987338889399,0.8227488958080246,1.1942114602421212,0.7983348143475033,0.963913935894487,0.8798812012400306,0.9905360962837418,1.253545128770578,1.034180580479049,0.7663114494767753,1.11364948655716,1.0,1.0,1.0
329-U1365E-6R-4-W 19/23,15.186088793409134,12.743281989396413,0.028306918606904014,2.4563712531179496,15.719260829303225,0.9535989548875704,0.9279932864774778,4.545786235631475,1.0791353162845128,1.0804252265181475,0.7511691762447928,0.9075001602775365,0.9440501110043692,0.9293524116099147,1.1256228969366298,0.6618417140864109,0.9679947194964449,0.804693838600132,1.0,1.0,1.0
329-U1365E-7R-1-W 41/45,0.4291922761645184,0.2419699425163422,0.35685994383090447,0.33513316535957954,0.25498261875410805,0.798699266777238,0.9264486715182902,1.5888530428944632,1.1425269065010704,1.1126285174067518,0.7688465881576754,0.9381950547967606,0.9233210616366342,0.955662938565456,1.1776241945213846,0.8681259799917752,0.8059120483195631,1.1394368465179936,1.0,1.0,1.0
329-U1365E-7R-2-W 131/135,7.147737199129492,1.4700295772143979,0.12357802757964377,1.740929629317879,3.9736613369877567,0.9383844061685727,0.9233625197313305,3.5649551582711094,1.0295604975118051,0.9806343907402414,0.790197255791302,0.9066968773275802,0.9509353469468852,0.8915168265904622,1.011067462546849,0.8560552858716329,0.929273396712452,1.0126920537094395,1.0,1.0,1.0
329-U1365E-7R-3-W 0/2,10.978627511475107,2.4171074277147007,0.3195023441018846,1.3930304763875283,6.735365998003286,0.9357416211885075,0.9018831562274707,2.544824944607248,1.0177870440414312,0.9926150545080256,0.6985283142959492,0.7811695733445853,0.8164392124362352,0.9008304328440478,0.6868881471058996,0.8554751325953398,1.0053852110405446,1.0102720958505726,1.0,1.0,1.0
329-U1365E-7R-3-W 2/4,38.95090965776816,21.541643046634217,0.039446102057784836,4.730481710355375,39.71454918090942,1.6323406817395467,0.7081161000300589,4.463182046426974,1.4716160455400167,0.93425125347532,0.44217202581567877,0.7051215206487178,0.6819761341896022,0.9068289552449328,0.6020611396313112,0.3996985979232352,0.6163344668644287,0.6009919070886132,1.0,1.0,1.0
329-U1365E-7R-4-W 0/4,0.43133560648301494,0.7101060809848696,0.2610987739148099,0.25918878075562946,0.18306867483903624,0.9118333300002912,1.0694947101979628,1.2556193675335818,0.9715925010423526,1.1426974383773219,0.8083209677496945,0.8830380201045591,0.9057787253171498,0.9434119121373586,1.2005619387290571,0.7818277161844284,0.9780281434748159,1.1339279370352793,1.0,1.0,1.0
329-U1365E-8R-1-W 41/47,37.78240214516704,79.58926554570014,0.1865981101243367,5.614093226550177,38.878392457221935,2.0089441076002017,0.7784723683411812,3.4293049762453585,1.5307097306847044,1.0125262493353826,0.42576571510783207,0.6216862852441007,0.6147848818359288,0.9601333352672697,0.5565559603204474,0.6232834458317272,0.49683207800762086,0.5914922013556926,1.0,1.0,1.0
329-U1365E-8R-2-W 49/53,0.38616335836083554,0.2543447489961397,0.3269050312775251,0.2944847125631686,0.19540666075257185,0.9082908555543064,0.927850316240647,2.805856077634091,1.2045836932308736,1.0653543785754953,0.8088398406142578,0.9213008469365302,0.9384675474480764,0.9414071138987108,1.4316761662978752,0.9469253924513991,0.8214056324946953,1.0533156260286247,1.0,1.0,1.0
329-U1365E-8R-2-W 117/119,2.821656694358766,1.4813214840305529,0.25255953085147015,0.8400105769714861,1.0489541973018999,0.9190605950464825,1.0514923367328275,1.2467927215103891,1.0260146338342209,1.1508916880142521,0.7923625005220715,0.8440562179462193,0.8716750907721478,0.8709167913061326,0.9162741211789135,0.7653180145258509,1.0064717654365651,1.2787269800768712,1.0,1.0,1.0
329-U1365E-8R-2-W 119/121,0.23201044731597742,0.27188566987805485,0.4578396867444068,0.8070657136636009,0.17543715320455064,1.0369681950600322,0.967289186605468,2.680909856846681,1.4869050398039003,1.069090464989899,0.854423958076445,0.8872609391434101,0.9447532185737136,0.9669092857238997,0.9842865257334845,0.9837655662971683,0.8277123576097813,1.121658532926309,1.0,1.0,1.0
329-U1365E-8R-3-W 41/45,0.2566562227450869,0.13430649228255198,0.3469772902163438,0.4320713423631652,0.1346920969056355,1.0356890718817888,1.033805372130185,1.0380011291394577,1.125308550936626,1.1379426421508225,0.8087962190979698,0.8594601559521641,0.9305502521933251,0.9409820761912903,1.2564554623005337,0.7965527710415212,0.9192545653392673,1.0878343623008941,1.0,1.0,1.0
329-U1365E-8R-4-W 8/10,38.68817076940877,2.3414935319830374,1.069024462219173,1.3882303255413606,7.5330262562300545,1.0162558276104794,1.184818385010716,2.465114252182665,0.853994391972205,1.2077612368746309,1.1235370781744825,1.3516756228742968,1.3531007376375863,0.9567430766239102,1.0034666169923778,0.8415707125671607,0.5680349974271772,0.7786532137828325,1.0,1.0,1.0
329-U1365E-8R-4-W 84/88,19.52398890952573,1.407649762133558,0.9826503624560956,1.26341995788101,2.09209735985432,1.0847828644477089,1.1241268865329512,2.227671019333577,1.1722504027450957,1.2129249381332845,0.9735141421934006,1.2311384616903784,1.186866442144845,1.0120160624176648,0.9094196409379316,1.082698555893367,0.7484087321918121,1.0085735835653329,1.0,1.0,1.0
329-U1365E-9R-1-W 84/88,2.30025610203248,1.432679962405505,1.128949405957074,1.5130399544190796,0.6696363809645226,1.070157736589882,1.2136289343811317,1.1930051256495398,1.1421264724900888,1.2459621224068633,0.9772967169643183,1.3314478924368918,1.2970257373483478,0.9866153665216622,0.8469140356238662,1.018581996934998,0.670757176281635,1.0960377058271307,1.0,1.0,1.0
329-U1365E-9R-3-W 138/142,5.7295825149471895,0.9302195167828464,0.953141320398992,1.6810580328834548,0.5995675808749346,1.0305763516678208,1.0790650287642913,1.3181875279575763,1.0939332955122545,1.19532357069115,0.9863930784535289,1.236631818315595,1.1976626735398945,0.9830769185692095,0.8705740941128232,0.9829142265827139,0.8849901973844574,1.0715240543009685,1.0,1.0,1.0
329-U1365E-10R-1-W 46/50,0.2969390511590648,0.8255988489839519,1.0767201537683155,0.8581471202568187,2.3101770171778955,0.9997326607811337,0.9795287058535858,3.4172561357009705,1.0731431481658646,1.0758948221105156,0.8144434118109338,1.1120288627219463,1.0596200612942752,0.9935476346497001,0.9381952535978432,0.9960029763751178,1.0121778435708961,0.986501344780843,1.0,1.0,1.0
329-U1365E-11R-1-W 75/78,48.621355218928535,1.1311299460316746,0.9552591484956707,1.6917071087003095,3.622174573746557,1.0608289706465897,1.0560085093030456,1.4811371599441763,1.2026297986614423,1.165556620503135,0.9639874970563169,1.2832687068587885,1.1991640928497924,0.9681642185640953,0.8088326202414601,0.9930824877463571,0.7791123247646414,1.055948477666465,1.0,1.0,1.0
329-U1365E-11R-1-W 100/104,32.1629616777598,1.305774359023501,1.0171587694621178,2.224691281278164,2.626275664159332,1.0819415531186032,1.0866579884815297,1.5341370557195628,1.154266801493217,1.1963569455616176,0.9853447359920103,1.2196455114597462,1.1577649069164482,0.9790463781400083,0.8400495769239417,0.9796510995577149,0.7225735775100542,1.09246338754889,1.0,1.0,1.0
329-U1365E-11R-2-W 0/2,54.05623374212197,1.1560910891122473,1.2052752650226088,3.780086124423655,4.715125880972316,1.0317965439728678,1.1444167394503162,1.7328794304256876,1.2060399161723254,1.2194342306408694,0.9589599202368378,1.2914620207049288,1.233993643140473,0.9909079550588811,0.8350467486328139,1.0513554758772645,0.6559136464137041,1.0231312733203315,1.0,1.0,1.0
329-U1365E-11R-2-W 2/4,100.18460208199225,2.626787711386121,0.8970895830246437,3.1337270656603433,6.296849571462354,1.0331526034949783,1.0584806007535168,1.7999677865943586,1.1313662479209492,1.135208115891707,0.9655709749502874,1.300345193570272,1.259362986238522,0.9215929106274358,0.7171998673860845,0.9588539072224812,0.718237976839015,1.049100755893,1.0,1.0,1.0
329-U1365E-11R-2-W 89/93,91.61850274747225,1.1077415309607823,1.032424841849459,4.467550386702217,5.7816650411233095,1.0845999191187738,1.153263311684303,2.276608456846312,1.1647025624342782,1.2321023632299044,0.9668413443889022,1.3191066731595735,1.2822774595117319,0.9824761109161394,0.8118677002894604,0.9827687982447081,0.6767015854313314,1.0111036451036148,1.0,1.0,1.0
329-U1365E-11R-3-W 77/81,6.332027673601433,1.2390786205062594,1.822904600995213,4.460948577655813,0.9686812895531097,1.1905004975631162,1.120393251354785,3.014867927636149,1.1400539064525925,1.1921240591797067,0.7027157695912343,1.5304095174221004,1.532348223212519,0.9690561427733178,0.9029200694756102,0.9984539094833027,0.5063300292187324,1.1134607035843598,1.0,1.0,1.0
329-U1365E-12R-1-W 19/23,2.356211931721875,1.6831191557438037,1.1479405622560115,1.3750491749170874,0.7668708952805494,1.03455831931764,1.1260167313831155,1.1516226352659116,1.145485552013341,1.2067908616884824,0.9312177338085939,1.2832753715729224,1.2466371845818718,0.9935941809732572,0.894904115046016,1.0126617472688906,0.6514593414428747,1.0816330799979255,1.0,1.0,1.0
329-U1365E-12R-1-W 71/76,46.914353117069865,0.8683731994879821,1.8558391157385592,3.726503490772809,5.060679128568489,1.096753463282449,1.0184622785214439,2.597118602367629,1.1602906321654058,1.120627324024504,0.6056424305947866,1.4674565622518283,1.4555696013155444,0.9697259357635328,0.8305269179969463,1.023533459693265,0.5911507976737126,1.0178566989337405,1.0,1.0,1.0
329-U1365E-12R-2-W 66/68,74.11718388935941,1.7795881901949755,0.9609470424033036,4.00729478682041,7.314878862119991,1.149738434949362,1.1216371913573646,1.47759522231228,1.1923424828179836,1.227449380503088,1.0034471979898816,1.3074222666971211,1.2250910985055727,0.9510311218621286,0.6866355391750105,1.027870566676637,0.7757478622501102,0.9972541701965717,1.0,1.0,1.0
329-U1365E-12R-3-W 17/21,38.92957121475446,1.212370442126239,1.0071169332038437,2.3574484473400346,3.913073119754093,1.02430735244996,1.0674907709171249,1.5271429754717114,1.1937742705298129,1.199870019797626,0.9584473168313992,1.2831189240756231,1.192052973233207,0.9928016775413697,0.8538309532258725,1.0639200613370363,0.7103950146083561,1.030320695663628,1.0,1.0,1.0
329-U1365E-12R-3-W 128/132,5.528138426554353,1.029096160715799,0.9113964504312285,1.415337529872212,0.5299135740772248,1.0385723867624304,1.1175049683275111,1.2449487574824727,1.1388373792549842,1.1803680548257118,0.9801864981569502,1.258901669967639,1.1888819329590654,0.9746328960119344,0.8713577464551967,1.00133570463386,0.6953317768314871,1.1487060359887045,1.0,1.0,1.0
329-U1365E-12R-4-W 60/64,5.497953213609075,1.2107829270248083,1.2883346497790868,1.6565131326837783,1.045368006381517,1.0953526160886713,1.1668952066189882,1.416997027749321,1.1489487647392065,1.2587658823368317,0.9969851376463903,1.3295248049170876,1.265448385007242,0.9822002145570725,0.8953948593811234,0.9681688734107504,0.6304047245471114,1.1054524512227395,1.0,1.0,1.0
329-U1368F-2R-1-W 13/17,1.0857536141480797,1.0584575451417573,0.8425306523979895,0.928130902434815,0.8224799732993077,0.8789377569515096,1.0000930628301774,0.5833718670573117,1.0329571413715724,1.104134281372583,1.0144024766741464,1.5059213878606466,1.668755259669581,1.0081288499000782,0.7785239780868004,1.3024007805432314,1.2594426261609137,1.0328704976304426,1.0,1.0,1.0
329-U1368F-2R-2-W 13/17,0.9398025972659622,1.0686540138102285,0.9952951906409535,1.207305295583946,0.7081188559749415,0.9125702302723226,1.0687426941083848,0.6856692887257997,1.1648409092281098,1.0898047613298254,0.8584715720761508,1.301962893535647,1.348315672248401,0.9908664315227369,0.8069643607002978,1.2986681964168214,1.3686230876164014,1.0452037235722815,1.0,1.0,1.0
329-U1368F-2R-2-W 134/138,0.9842779085081118,1.224876167113194,0.9303236226944724,0.9939785002654397,0.6867728814913305,0.8830117823717613,1.0520762279416043,0.4359019502088949,1.1546808492832408,1.066417057167115,0.9434512442838945,1.311656735169215,1.3886421537313338,0.9752990807025914,0.9080762812592635,1.2968366947249792,1.3114271081222253,0.9372318220075577,1.0,1.0,1.0
329-U1368F-2R-3-W 110/115,1.2857467666416023,1.0499887875981941,0.9477488396708942,1.0363937941787789,0.8765610315436083,0.9253298684893723,1.052978126040773,0.7219216680786494,1.348064464004904,1.0370087987851293,0.8432007011843463,1.0391093130530253,1.0864442015882603,0.9838829276716369,0.8148984468963698,1.3691162499527376,1.346978408780762,0.9932432573365163,1.0,1.0,1.0
329-U1368F-2R-4-W 61/64,0.9507319788389368,1.4712444862395857,0.9170992433519448,0.8818689016798646,1.1835606400216694,1.0727618151226475,1.1463229391748608,0.5395187975123943,1.2850112455407763,1.1436547878047627,0.6637119875519623,0.7911783449951282,0.7713235783920189,0.932733654613038,1.9026635185989882,0.9499161429610244,1.2489974330425022,0.6958149572348308,1.0,1.0,1.0
329-U1368F-2R-4-W 86/90,0.699342563272118,1.3631090267856485,0.9988697396966655,0.9336115171623802,0.9387699383104534,1.1260554661579294,1.2085570761775672,0.6216455815384567,1.0656610389123367,1.2238901049559932,0.6607154896623563,0.8536417816075618,0.8611475351914957,0.9291554491716546,1.9951943567277686,0.9236312661835099,1.2055938903272143,0.6806781149881913,1.0,1.0,1.0
329-U1368F-3R-1-W 19/21,7.271286421070046,1.73445025541205,1.04076089844889,1.1716740948293796,1.0016952237008927,1.0424526006807795,1.030548010612135,0.9740548829911718,1.045009965788658,1.2010796920141256,0.9459472140596025,1.186692447664071,1.1701622815129182,0.9944145900784715,0.8418450395530712,1.0577782689333288,1.0258180363667406,1.0690161934091726,1.0,1.0,1.0
329-U1368F-3R-1-W 21/23,14.345458156109652,1.49635052992676,0.9878558077642188,1.8874563367198909,1.4592625356849602,1.0775811475462536,1.0896841764447593,1.1963261318547322,1.0151277138779187,1.153749432917569,0.9142269963224043,1.1554435565302628,1.0782907176467402,0.9750627940678073,0.781068811638319,1.0515348431142917,1.0136345011089403,1.0115580283013055,1.0,1.0,1.0
329-U1368F-4R-1-W 23/27,3.4031101649829463,1.1377404471758321,1.3395274349725812,1.5664299521738356,0.7096974611023835,0.9946006962698515,1.0333734355870463,1.7223764826801784,0.766177684254542,1.1571827073484193,0.9217272314774682,1.261519665457395,1.2207712880985437,0.9818020937180586,0.8618766821390301,0.9650685112912775,0.8526974613882417,1.0526758788540278,1.0,1.0,1.0
329-U1368F-4R-1-W 66/68,14.018199765523553,1.3499820250419459,1.3488657034809663,6.932074744943671,1.0663132975040486,1.1394529145999734,1.0402684103801323,1.091011866378276,1.0227243369456918,1.263232620718119,1.2158145045394009,1.4231938431170514,1.3720198320870298,0.9718385395956555,0.8179061108253791,1.0739411166162258,0.9541172486207544,1.0916331201211635,1.0,1.0,1.0
329-U1368F-4R-1-W 129/131,19.292043157959363,1.3245299358180282,0.9910623069351102,2.1481524578778046,1.3189394187766625,1.0419538080811912,1.0041228445923662,1.4146824646005642,0.936386185249691,1.1192480599723298,0.887350806882132,1.0890395901789038,1.0893015028619781,0.9527367207233046,0.7727130495669573,1.0329869633294173,1.0065364733640088,1.0202595309163076,1.0,1.0,1.0
329-U1368F-4R-1-W 131/133,15.095069515248586,1.6873497319268802,0.8381816044464969,0.7817022328966412,1.2478394793806071,0.9885478168671908,1.0500331892717856,1.0558391162569865,1.0207341443184255,1.2253448467632877,0.9453695965697752,1.1534252614282001,1.1376309552327397,0.9802512426557476,0.8259204640587348,1.0617308077714718,1.0338222165453728,1.0366158172017752,1.0,1.0,1.0
329-U1368F-4R-2-W 14/16,5.1520601416270155,2.5844463022952624,1.0228686745580418,1.1501290212363426,1.1195417206068798,1.1112775949095328,1.0651870547871052,0.9748393923056716,1.1554027780703364,1.2084525409023084,0.9968176453988301,1.2036910377520538,1.181491627203399,1.0128406823034761,0.8588364073238671,1.0637019492671436,1.0329251474927033,1.0546807272140306,1.0,1.0,1.0
329-U1368F-5R-1-W 30/34,1.880378384031693,1.0528785716383064,0.86975326507996,0.9980064542105074,0.42492456568845494,1.0505709254283688,1.116684412689122,0.9699566757724915,0.8262633056075993,1.218605598292552,0.9430884988204316,1.1559062671879927,1.0928858261989274,1.004462538996993,0.8339090435173147,1.1310510592204128,1.0239567076373568,1.03633496178587,1.0,1.0,1.0
329-U1368F-5R-2-W 64/69,0.9784191126795155,1.0268194346162467,1.031630523448047,1.1043869886776545,0.35539065363089456,1.0754762847856927,1.0306057972509892,1.0203698721658712,0.8641289038989439,1.168619669860528,0.9570306196582927,1.1831360934622333,1.187360790152071,0.9843411579243522,0.8973107926842764,1.0741284085042173,1.009959216785928,1.0095552394032394,1.0,1.0,1.0
329-U1368F-5R-3-W 9/14,1.2751486473611509,1.028018307962836,1.0437825085939745,1.1785479619765131,0.3943008174925472,1.089720476439321,1.0084997969379277,1.57464128882196,0.905197258087015,1.1620936909959296,0.9876576667741512,1.193924275317812,1.2566314430066317,0.9871598646012091,0.8962104551964432,1.0780940900783609,0.9885626077682228,1.0187496555678783,1.0,1.0,1.0
329-U1368F-5R-3-W 93/97,2.1725371149732537,1.1116720042375365,1.0157951060460604,1.1889160126769018,0.39085862368660906,1.1043012610558323,1.047611299633877,1.1033494151474545,0.8171352991796276,1.1261101418859547,0.9135675345147344,1.1382223767557416,1.1345801348651698,0.9875899461000542,0.9038345281773165,1.0789088463254617,1.0139102434004539,1.0126000907193615,1.0,1.0,1.0
329-U1368F-6R-1-W 83/87,7.6302528198661905,3.211478377920759,1.0289685714494932,1.061295183097813,1.280169241501481,1.17551510824404,1.1953642501253414,1.365605247780938,1.4492244130542606,1.2598338520128167,1.0091056978819448,1.1998954365031924,1.1725429853554412,1.0120369909326552,0.9192507358199571,1.0433583213777526,1.1556114640925055,1.1028385698551828,1.0,1.0,1.0
329-U1368F-6R-1-W 119/123,11.950200719239556,1.566942417867598,0.9575121352424139,0.9291517774989747,1.8582739145129783,1.1204023188611492,1.10055652074325,1.3101326036284047,1.226241968527391,1.2418675583376346,0.9505816757126807,1.1506676390794277,1.0991618410546509,0.9830546586596001,0.869418185761661,0.9660269194575182,1.0998395249153683,1.0530645801196075,1.0,1.0,1.0
329-U1368F-7R-1-W 48/50,1.64157772276489,1.0592863971278403,0.995305447307365,0.7031776929814484,0.6167164816601101,1.1265031690955485,1.111314093929146,1.3559097761423553,1.0030209990656982,1.2267117026210048,0.9175850949581865,1.1147747590599049,1.0669364673449155,0.9973996350146667,0.9691668609838094,0.9049487245694162,1.1660729462117747,1.008272350190589,1.0,1.0,1.0
329-U1368F-7R-1-W 90/92,1.752991661012826,0.9178132587948853,1.0030174882872356,0.6715026763418913,0.6004104933972021,1.170470863327988,1.1136111132753184,1.3098774090486573,1.0042800014200035,1.2600080293566218,0.9695809074501951,1.181510175198392,1.0854310126833622,0.9818509684707658,0.989039183024745,0.9198503401550728,1.2147525473748402,1.0523414107241458,1.0,1.0,1.0
329-U1368F-7R-2-W 8/13,1.4854012596445882,4.380731862719071,1.0023759129309475,0.5048943934103051,0.5717442894064515,1.1289640077678318,1.156189296809005,1.930968566682851,1.6101522185166275,1.2544772214722206,0.9942123320280589,1.1799273027891672,1.1393275143396684,1.0183641761150612,0.974308980734775,1.063406602653856,1.1297928551117493,1.1572669540499239,1.0,1.0,1.0
329-U1368F-7R-2-W 46/48,4.692097845004116,1.0379607290210195,0.9843049121516981,0.7929657490761837,0.9695666578784495,1.1624106897654753,1.1109196519631774,1.3878300294973482,0.9654774464676736,1.2438126854700424,0.9682684075138519,1.2625745260718484,1.0794433269775545,0.9916077576877625,0.9273595675555643,0.9169057137526286,1.1839952452017368,0.9939831757313292,1.0,1.0,1.0
329-U1368F-7R-2-W 93/95,12.787110202389515,0.9657270366714102,0.993651816167385,2.312055119428008,1.969972448766779,1.1886296267426146,1.136415429814644,1.04645708692826,1.0097969517093868,1.2734921849869554,1.0178557253392244,1.3893699282352558,1.2260107008745125,0.9610604120893059,0.8298982117296609,0.9167026861198873,1.2461401721744017,1.0330889439526647,1.0,1.0,1.0
329-U1368F-7R-2-W 113/115,6.911581605502675,1.812620864126978,1.0480569593849678,0.8898025543821216,1.2702998687365454,1.1928447077407305,1.1142784991307266,1.1023293419447298,1.172996342057321,1.2556186764071564,1.043941018326493,1.186540960269681,1.1672265927650827,1.0086833276868263,0.9463144926031435,0.9947800821488204,1.1925004353165136,1.0796532018254617,1.0,1.0,1.0
329-U1368F-7R-3-W 16/20,7.033039922344506,2.1609370680926476,0.9819502268524251,1.8414303072178682,1.1055030830774386,1.206818492268846,1.1591608865691563,1.1467078712182772,1.2685975029122245,1.2761601939570582,0.9965691282338228,1.1787199982047158,1.1050716354874983,0.988442366235955,0.9005499713175338,0.983662786985918,1.262612242463783,1.0883037245647753,1.0,1.0,1.0
329-U1368F-8R-1-W 31/36,4.239921983284353,1.7392426473536224,0.9836397333592186,0.7832192934108224,0.9342726009534229,1.2481108597802801,1.2301511218169026,1.2892547339889207,1.2911508205779754,1.2861284945044902,1.0176772470983202,1.2482244331682244,1.2295773731722837,1.0103118538154687,0.9293044164130952,1.0348592178945768,1.162375328677297,1.089815259368284,1.0,1.0,1.0
329-U1368F-8R-1-W 129/134,10.864018484531153,2.976474031511733,0.9468890767837719,1.5737276117379708,1.686965710902682,1.1471269054516227,1.1188797142348268,1.1816261997217088,1.368229982228667,1.2229114518871256,0.9570311942307728,1.2131261931243051,1.1118515150862267,0.9871215871671614,0.8820496991666995,1.0009041326471724,1.1736206283538648,1.0788886557006345,1.0,1.0,1.0
329-U1368F-8R-1-W 143/148,4.0047719059078695,1.9921074823146105,1.0567582480079865,0.9407126952735997,1.046304165607998,1.2334699462221483,1.191196504375811,1.2088180477462032,1.3149692067235668,1.29917544850979,1.086645243019228,1.2587612151945304,1.241606770345159,1.0078745510396816,0.9165804911077338,1.0097228761883228,1.1643694947308036,1.0900997129816863,1.0,1.0,1.0
329-U1368F-8R-2-W 121/124,4.146630514476622,1.21606738052862,1.0325988577746246,0.7931927456990064,0.9904993846441117,1.1299125523912588,1.0301594160171264,1.5201486164453444,1.0333440768384632,1.2039238713985223,0.9348368195869635,1.106925805842929,1.0506796231971152,0.9856572380076712,0.9318365336771329,0.9445994618942936,1.19660575171068,0.9975028097124161,1.0,1.0,1.0
329-U1368F-9R-1-W 29/33,8.231533698326649,0.7080976776135801,0.8752718229636204,0.9801326505795062,1.7408282358736564,1.1086290661686549,1.0784867713641333,1.0290009730989527,0.9816189258174154,1.1845410467052262,0.9181055799563933,1.242827591358422,1.1360457232053947,0.9701203269165,0.8529116474022699,0.9768865896347146,1.1088183705349586,1.010269393410775,1.0,1.0,1.0
329-U1368F-9R-1-W 95/99,8.200183336657034,1.0407457397324755,1.0365233336536621,1.0451582051283361,1.1597358620009381,1.1206169412328892,1.0892582696118176,1.2698454897923699,1.0841867777675043,1.1944828174883768,0.9295995509588093,1.1024580306650247,1.0282363535638412,0.9777419101356105,0.8950713606638329,0.9946035843541716,1.1879331798047903,1.015781611082096,1.0,1.0,1.0
329-U1368F-10R-1-W 0/3,10.306408971854589,1.1048189381222147,0.977656977942371,1.8740781232619217,1.4387919422123343,1.1931113051246085,1.1376210309600314,1.157811491049873,1.0427304059224503,1.245577872488163,0.9751737925048833,1.1920271041760429,1.1133112948177715,0.9551025629622972,0.8419353826159459,1.0380538507692314,1.3007324569167553,1.0430158300916037,1.0,1.0,1.0
329-U1368F-10R-1-W 3/5,9.107569079522815,1.0938706958839268,1.2510152946929571,1.6904829078929333,1.1693593814733763,1.1596508216165953,1.1384902867261777,1.048391581473468,0.6996089412410544,1.3054776711419789,1.1323084058682116,1.395389215739745,1.3998912073906296,0.9583399698161941,0.9631056110917826,0.93198125764305,0.9713834311660837,1.0767156424976452,1.0,1.0,1.0
329-U1368F-10R-1-W 112/116,1.4034175455341518,0.7237183082714924,1.022925973736188,0.990697907521873,0.5617341148052819,1.1535480028921121,1.0759725067223367,1.262329179945588,1.0601372781529426,1.2359017203502607,0.9917952003322636,1.179599740850323,1.1484428265816753,0.993905927972434,0.9392031349097315,0.9956059372158171,1.151794499911219,1.0711295511283145,1.0,1.0,1.0
329-U1368F-10R-2-W 57/62,3.525542503300717,3.6926503154988324,1.104250539684247,1.0938183297924338,1.1598889308004174,1.2750821501389573,1.1611960946242403,1.183182533048704,1.4812050568925692,1.2875744019495043,1.1054001413734442,1.2695196516971514,1.3097319158249705,1.0254209802117047,0.9346854595015582,1.0712677740623922,1.1778257228853155,1.110409496800814,1.0,1.0,1.0
329-U1368F-11R-1-W 10/14,8.834125869865405,1.4337101083978214,0.997484382797988,1.4299030121918417,1.383988776698788,1.1555795907890853,1.1711000839038264,1.143961313160324,1.1742112113133367,1.2593465763701406,1.0165122939688804,1.1786822432106208,1.1562765171258709,0.9961595176983103,0.850851652556982,1.0057581236132567,1.1858627860772513,1.0660825081801006,1.0,1.0,1.0
329-U1368F-11R-1-W 81/86,10.593020969224016,1.5733431959849349,1.0032330749143814,1.0541392337599926,1.5832433763529268,1.0810387094731815,1.1365155332891,1.1464539524516395,1.1907663105953241,1.2180338547674703,0.9895024961761482,1.1449658623501568,1.1271177857922658,0.9904308048169782,0.860225697500188,0.9958110073124875,1.1638115410534646,1.0559546598391782,1.0,1.0,1.0
329-U1368F-11R-1-W 133/137,15.889594524914251,0.9170390657833268,0.9927822242688121,1.0652762985065367,2.2890454479002527,0.9902001808778853,0.9955281581036614,1.1000741842887825,1.0977498508274675,1.0932716980963624,0.8337536221852025,1.0701924361986987,0.9929131576900325,0.9498103817772094,0.7654518421881854,0.9387809967315058,1.1911548384106574,1.0020571478893123,1.0,1.0,1.0
329-U1368F-11R-2-W 20/23,5.856917118940274,1.2060677762604322,1.031352402400827,0.765814681424355,1.2019545407418804,1.1194767849511076,1.048914133785384,1.6501328547984397,1.0730340364943347,1.2063844936370978,0.9441413941104531,1.1427989366238025,1.1264141498564915,0.9835409551141946,0.9831551370724515,0.9320040495108809,1.226969795287069,1.0186305263006188,1.0,1.0,1.0
329-U1368F-11R-2-W 74/76,3.9845142731678833,0.7913128867765645,0.9941297581709507,0.9306397193072042,0.8971059470022352,1.125368754010622,1.0616067589605809,1.4985916573694604,1.0628325411884803,1.2399585150876047,0.9341858296392771,1.2047711683357762,1.177060789062586,0.9860709953646395,0.9333943516731525,1.020704079867171,1.1745502208163414,1.046205213880627,1.0,1.0,1.0
329-U1368F-11R-2-W 76/78,6.997559555667912,0.9351426410638565,0.9643295293556295,1.114422262507022,1.4579521898207441,1.0610322337007656,1.0632972465795012,1.0091392596071835,1.1527034994466328,1.1494822136806442,0.9042032278283076,1.1119353610684088,1.0630325372473075,0.9685513926686993,0.9280528347171385,0.9956768147152333,1.1703933622435347,1.0422570921784133,1.0,1.0,1.0
329-U1368F-11R-2-W 110/116,2.275289919102994,0.5542082691540954,0.9773174184065843,0.7695366445594485,0.6053047414025334,1.1334556992499183,1.0675384373201353,1.9953108751127198,1.0192997906535914,1.1691242750458322,0.9930784220758725,1.103448260513381,1.0728638708906542,0.9765112471678146,1.0117009198901012,0.9474750864204551,1.1677275516737413,1.033908947309081,1.0,1.0,1.0
329-U1368F-12R-1-W 29/33,6.358585067579783,0.9875213773619571,0.9493969171737078,1.0495386824020536,1.1832230728917812,1.0767601625132834,1.0265943266162663,1.3838349293512642,1.0461951296078729,1.1837318385352222,0.944683226140691,1.1033405768075961,1.0782258332845374,0.9892318131765822,0.9537436440791285,0.9372500575298831,1.1888234299485516,1.0322942859011137,1.0,1.0,1.0
329-U1368F-12R-1-W 71/74,7.689744784652355,1.4486720468582721,1.0298206077863532,1.3080542051886372,1.3916307454006112,1.0725389263445293,1.0819411496743152,1.36531444664957,1.171964865352237,1.2142657469096372,0.9989905544777109,1.1363346312256288,1.123111914309801,0.9832865594013629,0.9124079724783118,0.966526423756002,1.1990054377581882,1.0595114665800516,1.0,1.0,1.0
329-U1368F-12R-2-W 11/13,9.383394246835806,0.9211845520203608,0.8662847785887632,0.7972373216105312,1.4608416920393479,1.071942542173057,1.0170405572829102,1.0338614428964257,1.0552840353540849,1.1801613995670936,0.9726157183335604,1.2502985335845613,1.1295151105187655,0.9642602700185651,0.9705108833031755,0.9999722647896604,1.1072768553461096,0.9803282020851691,1.0,1.0,1.0
329-U1368F-12R-2-W 13/16,11.598939499901892,0.8921363603323219,0.8956505521044432,0.7554052199606065,1.665827210765853,1.052662621162839,1.0508142962297848,1.23666711793245,1.0501215937650374,1.158791445663405,0.917950188035818,1.2142845523849692,1.086441387093252,0.9635093349043864,0.9693561142556096,0.9895439984706796,1.0948587857951202,0.9876634883805044,1.0,1.0,1.0
329-U1368F-12R-2-W 122/127,1.1911990058447115,0.653102685606446,0.9191530686353538,0.8702258656132614,0.4865963295119774,1.0844754917513706,1.0413606121375425,2.511768667313952,0.9976623544696214,1.2018965829236967,0.9991133764442685,1.1325249348725992,1.1049338123279124,0.979232519236909,1.0592232939034967,0.9916270232393325,1.1488310797607726,1.017106841801614,1.0,1.0,1.0
329-U1368F-12R-3-W 51/55,14.601489395232734,0.8216749583498362,0.893253261539295,0.936333548240761,2.2217361918060443,1.0448439699600591,1.077621365841551,0.37845471606659203,0.9912064453290913,1.2109622175827313,0.9414540756379433,1.1458561942960246,1.0684433509839224,0.9728054400491126,0.8899878761663994,0.9636741703262968,1.153341600905702,0.9982775878726352,1.0,1.0,1.0
329-U1368F-13R-1-W 7/11,7.66666850662796,3.884302464637001,0.99719850323672,3.9625535406234693,1.524651438417204,1.09187957077395,1.1009593780441436,1.0785974145224007,1.1111382537225478,1.228198814285323,0.9800431552043496,1.1298331953281284,1.1376030277083646,0.9897942811634969,0.7639819626713951,1.0029858992886946,1.1844602513268339,1.0980717134335591,1.0,1.0,1.0
329-U1368F-13R-1-W 71/75,4.1553308197955605,0.9059297665992385,0.9106187001795673,0.9541416444392021,0.8321183893206981,1.0569758503663134,1.0672775401831749,2.189965287227318,1.0637618757241898,1.1848905287375573,0.9171555614689278,1.1210721817424525,1.064706841228516,0.9877607604770521,0.9339190974416185,1.0353867822846405,1.161882375915724,1.054098272831648,1.0,1.0,1.0
329-U1368F-13R-1-W 114/115,1.1297457032013059,0.7404880479825885,0.9399063054178599,0.8260817919839107,0.5043518460108107,1.0683918159728907,1.0522442454307286,1.3793899174378421,0.9860111245210869,1.1974382784946738,0.9468902160342815,1.1365273314367705,1.0712943336106289,0.9884145414472217,1.01390501025092,0.9892907954021053,1.130093961084145,1.0341682756848405,1.0,1.0,1.0
329-U1368F-13R-1-W 115/117,3.382631431268663,0.9592283327951214,0.8948599461951856,0.7567610678330746,0.9001741697744892,1.0708104134248333,1.0670339032028067,1.048267656938543,1.0488937750223872,1.1580462923631398,0.9276120820899729,1.1141779428676357,1.0323929278140316,0.9773113054711353,0.9814478046809171,0.9894819642213966,1.1534037707571703,1.0048531480371778,1.0,1.0,1.0
329-U1368F-13R-2-W 54/55,1.6048020574437314,0.7584084894327168,0.9961488442364628,0.877255208215504,0.5325717225990685,1.0860564776383002,1.0379358709888409,1.2580015124002368,0.9962825247176906,1.1926899852079145,0.9578479143181917,1.1093877432325534,1.0387869886121994,0.998706792108226,0.9602268206544218,1.0230630495905026,1.1523885878170066,1.0402262103308948,1.0,1.0,1.0
329-U1368F-13R-2-W 55/57,6.318877308046651,0.9162677676563884,0.8940756238331214,0.8170782232267959,1.295506250915851,1.0490511800208786,1.061386088895431,1.0308911120444533,1.062273004111546,1.1501670246814615,0.9335716130651394,1.1031513469106236,1.0419004630168045,0.9808598319946528,0.9745624390336881,0.9901684266938953,1.125908936003969,1.0288546652812594,1.0,1.0,1.0
329-U1368F-13R-2-W 108/110,3.3989093111715034,0.9683563643201162,0.9990607248538557,1.1133129771914827,0.750878423244186,1.1166941372684198,1.0702129014974588,1.3518380486230444,1.0446575976868486,1.2201966285668648,0.9828487721938761,1.1213556399870142,1.0524771017015295,0.981193675391832,0.9500803937732121,0.948679998423328,1.2745445488032083,1.0248054347478073,1.0,1.0,1.0
329-U1368F-13R-2-W 120/124,3.4184209758305015,1.0047309748717972,0.9520096289258032,0.83223978763481,0.7457431550607839,1.1236257530355942,1.0788369016149921,1.1881839321105685,1.0255202752790025,1.2199886483404396,0.9844407695585994,1.1434453571842513,1.0740609838602484,0.9784777084453102,0.9527870528894915,0.9367927959282419,1.2500486376320072,1.0295162553601713,1.0,1.0,1.0
329-U1368F-13R-3-W 52/56,1.8910345927444328,0.5977071590012448,0.9065471429557519,0.9281587381273954,0.8387064180268395,1.091132685221823,1.0437036604224028,1.2343258605462146,1.0509650819450376,1.173928218020534,0.9078593800087345,1.0916790520666138,1.0456848827870406,0.9835298773290759,0.9710179922047026,0.9416002969425568,1.1546456051393812,1.0446768189535123,1.0,1.0,1.0
329-U1368F-13R-3-W 131/135,7.753235851165933,0.6033921841086126,0.9308056851479062,1.5785369970753593,1.6698118176173062,1.0691309304875563,1.0647621440390544,0.9930189894437169,1.0374623883368346,1.1747697776872104,0.9014849021451304,1.112649091533708,1.0293488206434456,0.9631484408420914,0.8563179241964533,0.9695334336180681,1.147816567572998,1.0320525899966888,1.0,1.0,1.0
329-U1368F-13R-4-W 22/27,5.933123283228448,0.7602966538449167,0.9288056014681384,1.7245582173182556,1.2939804955375747,1.0776413896874402,1.0475080223219726,1.2261360554048781,1.0514850875296595,1.1736709249689374,0.93943005846618,1.0817636806618363,1.0532799091093077,0.9856195877062992,0.9162311988164057,0.9715615696780533,1.1623125925480908,1.059897955285604,1.0,1.0,1.0
329-U1368F-14R-1-W 39/43,7.9943730158446735,0.7443212902239558,0.9904869502919812,0.8019507371421453,1.550811170909059,1.1622180475292827,1.0883403960740172,1.2491017059735732,1.040191386687593,1.2140161434874301,0.9367843852120206,1.1335947067118601,1.0612827018619775,0.9944125176929434,0.8627585739170387,0.9729708001708538,1.168136821653199,1.0451615571490291,1.0,1.0,1.0
329-U1368F-14R-1-W 140/145,2.2070056242289326,0.5735667521639208,0.9983913538535499,1.4170066367585266,0.6179792817983651,1.1544737146039796,1.0289786774639085,0.7223116064966364,0.9252632527684863,1.2818915821781163,1.3186160714320685,1.4741144138309648,1.5513768076490682,0.9610500693789386,1.00253937845252,0.9885266457498852,1.2135370539243429,1.1009666999983114,1.0,1.0,1.0
