Sample ID,Rb,Ba,Th,U,Nb,K,La,Ce,Pb,Sr,Nd,Zr,Ti,Y,Yb,Lu,SiO2,MgO,Na2O,P2O5,CaO
329-U1365E-2R-1-W 36/40,6.338071129753693,1.2742675729194022,,0.3476020211695805,,5.5481548456799175,0.9876067608833381,1.0016944939645231,9.508367276853463,3.0309275844109473,1.3865524511526486,,,-1.7934305472874525,-0.22208907081406437,-0.5590441059534701,0.06719319177408067,-0.8475840687881391,0.33746729285439425,-0.09950660583644222,1.0046383218540154
329-U1365E-2R-1-W 65/69,0.31348599256825294,-0.4019725696299392,,0.6339584862795271,,-0.055793840079111146,1.1774172188042455,1.4019901200913543,-0.23304554093556273,2.6601685377854727,1.4463663486076976,,,-1.7500701009016053,-0.3837444618407879,-0.7180806650987854,-0.5142192038286595,-0.2955979755683211,0.22169194815029947,-0.021516581548191388,0.8711561329123025
329-U1365E-3R-1-W 130/134,1.1459351804303501,0.9211535924352408,,0.5843861838059552,,1.0914596078186936,1.3727852531043312,1.3878935113393869,3.8624110857397485,2.6834455682516873,1.5299890010215638,,,-1.5278943217504448,-0.4390452849343083,-0.5784722106987434,-0.7427893961365442,0.06070834676313197,0.3420581935935303,-0.014404770278101636,0.7681164055030258
329-U1365E-3R-2-W 20/22,0.8680701083747211,-0.2375900940531166,,0.48110780705368583,,1.7951956590719718,1.0534128271732448,1.2653354830524837,7.585142932486163,2.6631343363515905,1.308786353797525,,,-1.7140625718822937,-0.4151680004403602,-0.5395185291363465,-0.19517811630836945,-0.523320909424215,0.32963233446381723,-0.03023389692004355,0.9341368899950346
329-U1365E-3R-2-W 22/24,9.242040386974399,0.49382973090786964,,0.31469095516459955,,9.399185451222106,0.8998577311344054,1.0715611756720058,9.363668099373555,2.9586978383251648,1.3704455271712037,,,-1.6552892257630436,-0.2380870686942398,-0.613540032135405,-0.8543339100002214,-1.1324107187066677,0.2950364181411609,-0.10433750256405058,0.8688594418796463
329-U1365E-3R-2-W 52/56,12.941957006248096,1.8797894863252482,,4.905430504285699,,14.038325124771891,0.44719026426730224,0.6759877478259182,3.3065658473045136,2.5073617835419073,1.2567690391449649,,,-1.4381345322983048,-0.04940511642558043,-0.20225757837958103,-0.8044498468557606,-1.543830295671949,0.3892773336085691,-0.02213911116907233,0.4852149196398976
329-U1365E-3R-3-W 33/37,2.1779727264929436,0.6581727973552887,,0.050000224495649004,,0.9333090434350946,0.5558826708603659,0.5791051655273036,3.3955775296095014,1.0938040298703537,1.1658551487630593,,,-1.4633898887353007,-0.21402290448263983,-0.30459142616424906,-2.925120439126438,2.6203630234785518,0.009101812338779158,-0.010277359229360988,-1.7070525111351422
329-U1365E-3R-3-W 112/116,0.9678970907084012,0.029030516892548985,,0.27817219244438274,,0.441884822193255,0.621174835557321,0.7664934277910547,3.8464084788105457,3.3278799395864738,1.3073046758424312,,,-1.537056796583327,-0.4181730487721378,-0.5671558309136131,-1.4122870835130357,-0.01029771331747753,0.3298364157406031,-0.011926106242143686,-0.0231652616801572
329-U1365E-3R-4-W 66/68,0.6393632990813544,-0.1807376918926994,,0.40091010514535097,,0.3767789855140291,0.708159203228286,0.8002917625719173,2.731005762489412,2.9510703836674015,1.2584209253068446,,,-1.5885246067338503,-0.4464446867646785,-0.6006345531409965,-0.9392493929768975,-1.191683658700084,0.2436046110742467,-0.021067847877897686,0.7795574629524555
329-U1365E-3R-4-W 68/70,7.770869444963085,4.62035519924214,,0.5229386797381506,,6.075085098750029,0.6593031242189213,0.8969941981487843,3.918804023469264,2.710719200990006,1.567879239830397,,,-1.2946210809028216,0.043156664976430115,0.06212266055692339,-1.3851276019422443,-1.2469816985670548,0.3242052678905072,-0.02407119564932722,0.4407353125699949
329-U1365E-4R-1-W 22/24,4.039000419909558,0.16937341374905168,,8.869093347752221,,10.419414724914041,0.5603914735249305,0.9226714826665958,0.12253937916180035,2.743625546641457,0.9572438468749427,,,-1.874937697579914,-0.6768815721480408,-0.830839987580112,-0.054616050944837014,-1.2472949115060405,0.5918330994378351,-0.06691854182804122,0.7972353774709795
329-U1365E-4R-1-W 24/25,10.506690379124663,1.1343896937045683,,10.017362094233388,,13.813808780309976,1.104695565739331,1.0348904701031492,1.561944807618075,2.8890182492955647,1.1129014209875194,,,-1.6642844547631706,-0.46143095433921033,-0.6142038015576707,-0.8770602454021557,-1.7905385268631058,0.6239095007323563,-0.03352743733662905,0.2820072327172749
329-U1365E-4R-1-W 37/40,10.67196776017259,23.04490579181143,,2.6327497890610916,,10.451883223286012,0.855878754673622,0.792531993304527,3.5952075708397704,2.543532707412994,1.3645703450926563,,,-1.3850913897219579,0.20336790095484591,-0.06402054453570472,-2.7794127655912746,-1.3096945779653941,0.5785495802863072,-0.06355763850999428,0.7627456983324219
329-U1365E-4R-2-W 88/92,1.147069320589016,0.5607027980377682,,0.7680771802925399,,0.6904885618141612,0.8776548552789993,1.245199328238943,2.988301765683172,2.152562324473121,1.2533802592809158,,,-1.590925976845953,-0.1346861780889803,-0.2952165792327177,-1.2024534957034803,0.3093910544665581,0.28842115625303455,-0.04455911683790746,0.6843310174002593
329-U1365E-4R-2-W 137/142,18.68736580402725,2.8385605571141843,,3.269910886223337,,25.404447017641317,0.5118235220733776,0.6996224897596175,2.950456025313696,1.9240577424845755,0.7243854328345272,,,-1.8889886052374472,-0.534469058053662,-0.6352296643126536,-3.721791915263516,-1.5019139250157068,0.259527313267363,-0.05270598816683597,-0.18616042799344612
329-U1365E-4R-3-W 10/13,24.306785452832916,9.442421902940824,,8.088214586891784,,35.04033369933162,0.45325083866267235,0.43619213929071154,5.19397438564055,2.096124527296988,0.5453014801188667,,,-2.100255405608501,-0.03975377858607754,-0.4884392187043787,-2.6884610127948534,-2.026753698713107,0.32344377863893525,-0.19500910367509047,0.35890091388925427
329-U1365E-5R-1-W 8/12,23.355282296571087,4.811289661053246,,4.313713849916201,,29.533947558611338,0.6861587134002782,0.823291671642302,8.168672339857684,1.6185199671442003,1.2407643483549533,,,-1.3843891242266384,0.29372250286753765,-0.13323229139186044,-0.8140127832839852,-0.7603289398424868,0.36597541381535326,-0.15889169123490654,0.1778851443568712
329-U1365E-5R-2-W 89/93,2.064669981511065,-0.3020539290981007,,0.7836997304659494,,1.623312159784915,0.98070467245272,1.368988888852071,16.854195488061855,1.8527787850548085,1.3833701923980435,,,-1.2863065605559045,0.18200058084722315,-0.02848563695288231,-1.1338729421631513,0.029064427173570273,0.12794944039472256,-0.054784376747253505,0.7273588686800423
329-U1365E-5R-3-W 29/33,1.3737825403078832,0.04616590876126747,,0.0989286048574094,,1.0049755275669598,0.6047482260909041,0.6886661953918436,5.254378407298654,2.035300885530935,1.155357364422696,,,-1.881889551215103,0.02890695760325368,-0.13693903904590154,-0.8360152680918347,-0.496188614253378,0.32950232697302884,-0.14106634985937003,-0.4100495305931222
329-U1365E-5R-4-W 53/57,35.293351822863826,17.040594348847343,,5.6395811784360745,,57.39950948634425,0.2366623590374468,0.2395456496006103,6.2073152324890035,1.5206562614309895,0.4386976713059738,,,-2.211760291019873,-0.039116057324332765,-0.45244798668558683,-2.859428273324575,-1.7314008495594448,0.03935313610709912,-0.18292067183143068,-0.818901792866729
329-U1365E-5R-4-W 86/90,16.310017162208492,6.160703145019602,,3.1034868644038376,,31.3823674771618,0.32500387411163967,0.7721909269813039,3.154906011225432,0.9632301262374905,1.2309289323479664,,,-1.3877595361135437,-0.7855263511131598,-0.6451800985738583,-1.7784758285051012,0.7477491782286085,-0.05917238087742582,-0.023118063009829035,-1.4564893249471798
329-U1365E-5R-4-W 144/149,0.33097279204127983,-0.04806510235719602,,0.4200780259623256,,0.6466840239433069,0.33735220589649506,0.7442306523608866,1.7111618791013137,0.8834977429176254,1.331337296249878,,,-1.2285288023390146,-0.5352153884668942,-0.481560447528115,-1.648204725935777,1.5855816723171081,-0.12632916586150733,-0.01495290903486439,-0.04120270528008696
329-U1365E-6R-1-W 8/12,20.682499872598004,9.549238831204535,,14.292573766466667,,52.4438736144011,0.8166074696239392,1.055144730912437,15.773301161460882,3.350039681461178,1.055740527168438,,,-2.4648131211785653,-0.7127081842684051,-0.9242261081511094,-1.6296541336145438,-4.8849457099127545,0.5158661235619499,-0.03763920263359073,-0.45006299898023805
329-U1365E-6R-1-W 26/30,0.6324754087690663,0.2637831998339275,,0.30467142425453386,,0.33458319564782224,0.21372090673639832,0.45685684881713184,4.265193036137439,0.8182242057209184,1.0199696462011931,,,-1.3849439953047549,-0.7349534316883082,-0.538497398243261,-2.719215285661022,2.340757148954409,-0.42835272801943924,-0.019482981246736808,0.21841320373418682
329-U1365E-6R-2-W 19/23,3.0107618364217723,2.4328389924667913,,3.6204045667533244,,1.8637825865970297,0.2057604231590613,0.18860248617330466,3.067255495483214,1.6935530274081643,0.7473213118754716,,,-1.3126258283258494,-0.46656432164527395,-0.39580081125409716,-2.483492435790346,0.5464207750068866,-0.09292960119128146,-0.023924461162683208,1.6164515238347033
329-U1365E-6R-2-W 99/103,0.541697519494105,-0.3664768165736457,,0.2719698456244848,,-1.0844639114959258,0.2175757854108804,0.4725537288594639,2.330331434080393,1.0154443174342354,0.9461492039535977,,,-1.4334916151084478,-0.7210484796788652,-0.5446729645681376,-2.09701903687003,2.012463827321528,-0.2693953302945453,-0.02145501135353206,0.5359061922208248
329-U1365E-6R-4-W 8/10,21.107041226327436,2.134666466898035,,3.974733084077673,,27.127013877369826,0.03250830180665698,0.23455242446609326,4.759272715229502,1.0043099377366573,0.7593350615529553,,,-1.5031557372236142,-0.8722025366882598,-0.590945337899675,-5.2632281439517,-0.23766303603150707,-0.3887473295981705,-0.024584809410355263,1.1430679325465505
329-U1365E-6R-4-W 10/12,2.2933368383847768,0.29365939852430045,,1.1512069707807946,,3.941275612767477,0.4773600526418522,0.9125652961671142,3.0494130439656204,1.2020770527538231,1.4071208801924797,,,-1.3648737463217548,-0.5358300034763062,-0.6159357414795155,-0.3900188617051654,0.8633501260986041,0.06790832646054712,-0.025177614029611203,0.2031501834011742
329-U1365E-6R-4-W 19/23,36.29201620338713,17.96009751628776,,7.688698117344775,,84.85403037903644,0.5085447773605458,-0.017619425136894407,25.222039459247387,1.688859266577892,0.76124952452688,,,-1.1278205542667412,-0.6511109776929302,-0.4901163721923423,-3.551376221658117,0.2289360532061817,-0.8728351404981094,-0.00822302577248274,-2.1434999286412264
329-U1365E-7R-1-W 41/45,0.8710952333003781,0.017870350910102195,,0.10016325190415731,,-0.27417166927142,0.1389548803971976,0.09076663554511644,8.222556083488291,2.1528743850190373,0.8142756070168264,,,-1.0857951422328243,-0.46810723265963805,-0.639343058599934,-2.250783029057061,0.3670041865757767,-0.4900183417213513,-0.021936086721785666,1.020264260089121
329-U1365E-7R-2-W 131/135,18.640032235494125,3.2420685183618008,,5.391160504424432,,28.301287197106284,0.08081940370465568,0.04867203623425631,11.258347075148405,2.009512958016026,0.5615358824205323,,,-0.8669350217821745,-0.40295195733511946,-0.6063177244328104,-5.27559696201191,-1.3846248798391088,-0.16708669670541143,-0.01274757290675238,-0.330614600499219
329-U1365E-7R-3-W 0/2,30.353239469326994,6.00859876776867,,4.266838390313451,,62.48418380974765,0.19320339743211834,-0.23289171811730114,12.85560152716904,2.189901582818211,0.33237996164421757,,,-1.284471701064556,-0.9190847128442212,-1.280838793625711,-4.509818048134129,-3.5394419874207372,-0.41732929016307185,-0.001791166950631043,-0.733169195763617
329-U1365E-7R-3-W 2/4,66.53379950042047,33.47701377823651,,18.748288484847567,,231.7135292407214,1.6514028054574497,-0.6349181336446117,15.916364822635686,2.574055746831836,-0.023715842816166788,,,-2.9583532902433527,-1.6256410991466046,-1.3782489821379884,-5.231260148551783,-2.9606226573489227,-1.6666555036654442,-0.03228564549646541,-5.410109658446623
329-U1365E-7R-4-W 0/4,0.9516508243503653,1.8898887905729946,,0.006470964736599916,,-0.36796228855760393,0.026153620570319447,0.4102375937629219,7.11921560891518,2.4250578402750134,0.7683469443329525,,,-1.0593562942646253,-0.7038230203274884,-0.8937010961985883,-1.8070782667730043,-0.3002861801073369,-0.03748773101522396,0.002778199719534462,0.10560267253226563
329-U1365E-8R-1-W 41/47,55.07642412487028,89.09378913254838,,17.986077183966803,,194.06644743126594,2.0295948041256153,-0.5988448205591239,8.851561009514299,2.3423012174809354,0.09342535386945494,,,-3.2252730713488265,-2.2033391379956324,-2.0379848509306733,-2.190001125686827,-3.3742665265203113,-0.9456597276407488,-0.05286027523951464,-5.110395864039091
329-U1365E-8R-2-W 49/53,0.6931915073889573,0.07527749415479901,,0.19039860012034038,,-0.8024176580684799,0.15353592877478883,-0.0004912392533871213,8.175548166520676,2.1410215208092027,0.8064863532713473,,,-0.8120206071997362,-0.5331698316771813,-0.6119844725832122,-2.8320311226366357,1.7212564248594457,-0.08711488299971704,-0.015383989257455738,0.3466251452696856
329-U1365E-8R-2-W 117/119,10.2609624705216,4.798018144711474,,1.9443199045733586,,12.66343179392558,-0.08512364590416155,0.4062584035239911,3.1900898627036107,2.5197559173819033,0.6387359825105392,,,-1.0278766112393085,-0.6810565977640044,-0.8289260777603813,-5.556746784914729,-2.38471665099574,-0.037080045274106244,0.007456876279555755,2.1047472813602734
329-U1365E-8R-2-W 119/121,0.14740272233442142,-0.049970584897822024,,1.94074210580578,,-1.7644265958940006,0.14909063082497442,0.25193003786003487,6.537909057597832,2.9283748444257047,0.8733559850959751,,,-0.8159759989118744,-0.5791014298990875,-0.6085892199071177,-1.5500048191368236,-1.5732055643058391,0.0699405022549291,-0.018164063360044197,1.0116482153251436
329-U1365E-8R-3-W 41/45,0.6370513579344671,-0.169750988747345,,0.6275251772859037,,-1.78004778087116,0.13051378870335117,0.18562527119700656,2.4779226546132462,2.334577839706196,0.834124105289324,,,-0.9441339567560871,-0.4687806436275048,-0.6553286315688669,-2.6293499853859785,0.1092099807238629,-0.05498259574735709,-0.010146412191787316,-0.1822221123429788
329-U1365E-8R-4-W 8/10,21.380906423476965,1.6192222422936977,,1.06933202745972,,33.23234714154213,0.2839605418636033,1.4816057510157918,11.010118993690114,-0.3879046681643592,2.6231687004944977,,,0.4215609189742153,2.1633922411725948,2.165790874022168,-2.1349394032538385,0.41778914161527947,-0.35950870940403323,-0.13090775901965201,-2.0859148999651413
329-U1365E-8R-4-W 84/88,7.112572280040413,0.37788929522736225,,0.8325583708508972,,7.767513624903419,0.8277276694015079,0.8375509356194968,7.699122806442491,0.8860329710383956,2.015019503609942,,,-0.931682977677136,1.3779730739792466,1.0966167799686133,0.5951714385869664,-0.3203155851855044,0.2775323174524855,-0.05715873468655494,0.3963620928349769
329-U1365E-9R-1-W 84/88,0.31337078697040716,0.15986730753962908,,0.6625351079539392,,0.7290597293743781,1.1721066807727576,1.7003582552627394,1.303936412261784,0.802658697254194,2.163725685954506,,,-0.576550736205645,2.1489926453399946,1.8409468147699464,-0.7036899845242033,-0.9490714880404152,0.04207872769257781,-0.04675278158714516,0.8143569623983407
329-U1365E-9R-3-W 138/142,1.8051150395242248,-0.021802237871364705,,1.9824935674009976,,0.41145342334496027,0.6194888763434117,0.5800066936234467,3.0489183596139346,0.5247245016563973,1.8477712473153574,,,-0.7377865142930968,1.5441885761963583,1.1686972573063645,-0.8241847470195864,-0.663004160443533,-0.007864036830929955,-0.046460515161773186,0.9702182704739251
329-U1365E-10R-1-W 46/50,-0.7317148538920768,0.021333620330666214,,-0.28217512724078286,,14.52187560827283,0.10168124364128506,0.23387558079546444,15.26204163445367,0.891928216753433,0.7042087212578387,,,-1.553966277734217,0.9290713075321761,0.4244979002071805,-0.41159612285935054,-0.7079755388886211,0.024801193661609044,-0.005263931317016718,0.21921897317931816
329-U1365E-11R-1-W 75/78,16.87873879193959,0.3050147774460923,,1.830499513822807,,12.500645041234494,0.8960976962078595,0.47302047285856563,4.243174805698681,0.9926193555509553,1.428144047602352,,,-0.9790341730515202,1.806342112153386,1.1590557793569527,-1.5709323665764643,-1.0117706086220268,0.033854043266027034,-0.05373218916355649,0.7191649883500002
329-U1365E-11R-1-W 100/104,11.121740839438951,0.331907289022934,,2.5642055142941533,,9.510876834483373,1.1329860147005748,0.8041004544086086,3.6413658148133745,0.855755238558884,1.6146675327499835,,,-0.7191630558157911,1.3083269147180836,0.9064757367662875,-1.0505531979766047,-0.6751970626963004,0.04203670238210666,-0.05067554440818728,0.8686400179344691
329-U1365E-11R-2-W 0/2,17.985922115476363,-0.14596674287843037,,6.590978644453004,,18.797849489418173,0.6445443633283094,1.3143555285412747,5.486257525919172,1.128073429089822,2.3172746806058555,,,-0.8972939398619708,1.8373728814254306,1.541754728899532,-0.4914948939632424,-1.2241206836811962,0.2128874216177472,-0.0421734580906169,0.31873537831835996
329-U1365E-11R-2-W 2/4,32.309050972295964,1.8104252195882249,,4.772159510588239,,25.894231025832877,1.0751547472152438,0.6572021999613451,5.058173614943251,0.7102450139963272,0.9361329762734698,,,-0.7005448326580579,2.0101303246335913,1.6093075786545095,-3.770405129174847,-1.5855657015182398,-0.06990392236285992,-0.08074147223767725,0.34583659081387097
329-U1365E-11R-2-W 89/93,30.942032063781962,0.14505486324722627,,6.014052273370618,,25.588309709688776,1.1108239685117587,1.1022121959657314,5.550261948242491,0.8375987455775045,1.417596923213818,,,-0.997884991629447,2.039622492379041,1.687925133763943,-0.7115713001576722,-0.8887811192887334,-0.010015641881988113,-0.08308838807887761,-0.13499201556298956
329-U1365E-11R-3-W 77/81,0.7062449674025555,-0.8875697963725022,,4.630053986526438,,1.597806633402712,-0.7258133606598118,0.4894039143150284,1.8972260109928154,-0.5060710594240447,1.4723399189364699,,,-2.0414774490681378,4.367223205596057,4.879107929769313,-0.6405573678329475,-1.857226873655776,-0.10381204245362197,-0.007841619962557833,2.116531732340846
329-U1365E-12R-1-W 19/23,0.23015784322110994,0.4820973450260717,,0.5331819860762779,,0.7374472738047606,0.5599457152281113,0.986807502273237,1.8483922119768668,0.733280752707377,2.01547677771803,,,-0.9744139136219463,1.819899467756672,1.598996185177528,-0.3376492994401872,-0.6081445010286934,0.08183058497158768,-0.057767079307873975,1.0375022073112259
329-U1365E-12R-1-W 71/76,13.09732078373342,-1.0707939277732423,,4.381645614931877,,16.541609687038836,-0.7937183004069057,0.20821600494159398,6.084667412392513,-0.8961684119903568,0.860554421659879,,,-2.9061449064770537,4.086085982867928,4.552470452187779,-0.6820260600595702,-2.1767786736993227,-0.06063139277437113,-0.018121550262035796,0.6801530474363133
329-U1365E-12R-2-W 66/68,26.018028307388786,0.9886579975139814,,7.784501046653034,,29.145316389080783,1.3780846388404528,0.8593039022765439,3.870098266168351,0.9601476539279803,1.988020251304068,,,-0.6251823728630601,2.0553845194615246,1.4542248239015034,-2.505536958546223,-1.981725419842534,0.1323286409481299,-0.037962733653540276,0.24397695709000544
329-U1365E-12R-3-W 17/21,15.963125333489282,0.1474135187429697,,3.1777934436784845,,15.613712406309643,0.4405691543073784,0.516517345789218,4.136897855401237,1.1367656085542022,1.9149548441622137,,,-0.9418005779367569,1.831710754366462,1.0895759147592177,-0.2945316235217206,-0.5762875663847602,0.18213674331835694,-0.06606326105101082,0.5785892619798148
329-U1365E-12R-3-W 128/132,1.7995439245387348,0.14053655433510748,,0.7494460786150399,,0.6681811455940623,0.9768013105615703,0.9537897958498114,1.559985842735653,0.8010306349992744,1.1487192626060558,,,-0.8642220396406355,1.6624273396413134,1.1406248484295283,-1.1489964256313456,-0.44652743242588766,0.04246513699272647,-0.08377849429580253,1.2695945844017071
329-U1365E-12R-4-W 60/64,1.2651768458107782,-0.051163055886018105,,0.6204144734369876,,2.300211299520204,1.2093141315745752,1.7156970425118256,2.878160226366104,0.8627280909991235,2.4063771033158448,,,-0.5817112438161622,2.2144392025431783,1.7469446128910064,-0.9322257480444947,-0.5690487264141915,-0.09165871133582915,-0.05221020153068873,1.1066785128924952
329-U1368F-2R-1-W 13/17,-0.11029314666603973,0.2517013263847758,,2.6615173270638905,,5.360971865712308,1.8297203800874975,0.6015613924929184,-3.516583100177561,-0.40060604186324156,1.973226872831436,,,-0.5203312427721043,0.9635938711961902,0.8130167877320229,-1.3304312220707502,-1.6458958244590915,0.608765934219841,0.10091900003593643,0.34833503577323377
329-U1368F-2R-2-W 13/17,-1.3780493474596351,0.5426143133684924,,5.161170759672256,,-0.1372923415242333,2.733426192510448,1.7537395525450155,-0.4092511818400606,1.6601813947185775,2.13009285758546,,,-1.1713386312020235,0.3295023605089433,0.44751160798698386,-1.7591742460845055,-1.4765300766908673,0.6883694626002566,0.11046331420673122,0.48642208923589614
329-U1368F-2R-2-W 134/138,-0.3144431183842613,3.3337273909591882,,1.8562073607645893,,2.023975663829109,2.3794879168962257,1.4954856750429997,-6.671066941569318,1.5468007433815991,1.8179205051908163,,,-1.0340042796612963,0.413259113723643,0.295674849467483,-2.5696095561098176,-0.5525716316400482,0.38658894956846934,0.09772528220608903,-0.9576009128227465
329-U1368F-2R-3-W 110/115,2.704297119160344,0.66713893918201,,2.624655913938522,,4.24425043785515,2.3794741094366074,1.3176748381458854,1.6771043120012852,4.1234100284594675,1.6219383921502253,,,-1.2137562242640838,-0.18579572550772472,-0.6691840205787019,-1.8954222652544601,-1.7167082648833754,0.7170982749572037,0.08901069710598278,0.0888582875787769
329-U1368F-2R-4-W 61/64,-1.1482558516786252,2.5425703045305355,,-0.7342731782205121,,1.1582780467886913,1.7504593266010158,1.0891576179505726,-2.933390928874461,1.6675207138326318,1.5987765308001212,,,-2.015672291754096,-1.2578795551320177,-1.124170169314615,-3.720154817563248,7.566849557724056,-0.11098210211872228,0.04279918580934544,-3.4384963507451802
329-U1368F-2R-4-W 86/90,-4.2209670051474735,1.3230272290207505,,-0.17863054027912995,,-3.2631110382212523,2.3730767775582287,1.7501236448629136,-3.45074282004453,0.751469067303308,2.170621294421238,,,-2.026936560696993,-0.8729632750854392,-0.6133027670378501,-3.7848765234194275,8.06824549098666,-0.09767381427481414,0.04064007274904902,-3.0990213358208507
329-U1368F-3R-1-W 19/21,7.974375018170418,1.2121347195177274,,0.050949062679013224,,7.3356913921971625,1.6540539408124415,0.933030338814886,2.885786091815092,1.2696535801509512,2.166203492818063,,,-1.337555381004968,1.7794015458857722,1.3908595062029416,-0.15575833638374093,-1.0259402902347778,0.18647539592927842,0.003814614472577138,0.3401349175825068
329-U1368F-3R-1-W 21/23,16.831016521536593,1.0232046317121,,3.8470381106236813,,12.653663378781467,1.827129764276382,1.5481695565117093,4.681588307801659,1.5690673382263114,1.9932368132905758,,,-1.834251830117866,1.0387281218835689,0.11817969822549834,-1.1722991363419695,-1.4281511916698406,0.20287294485714202,0.00513446469718587,-0.2476027068791069
329-U1368F-4R-1-W 23/27,2.392676909036496,-0.01831818001150265,,1.1684467610324738,,4.235034759434414,0.8947463156491642,0.7578767442859728,6.048890798262915,-0.5247340900938129,1.5686350613078641,,,-0.9546773676466174,1.524496122177931,1.2450009265343756,-0.4361193752187589,-0.8793926333288278,-0.16813293270381635,-0.0031483014467411086,0.2819030717456936
329-U1368F-4R-1-W 66/68,12.2787082882721,0.3582131652398961,,22.186574344865015,,8.501396982728263,2.008164854024365,1.244047124424812,3.4152629761589512,0.9857095709357049,2.7333180399800945,,,1.2251286248367634,2.9679246832669595,2.584364221566508,-0.9595100649591117,-1.1663329075387585,0.07754831865696321,0.02418086624382329,0.655620474394361
329-U1368F-4R-1-W 129/131,15.07818871786148,0.4811466607698889,,5.348533896527013,,10.912280012787447,1.0511964813191303,0.8203693585624166,3.690394204526781,1.2100223021465046,1.5256434705487791,,,-2.1651125125066972,0.44483539837138864,-0.21454852354718845,-2.0628405424895107,-1.8451321599312918,0.14247589739182498,0.004806059482338448,-0.081290260803355
329-U1368F-4R-1-W 131/133,14.639331946415998,1.3150734096578662,,-1.9644686770254678,,10.33712018299653,1.785117524570392,1.2512167135753725,3.8406579626784154,1.5699575325984245,2.466584386381065,,,-1.156389174474585,1.5639667619946938,1.261867668244232,-0.962975695024376,-1.1476151990783618,0.23182843102877104,0.006060915175304188,0.12198572696059706
329-U1368F-4R-2-W 14/16,5.301293295227409,2.815067364717122,,-0.14782385031235368,,8.607534462489554,2.0717096397896144,1.3059685131863947,2.892840768959447,1.9513548724187393,2.2374851198740124,,,-0.7972125915531514,1.8581677085410746,1.4489647546950337,0.7834104258497945,-0.95321097262023,0.22140214197057784,0.0025146647183648396,0.19774515940327753
329-U1368F-5R-1-W 30/34,0.8496517884747092,0.008207036520190059,,0.13798097676208076,,1.1619798175825333,1.6119254020750917,1.7682117031623452,1.7548048149461923,0.7870755517116024,2.39314736379543,,,-1.3595306799390787,1.3923770971169223,0.4138540447683283,0.42257832065397594,-1.2123870596984307,0.4553766905474732,-0.0011279001164308244,0.07513232414978077
329-U1368F-5R-2-W 64/69,0.0069525307469069375,-0.166031521972537,,0.03368250105371118,,0.05763724848822882,1.678741932312434,0.9151382233254122,3.364314142340387,0.4952863278068209,2.276140552032892,,,-1.3601704585733856,1.4859897006673606,1.146886679430457,-0.6062636209073844,-0.6956384020174156,0.24337062169956702,0.008484445586803446,-0.23701598765605247
329-U1368F-5R-3-W 9/14,0.3480209129599995,-0.09235544244247484,,0.155916953073568,,0.7847841791281542,1.6132119485016094,0.8720089026407276,6.443688207835905,0.953390314297927,2.1864054050062816,,,-0.9149905593434404,1.6619431099343132,1.4439663537496834,-0.3777849286628481,-1.021197208558859,0.28525036001755133,0.0020647300335301932,-0.1424617114967841
329-U1368F-5R-3-W 93/97,1.1909788097445748,-0.020581015832860317,,-0.11084170033273022,,1.1829037366109212,1.4419873783397508,1.1941583679308376,1.5004904646045674,0.8497022844334836,1.6034506991794348,,,-1.8847814761610397,1.0247314674406898,0.6214099893424017,-0.28523378286630674,-0.7918899388902974,0.27328251264602743,0.005634594384608088,-0.15843210914507289
329-U1368F-6R-1-W 83/87,9.220443834891517,4.979548393374375,,0.6504010317828,,8.78937368160968,2.2494429236675764,2.3287979876824814,2.779879063170254,3.104078375239437,2.983668353513343,,,-0.40430215573926276,2.030103067918029,1.4992235124129962,0.387697393684725,-0.7170250651997296,0.06063747272065312,0.0140257378214102,0.8820716257573213
329-U1368F-6R-1-W 119/123,20.004560175579677,1.690558798391927,,-0.12887976695076553,,14.81639411500392,1.6512897956320032,1.8278469359297151,3.3586008145225543,1.9875499631668792,2.6847540164740344,,,-1.4025118907236767,1.2350256110719986,1.0688293155168207,-1.0278777738750904,-0.9295246487477105,-0.08358573881756248,0.021656890380227917,0.4868046132682391
329-U1368F-7R-1-W 48/50,1.8497048352081702,0.5141782392560974,,-0.769056915839597,,2.2867517821817165,1.2656410305483616,1.5555736681939702,4.301744484985615,0.4793813066022743,2.531048280472115,,,-1.5409691966912575,0.9873726165818528,0.7505050854955648,-0.2244067639277887,-0.22956850850623312,-0.2783987688434495,0.026955024454003967,0.13823801629039068
329-U1368F-7R-1-W 90/92,1.6071648419719318,0.13282142526217133,,-1.3004789068889853,,2.1473448353665407,1.6790452644294103,1.7659518981014841,3.463488155411233,0.6785739591933853,2.712759068589145,,,-0.7605213152279067,1.6499107620862041,0.9131007075229558,-1.0492651813767822,-0.07551041712380346,-0.2401530688357556,0.03933002445400405,0.44241963032667186
329-U1368F-7R-2-W 8/13,1.3333242839496866,7.191119690764644,,-3.0111950637438416,,2.149199040001118,1.821371846512096,2.092437100785414,8.737624156145959,4.144340745407078,3.084614874189702,,,-0.2983267897425126,2.194189625685162,1.4511191211795698,0.7533145498859639,-0.31154083588985326,0.19219904451108016,0.015942337488937558,1.428058115801651
329-U1368F-7R-2-W 46/48,7.5517868156415675,0.4548430781244719,,-0.6446741735049395,,5.5009812365675055,1.4821101229836735,1.6371820442506095,4.717946119979218,0.29297269560024297,2.5315214599522857,,,-0.8998180344994857,1.1857703834489755,0.7286856155940686,-0.5128195103431921,-0.49384739496820185,-0.2220419857556748,0.03612687652746671,-0.0030251320778393875
329-U1368F-7R-2-W 93/95,23.43905061413316,0.2890096433206075,,7.640756529596125,,15.318752126773557,1.8082533666011678,1.8130169157479425,2.0438827739711662,0.5097204027410536,2.7927960709175164,,,-0.22522862870913407,2.09055359383043,1.9899982809744738,-2.091368404116004,-1.1291392325910197,-0.2018759415017839,0.048147418732212205,0.294765542715842
329-U1368F-7R-2-W 113/115,9.354084589836688,2.093295528718759,,-1.8355196976402048,,8.036490095019374,2.018101487684074,1.5261656412004392,1.4245291458167433,1.4388230502810213,2.994958120863453,,,0.2959302485475206,2.0435884231521957,1.966671001710294,0.3131500236739342,-0.4750051181363597,-0.056320781235736916,0.03721091155043016,0.6837329462709221
329-U1368F-7R-3-W 16/20,9.818657555886604,2.9193186819219017,,5.27524760348414,,7.246213384936578,2.0934220860606745,2.217777016006501,1.9959298189659114,2.182759909485524,3.1493522343108733,,,-0.9357695914607973,1.4672843505060928,1.1839848348484256,-0.7072842670337991,-0.7483826902639885,-0.05236218519353253,0.05762871306048009,0.857838723467431
329-U1368F-8R-1-W 31/36,5.690386696223461,1.944806717333609,,-0.8963896761090115,,5.6422101217478025,2.719886376771857,2.7059978114474124,2.411137090143031,2.3315401929163313,3.291704866407967,,,-0.2920737051354667,2.5807449430297194,2.336172043530423,0.35341042920951793,-0.6591349927620591,0.08631965546555609,0.023480118922798943,0.8142147493607528
329-U1368F-8R-1-W 129/134,19.027158264604992,4.834754378839959,,3.701773894181085,,13.27221392833915,1.8241313053590247,1.894431356434552,1.8187620364993409,2.891773785675821,2.7016738601641066,,,-1.1980863635880397,1.777093827007306,1.1659131254780526,-0.7991432083894878,-1.0466731770620346,-0.017643040927487696,0.03395607510326787,0.797839940761996
329-U1368F-8R-1-W 143/148,4.606184454321999,2.3511420963260816,,-1.2211834922078273,,6.035609136696744,2.704462486510339,2.209771841006342,2.556647107441182,2.122804086440021,3.52155726709902,,,0.767235739115316,2.77988429585095,2.771578858796099,0.24421739577589818,-0.6389467971739302,-0.028128092014831907,0.028592743545691246,0.7700354472728907
329-U1368F-8R-2-W 121/124,6.6390160660786,0.7821136891424985,,-0.5102443807070349,,6.028080426911634,1.3149651544293954,0.8554178450104466,5.161513261429403,0.6821321839985419,2.2603566507064006,,,-1.2934962063620912,0.798076003367564,0.49777784027460825,-0.7736507702977065,-0.49382477285168136,-0.19664277163881927,0.03444480332696473,-0.01496908988476875
329-U1368F-9R-1-W 29/33,18.920750213874925,-0.2443501928736136,,0.8802056938977412,,14.457748169622752,1.2406504881559268,1.6114699362755829,1.9730423224504294,0.8014053666976162,2.267892051823141,,,-1.457483303324297,1.0181340361413262,0.5175434296264232,-1.4564925241758928,-0.9757801225120355,0.019670089586651507,0.031179352665402144,0.09267942873807122
329-U1368F-9R-1-W 95/99,13.864678483777107,0.40542061312344413,,0.8880289152936749,,7.603542133121299,1.2158272694878978,1.4220629668150018,3.0222199759815433,0.9253821096965247,1.9632940741351952,,,-1.0016638027995732,0.9126720366158967,0.3636494954537728,-1.2816986511021184,-0.7055104171238034,-0.03766748763856187,0.029818411487541968,0.12002576380400676
329-U1368F-10R-1-W 0/3,15.024986309237162,0.5059764050035389,,5.859767803825064,,10.234726346126259,1.7923532842674472,1.8453699828602854,1.6795528966552347,0.987537383905412,2.731060957298453,,,-1.052862865956783,1.6689815037905689,1.1812393959506355,-2.4394362371115363,-1.2483803450849678,0.08748387030739879,0.0619931555934401,0.3614608383193616
329-U1368F-10R-1-W 3/5,6.628050101494491,-0.015055953085499674,,1.9346161808361453,,9.35844841878885,2.103329047407583,2.019170776768693,2.891740860179559,-0.6041160266680601,3.031808860952662,,,0.5076911750769479,2.612318204240843,2.4086413567052265,-1.6552471664271522,-0.43676597556505037,-0.1671637120504088,0.023445387953263036,0.4504144348467598
329-U1368F-10R-1-W 112/116,0.9520368832654937,-0.33208081761364494,,-0.5067988237317147,,1.4816245517434803,1.7148751352484872,1.3364563895897756,2.3292580649425343,0.9308445735311137,2.7657578997216294,,,-0.4674386235071104,1.8100992022485425,1.7453583217105564,-0.44843032916107717,-0.48495082961750846,-0.03864104566117854,0.025242617249164268,0.6222490309288027
329-U1368F-10R-2-W 57/62,3.403717017938156,5.343758588621855,,-0.7676839905471873,,6.780711678092738,2.9859594307377906,2.6352923245299937,2.5345717724760792,3.1478668447993856,3.7605412409512873,,,1.3626636526560496,3.346748915445456,3.3579523435640617,1.2177566334004553,-0.37750088550033656,0.1057015791403133,0.03249904470187509,0.8968053023936147
329-U1368F-11R-1-W 10/14,10.880325974086176,1.0026034606390262,,2.3853341243564703,,9.795208454987764,2.2308292126455074,2.2149018619811507,1.3406825507372941,1.7485470032913861,2.812301145278008,,,-0.5036257881557606,1.971457397282263,1.552987850103408,-0.3533245285418971,-1.087794815067772,-0.011046685515100574,0.034247975847383205,0.5246014929295892
329-U1368F-11R-1-W 81/86,14.96030417773884,1.3361953736977645,,0.7179292110618167,,11.59552813706079,1.581400590433173,1.7915074529707269,1.9077964726779149,1.9164625635150854,2.519496887781873,,,-0.7781086147323091,1.6145190352545313,1.3116741498088995,-0.6220109397488329,-1.042469130590411,-0.03407449911046001,0.027959161023139917,0.4609647800407508
329-U1368F-11R-1-W 133/137,27.507127077514674,0.22931950322339456,,0.7862130336978899,,18.014881317237485,0.5074814358002273,0.7941493298471691,1.6734124246532192,1.200749850249803,1.3093067924225217,,,-2.261035472955733,0.5350600999973185,-0.03458604731396342,-2.6630950882596167,-1.7450720776272606,-0.18292310955237578,0.0303125482813405,-0.02509275988760784
329-U1368F-11R-2-W 20/23,9.839219692618036,0.7611750036381988,,-1.2078111311595272,,7.649982311299394,1.5265389072414548,0.915146594441909,5.147994031127967,1.0398594686407154,2.5965561464635734,,,-0.9723756050706847,1.4086779283648507,1.2500424018710472,-0.9581838151766888,-0.2929654284878671,-0.23738906567560303,0.025438503829600334,0.057519991654656266
329-U1368F-11R-2-W 74/76,6.026980634383846,-0.17865189772424483,,-1.275700882728474,,5.745059639990123,1.6782853691967325,1.2275143512662776,4.326288222488853,1.0164515266327667,2.7691302583007946,,,-0.7070900256164112,1.9636703704143788,1.932792778964334,-0.8785154952821159,-0.6458205726797113,0.02476304516679395,0.02379930536113306,0.29716910367014826
329-U1368F-11R-2-W 76/78,11.087850696727024,0.3976845078999405,,1.002063562616759,,10.216684324874262,1.1441377252509675,1.3912837087301746,0.8322656554364558,1.609729519893012,1.9395867337183805,,,-1.481006754714432,1.0020897406821234,0.8605665682800261,-1.7204369154937638,-0.6740710011574071,-0.007531525206930567,0.02450130249814292,0.3609934622447408
329-U1368F-11R-2-W 110/116,2.4326533498852987,-0.7131947188630567,,-1.0605148223567449,,2.281333720992722,1.4651363190644142,1.1727679858158453,7.845595806833379,0.845377801770991,2.1189064701694242,,,-0.7809039488939256,0.8236918046663,0.7373176619603417,-1.361219187978584,-0.1748610472902996,-0.16660068399793504,0.03012783037218933,0.249893809308519
329-U1368F-12R-1-W 29/33,11.002521518695831,0.3167815230514397,,0.013759630428621605,,8.890378598692992,1.1945550833848193,0.9543335612748525,4.146014689208363,0.968265132004924,2.08861374968866,,,-0.9031303092996055,0.9474156729706085,0.8436720966612512,-0.7195887067823392,-0.5584904751842323,-0.17071461506460528,0.02202795472477348,0.24667556134427393
329-U1368F-12R-1-W 71/74,10.97594802156586,1.223286031164232,,1.3142799698192498,,9.959456191513437,1.5284144430141353,1.2006446417320902,3.46910575961821,1.5116759410789298,2.5075818386805224,,,0.02900469377061654,1.544314004966866,1.3584622040485552,-1.0486471381809181,-0.7464846564500824,-0.1291479151025534,0.02774247180506234,0.4484074142226522
329-U1368F-12R-2-W 11/13,19.48369144360949,0.2799805403932998,,-0.03785204905388362,,11.02616821312971,1.1906685088050173,0.9264321244617175,3.2939475655268105,1.228095933854263,2.1135476548872614,,,-1.3195428815119339,0.8696694261585822,0.6139466896508363,-1.8513760468010005,-0.1896314349349053,0.0801595354627409,0.03105438509071501,-0.225427602279753
329-U1368F-12R-2-W 13/16,22.37419863780343,0.2628470095106674,,-0.24169974196657762,,13.112326379130131,1.0765224984991635,1.2800910367688676,4.439597410144791,1.1785647648779838,1.9021452409106239,,,-1.8885657009827064,0.522460872704567,0.37123131898264283,-1.813186886670401,-0.21206070221663076,0.06928362187388704,0.028081277085702544,-0.12654935067110173
329-U1368F-12R-2-W 122/127,1.3609767221175915,-0.40049456183584153,,-0.09981280267416182,,2.0245320711340544,1.4226921580342173,1.2592311777759004,13.981815172670125,0.7417130137221211,2.2461222205063276,,,-0.9271481235949679,1.1110124067934386,1.1312312013794,-1.209853745743601,0.1512798313179715,-0.006467649167006595,0.02068698483509762,0.1879114663123609
329-U1368F-12R-3-W 51/55,26.330097278048385,0.14174920371845068,,0.14230369355280015,,19.125115572146377,1.2325754353213574,1.4043614518461904,-3.849495215175398,0.8716551420146601,2.3747416398356584,,,-1.4867663567866973,1.2397636913137422,0.852082149644362,-1.5371734272789084,-0.9253444736273861,-0.06936891025256431,0.028006914397262245,-0.05875652314266411
329-U1368F-13R-1-W 7/11,11.694834429315874,6.0017358065610535,,16.89628637272785,,12.143532970723186,1.7179411418875654,1.5285751539521062,1.277571033961661,1.3588340647169792,2.7433229953998595,,,-0.6303939996631396,1.630380351894921,1.436400884912267,-0.7421216471506042,-1.6715408358898527,0.011562757783238453,0.028317337488937583,0.8527276327193132
329-U1368F-13R-1-W 71/75,6.899308509006596,0.330295657647373,,0.5621987189960445,,5.580224276648082,1.491608307151897,1.5400093840421043,10.383401568267411,1.358840295141328,2.0554724818466426,,,-1.5783613665169849,1.031170331598858,0.8322017174961758,-0.7880335497506152,-0.6731657916506011,0.12666962957553407,0.01992472701866449,0.47697489803333326
329-U1368F-13R-1-W 114/115,0.9870414629999011,-0.17661588057400457,,-0.284020723807628,,1.0849703457179878,1.494134093923484,1.1122029483353302,4.637055105076327,0.7188958647241552,2.0241692688545676,,,-1.3991926591107298,0.8749889419124326,0.7608651623654445,-0.8168999535564652,-0.0003008959195707206,0.0011128774027477917,0.026787894319987404,0.3206467081022133
329-U1368F-13R-1-W 115/117,6.309042283971062,0.42298242251582696,,-0.19411173827161843,,5.748854651455994,1.2438574635060524,1.2832786614380804,2.41890560939006,1.2650053046443634,1.8996138065019306,,,-1.7268818086676934,0.7215932925109918,0.27161921113163956,-1.2236233459054802,-0.14421839987095186,0.03750500983724159,0.03428729338872466,0.11401253652013033
329-U1368F-13R-2-W 54/55,1.4951530933018682,-0.17477038553552182,,-1.6230235757148614,,1.5817409499328896,1.2748720236402464,1.1869194397184692,3.2161313111861034,0.7214795941362508,2.2062999326127812,,,-0.8660077604289516,0.8461239382668566,0.6711448292958586,-0.2835150671860447,-0.3206206635821802,0.05458333287223871,0.030330391894432734,0.3022496344043404
329-U1368F-13R-2-W 55/57,11.333520745131125,0.3313758841423262,,-0.10843994033020099,,9.853978688200609,1.2686535927329006,1.233892587582666,2.7485007064925604,1.3496983818079409,1.696717164693565,,,-1.7763697819997226,0.5550138026101674,0.4408709041732841,-1.0759013827864692,-0.31468284671635516,0.03706875565616441,0.027891079229821092,0.33177352576163344
329-U1368F-13R-2-W 108/110,4.943712697238054,0.2585347889830032,,0.1336685416844947,,3.576579793797238,1.3340086227099581,1.2587039296880178,3.916369883273865,0.6511013808017223,2.256824146700593,,,-0.5476638431457737,0.8897294777502758,0.6897586764929517,-1.1991384486627439,-0.3591392325910201,-0.13555418328786395,0.05404253562075201,0.19503696824763495
329-U1368F-13R-2-W 120/124,4.951449389874644,0.40110034906543324,,-0.9812785932235126,,4.294654823916401,1.654676271098145,1.643201655507573,2.855057705342177,0.8427575052906313,2.4110974003138477,,,-0.7148958545742747,1.1026982687826585,0.9776838348330816,-1.2984123019888045,-0.3548394778995183,-0.20163450368181035,0.050788367269674256,0.2509281416077691
329-U1368F-13R-3-W 52/56,2.323191823132336,-0.48723348606822015,,-0.18738968599502837,,4.574290152198793,1.4749990292263009,1.174403855537383,2.358731158444268,1.115546413658275,1.8723275240840298,,,-1.7213905974344463,0.7269412480897355,0.6893376991667584,-1.0514449022273027,-0.3703008959195708,-0.13834021110387384,0.029649757953450706,0.42194323148831536
329-U1368F-13R-3-W 131/135,15.909540109492502,-0.37869502620791096,,3.7336245805447845,,13.039908678474767,1.0853500783267043,1.3044733903124612,1.3173208547901352,1.159226452573388,2.0490231024404117,,,-1.9347623891973065,0.4987476461264304,0.17679879471781668,-1.947996009610378,-1.0031746345643286,-0.035975310361761714,0.0331827473998004,0.4677989622020835
329-U1368F-13R-4-W 22/27,10.236206522040977,-0.18446884987494605,,4.664292542848752,,9.904741469099099,1.3723672413206751,1.2956398514772935,3.2618403989065277,1.0589998633725664,1.9300311338173035,,,-1.4670115934939822,0.5544953438016922,0.5452521199653599,-0.9448004289374268,-0.800316233634458,-0.063834533692261,0.01739448493899401,0.5963592981720698
329-U1368F-14R-1-W 39/43,11.479276639455714,-0.28833577976609814,,-1.201604740769345,,11.650372339110056,1.5555677289241396,1.5122170658332905,2.5852566779917385,0.879800089019878,2.354157579110556,,,-1.2398169235549563,1.1508141009152002,0.8428668239501835,-0.44430599422848616,-0.9526855504820944,-0.09897942254450909,0.03426450045902993,0.37887292748906454
329-U1368F-14R-1-W 140/145,1.8027522302377461,-3.625561849807931,,1.8628234723901649,,-0.9733411658624922,1.297243141585735,0.18145150591889525,-4.635542350197548,-2.267615524604878,2.7796302732808815,,,4.050355195153737,5.113937689650745,5.0100942098156676,-0.7257000103965865,-0.40745839241282855,-0.29246094299442094,0.06073954322092165,0.9122074257363426
