,Rb,Ba,Th,U,Nb,K,Pb,Sr,Nd,Y,Yb,Lu,SiO2,MgO,Na2O,P2O5,CaO,Zr,Ti,La,Ce
ODP0129-0801B-043R-001/132-135,2.4522009728118745,1.8254268296993963,1.236555179025451,1.1740780737072727,1.6381601961668812,0.9489703707281368,1.8466433309444494,0.8500680563491362,0.8957111794523851,0.674520184922677,0.7247587463764906,0.7328883185691915,0.959561418062591,1.6245861838203832,1.0553193831283563,1.263771050307675,0.7941805530144472,1.0,1.0,1.0,1.0
ODP0129-0801B-038R-001/022-025,5.502014400155931,3.668678649857755,0.9928163315864172,2.2034742546199153,1.373895615100529,4.519026143802837,0.9405187900221128,0.2848475527856279,0.8472800985701076,0.7033506133541487,0.7262705515311499,0.6856243535974954,1.059686715041676,0.7062518632971139,0.7333522340569664,0.9560936532672429,0.18576838419751848,1.0,1.0,1.0,1.0
ODP0129-0801B-040R-001/015-018,6.528396725872338,1.4499329050552974,1.006588174293882,1.1380065330397755,1.138909887783077,3.832697754165552,3.5794465481554187,0.5660727465671433,0.883659173707436,1.5320698854634864,1.0969687800996817,1.0442694216583968,1.1636615130791974,0.3146924717086372,1.1326736324782671,1.3639896982463047,0.23940717059731048,1.0,1.0,1.0,1.0
ODP0129-0801B-041R-001/020-025,2.4133624511114085,1.1490256181043612,1.181501872946695,0.7924676730727066,1.0156207891121511,1.1339594738510554,3.9578944945196968,0.6839743790748297,0.879282240673426,1.2003596395400906,1.1748759407113416,1.306821019068119,0.9966961633371515,0.693413342918842,1.2436073869387196,1.0679203104820811,0.7545219169294568,1.0,1.0,1.0,1.0
ODP0129-0801B-041R-001/026-031,1.877968905925146,1.8183147500286414,0.9921631709272087,1.792255791707195,1.2449792231876247,1.011697162899825,1.9117608891769806,0.9348345302558031,0.8532192126597126,0.9844872017844932,0.9450195205264887,0.9305394445288252,0.9569573263986013,0.8109823707529439,1.2995138214518531,1.1461652891858745,0.8498612836155871,1.0,1.0,1.0,1.0
ODP0129-0801B-041R-001/130-136,1.9962280416408853,1.1682726057703665,1.11129980810781,0.9040509295177396,1.0607169543092823,0.9889455107010081,4.546783877367302,0.7699140950670262,0.8936376263608597,1.068733453068119,1.2105048486063412,1.4571306515365903,0.9751946698405148,0.7371509206797668,1.1964254038657514,1.0356071795072557,0.7901330114720801,1.0,1.0,1.0,1.0
ODP0129-0801B-042R-002/000-007,1.9439125071773413,1.3203211492748694,0.9690944546596515,1.0199339730722632,0.9977582197164142,0.8012635516334846,3.5351495487636355,0.9149803592388501,0.9202917756093602,1.0901553852963477,1.1804475970777182,1.2882712694936924,0.9875589160294824,1.1235159640009094,1.1444596407982903,0.8665321192965442,0.8683049947567039,1.0,1.0,1.0,1.0
ODP0129-0801B-042R-002/129-134,2.2145487581512198,1.6657145705247112,1.0052556124200107,1.0990030664412818,1.1091784072613866,1.004081222017233,5.055383318081124,1.1941343898427217,0.7497146215649025,1.0229351171441914,1.0227558574811526,0.953525700866417,0.9691270449108668,1.0002113543406883,1.1330508011971174,1.1964364297230445,0.7992731586268871,1.0,1.0,1.0,1.0
ODP0129-0801B-043R-001/022-027,2.2719642936130113,2.3624372836607583,1.080399758420494,1.334679886914368,1.1748235311179416,1.0580859891784948,3.2022855064008238,0.7795095866813622,0.8249998545023736,1.015749761577904,0.9638666954562798,0.910176990036014,0.9582467314173507,1.1220601862688089,1.3943526271641025,1.1551047456777215,0.6181830704851646,1.0,1.0,1.0,1.0
ODP0129-0801B-043R-001/128-134,1.6094957097740543,1.3598424595154774,0.9406441554194229,0.8711788346883546,1.0265282681611685,0.6846196311305565,0.8828468954960066,0.7531528419232368,0.94062594355554,0.9987448958449284,1.0133628412283948,1.186518927029288,0.9215578355052374,1.4677350939838696,0.9518212323042289,1.03409674173355,0.6544151483205446,1.0,1.0,1.0,1.0
ODP0129-0801B-043R-004/005-010,2.8694258410548774,2.1285778831723614,1.1101792959904293,1.0915804756895724,1.1567833057044006,1.8070923441030886,4.991164999271202,0.8215794646788039,0.6866229459948546,0.9143517076366855,0.9181638642625432,0.9276431839574252,0.9846827357698401,0.5335697645889309,1.3140103974792536,1.151236791688814,0.6318602019388052,1.0,1.0,1.0,1.0
ODP0129-0801B-044R-001/018-024,2.442412257157393,1.3018466600639582,0.8835840976941188,0.9168696103698603,1.0122382207656055,1.1735089916627603,4.305709261312137,0.8654051827853122,0.9056768813582297,1.0431771909223237,1.0667435792112887,1.226047242671812,0.9367770442686328,0.4882393473635848,1.2740600160716533,1.0260312494458612,0.9742441027506298,1.0,1.0,1.0,1.0
ODP0129-0801B-044R-001/107-113,3.9673639267010485,1.763671203797183,0.9897767984715642,0.7873731400466027,1.1727813258144044,2.6305371350365343,0.6654887420599228,0.4739455280884916,0.7907274665555111,1.0445922006770314,1.0425395342319919,0.8773912813321861,1.0305079200684744,0.5093994984983854,1.1115952951899788,1.3511335193998528,0.3941310681247242,1.0,1.0,1.0,1.0
ODP0129-0801B-044R-002/027-032,3.4225698967121447,1.8675501218489194,0.9098710850773342,2.4635348202547336,1.0847505940791888,2.6295756546913167,4.1232656628787545,0.5425423131351663,0.9147708843249973,1.0067432226384276,1.083197448398659,1.206144169400193,1.0891823246601497,0.5127634708862439,1.073484084382312,0.9990822279822137,0.3541955900059978,1.0,1.0,1.0,1.0
ODP0129-0801B-044R-003/028-033,2.1837565535788075,1.801084925443582,1.051667362046805,1.3290648131329512,1.1749312344876686,1.231139083960245,7.690484888255948,1.0169967212676563,0.9337588168057671,1.0663253650805662,1.0345461124252975,1.0397923966510036,0.9961547497960348,0.6486630818707222,1.4043008527347993,1.0474406774924703,0.7407349008172772,1.0,1.0,1.0,1.0
ODP0129-0801C-001R-001/014-020,1.6502003893570445,1.1577376527970986,0.9213408327832859,0.9451715352504879,0.9998982059931676,0.7309685106717689,0.4372894036236868,0.8898231020830297,0.8865814724695456,1.0749973932659604,1.0123328709127353,1.2359990119833983,0.9295275529020807,1.576494335330424,0.8762743317927881,1.137949964321552,0.7243378974641642,1.0,1.0,1.0,1.0
ODP0129-0801C-001R-001/109-114,1.982860567621633,1.8501943307070705,0.9916611465798719,1.23240742138183,1.1790395402817062,0.8899247545783993,0.7685981714790231,0.7194973878832195,0.8956556957935903,0.96985974706623,0.8838378128471802,0.900928535823005,0.935651745748768,1.3451721749769372,1.1931554047157475,1.36229965219008,0.6450229990231997,1.0,1.0,1.0,1.0
ODP0129-0801C-001R-005/033-038,2.2569528982335805,4.250250727631534,1.0210373358920826,1.4503964240497953,1.1742522067213452,1.2894145348821398,3.623980099722111,0.922455248713514,0.8785128200752402,1.0272793421706863,0.9787159283463623,0.9810472451951753,0.959677722433964,0.7952368425440722,1.5749842195156518,1.0427556558627125,0.6775875847016213,1.0,1.0,1.0,1.0
ODP0129-0801C-002R-001/112-118,2.0927502553640167,1.4975636816011355,0.7668555079788117,0.869510884055502,1.044492748657125,0.9571538785461533,1.6260150220310463,0.8494550463565792,0.8929934071024381,0.984997529952072,1.2032770965707222,1.3286187800766578,0.9491357566207286,0.7953200795854289,1.310604430245496,1.0956152975159152,0.7242904098193461,1.0,1.0,1.0,1.0
ODP0129-0801C-002R-003/114-119,2.443490278192905,2.0206322357067084,0.9593108553217516,1.6494150309370075,1.1012758700270857,1.2801527779571549,0.7814564389038963,1.0174791652583872,0.7175307103332713,0.9622060767753033,0.8588309232242336,0.8689155320483211,0.9444868883168531,0.7499290490305255,1.3364053454735607,1.118032137310684,0.6466140267951654,1.0,1.0,1.0,1.0
ODP0129-0801C-002R-004/071-076,2.2605566747175305,1.4320820422198892,0.7826345935414062,0.9158343948349972,1.0096193049439859,1.0337243244238117,1.0921910193390791,0.8827037405547209,0.8893404829642166,1.0148930151112874,1.1404031482961647,1.2564350012698784,0.961781785602671,0.9348251491560454,1.2889297008328395,0.9767479679455966,0.7114367223416543,1.0,1.0,1.0,1.0
ODP0129-0801C-005R-001/103-105,60.946373578953576,15.645223631004708,0.9256612785258532,7.311047523678127,1.3317462666757525,38.6423459315257,2.2747924644936464,0.9042915510516626,1.3988571300381871,0.8067421785650764,0.5899699284628336,0.5323421601143469,1.0460767125153256,0.23255566478785497,0.5762603319405336,0.2089075423651613,0.4495577890358291,1.0,1.0,1.0,1.0
ODP0129-0801C-005R-002/087-089,36.86921413529441,2.706169684751209,1.4025403474685307,5.651586672038233,1.9060633594275185,5.889351688589567,2.6823573753867564,1.9965325705227857,0.9904912533189267,0.7151473670364228,0.6721832178699021,0.6093548442629415,0.9108452517619603,0.393229986070422,1.3278851280916035,0.21800751428031867,1.1471548999542167,1.0,1.0,1.0,1.0
ODP0129-0801C-005R-003/038-043,4.58555578953917,2.148070305746443,2.2034336951459137,4.343066968935398,4.330662923228716,0.36542535283338123,2.339973034367896,1.6733890285216744,1.012968547425015,0.8472768195878919,0.739295324122625,0.7196661530205005,0.9239698924517589,0.6166888679988921,1.2063483152054593,0.7428131984263233,1.1221539305187251,1.0,1.0,1.0,1.0
ODP0129-0801C-005R-003/125-131,10.722494106443284,0.32568791871949565,0.25177110352193555,4.876628892090018,0.2545154032869358,4.390408552498905,3.9760909299221305,0.6998744121401657,1.3764802862926215,1.9544433600077833,2.0530879518110092,2.201333219362486,0.9232251102473756,0.4987377659345593,0.6041965635245803,0.5096531776817166,0.6439067237705086,1.0,1.0,1.0,1.0
ODP0129-0801C-006R-002/029-034,6.412254194249765,2.2424155355459545,1.6926947235005068,7.2242614201961235,4.282995250948906,0.5343526367320613,3.8311808040506627,1.226506442158945,1.120045510136753,0.9738411896179052,0.9315273884132789,1.0144712576757036,0.9589819554737907,1.021779662804233,1.0769512398303067,0.7603961792895368,0.995862387796061,1.0,1.0,1.0,1.0
ODP0129-0801C-006R-002/119-124,2.1674158614846153,0.8578848846062284,0.4138519255847741,0.3782073908229485,3.125442206328463,0.11125648632474236,3.47549630654256,1.2324341981467437,1.2553522852239762,0.961830020760789,0.8759312817315481,1.0199723460753856,0.9338715543112827,0.9086331406510133,1.050250490001061,0.11909882822978886,1.1205565436887124,1.0,1.0,1.0,1.0
ODP0129-0801C-006R-003/037-042,6.747978675803283,0.5107353652238562,0.19669714162443097,11.129468174725586,2.380453222911577,5.139908459658449,7.217809315097013,1.6242881522105332,1.0785539954695373,0.7616795877408264,0.6514642248625735,0.7547895998358094,0.8059225222743718,0.3342595536018987,1.2747679849972182,0.13874586262573113,1.4517258283454935,1.0,1.0,1.0,1.0
ODP0129-0801C-007R-001/053-058,0.3846600837921896,1.458914626645644,0.666893660169914,0.6886168664814516,1.7783863712889376,0.1532096573053648,5.095744015795482,0.7930328829316587,1.0356784408803852,1.2448041171250142,1.1439328761803012,1.3161217844422561,0.9764321027169675,0.9686090929684129,0.9508152597838927,0.8517909779039388,1.0141188874189415,1.0,1.0,1.0,1.0
ODP0129-0801C-007R-001/099-105,2.0626366418246023,2.6162461657985494,0.8362396575449719,4.229221006048112,2.705876774414257,0.30624477690658647,10.207602740130588,1.232720311074383,1.1475633821002624,1.0149701900523231,0.9869548100037686,0.9885841069349938,0.9303482854172255,0.9442194524049313,0.9872944002095746,0.8541642976677185,1.098909423148177,1.0,1.0,1.0,1.0
ODP0129-0801C-007R-003/000-005,15.271148995680539,1.4865121102895524,0.8009054460019042,2.605052951592665,2.218173106443777,1.708428135316418,12.584550913923646,1.118174691732022,1.0065916558788555,0.9864032648909182,0.926298347356005,1.046652604936684,0.9394379650950729,0.8879129921679421,1.0170980161461467,0.5878491810277314,1.0221226843071696,1.0,1.0,1.0,1.0
ODP0129-0801C-007R-004/077-083,3.942996092021484,1.818796186335632,0.808109337058067,4.375884910685388,2.7436813368913215,0.3743795238836849,14.123407654177859,1.2611588757145529,1.0222689574058281,1.0414802508925431,1.0376971598638924,1.023574399355682,0.9693116700463055,0.9856253688779948,0.9905096839004044,0.4880927165597582,1.1133202717517203,1.0,1.0,1.0,1.0
ODP0129-0801C-007R-004/137-142,1.1596464261255504,1.9992590822970098,0.7246265756219066,0.6890202234451279,2.3300745861245815,0.300365000286382,7.35100066807357,1.1318021990158322,1.043661284924525,1.036729145722811,1.013550564285672,1.143765878957142,0.927229217555436,0.8907348707315519,1.016501704515697,0.5279570369691006,1.1180088212291033,1.0,1.0,1.0,1.0
ODP0129-0801C-008R-001/065-067,55.85426038825424,3.0973473481448326,0.9165685993330382,10.234213237272517,2.473159392129978,4.617609419712182,4.011495092397457,1.4196495436194752,0.9313366845315804,0.9068218086722505,0.8033200213734922,0.7833794408241321,0.9298446158609143,0.4473001710170437,1.2460125440029504,0.6374969318801101,1.053842222876882,1.0,1.0,1.0,1.0
ODP0129-0801C-008R-001/101-106,2.6699822683719243,1.0167315102546624,0.7761300831852783,0.6948424142024395,2.3868874976588286,0.35386710007608496,7.524574543720025,1.0792690947950656,1.0150281016533385,1.06214896783592,1.0382536315611604,1.1711160512541774,0.94284225579613,0.9338128206812022,0.985956373938931,0.5309247621897881,1.067833531518774,1.0,1.0,1.0,1.0
ODP0129-0801C-008R-002/078-080,4.687742600240695,1.584010876054391,0.9174064496222897,2.2869990178123896,3.1903024707143146,0.42757384060637793,15.427628162008443,1.3337183114218178,0.9908854289934981,0.97800678384734,0.9974258937885025,0.9623892431957369,0.9429492212997487,1.0388575637497113,1.0032548077907586,0.8474560601714523,1.2005340181036757,1.0,1.0,1.0,1.0
ODP0129-0801C-008R-002/133-139,5.44570916544665,1.7491572972220404,0.5459999328345788,4.595537037876628,2.0359570151368334,0.47072055588257494,12.463727001528625,1.1834299613273067,1.0754751036103747,1.0568787243088342,0.9847276278542154,0.9964149998022096,0.9579554341727851,0.9422326398653086,1.2583772643408389,0.9329853007871445,1.094317892237562,1.0,1.0,1.0,1.0
ODP0129-0801C-009R-005/020-024,2.7935631090129465,2.3526952834501476,0.8333335935504201,4.135365649815276,2.334186833080961,0.3091735607938989,13.594493326843965,1.1871366262255318,0.7793626945869704,0.9973414017013329,0.948916836159214,0.9518722820333317,0.9772309106304055,1.0143977290800217,0.9910047142001202,0.3770238668681475,1.1382319577692508,1.0,1.0,1.0,1.0
ODP0129-0801C-010R-001/055-060,2.3613409707875315,1.4463338782652104,0.6617150668841895,0.5808040310243676,2.6318156261025485,0.4096899636139006,14.831682308445814,1.1026668605704015,1.0400821942847083,1.0307043758786523,1.0154438589942727,1.1211459780720254,0.9747333440263186,0.9988786183427576,0.949383471174938,0.41772157613295086,1.1462183282138814,1.0,1.0,1.0,1.0
ODP0129-0801C-010R-006/067-070,3.4886722255118645,1.050617114923506,0.699636913891413,1.3218701955127157,2.2417815608266496,0.46550642818205695,14.443945559465664,1.330141400570272,1.0191743310292847,0.9610631954349405,0.9730264965047973,1.0823710814816807,0.9624348327213816,1.0048836078804417,1.037301758642659,0.37951369540464025,1.1615646907901356,1.0,1.0,1.0,1.0
ODP0129-0801C-011R-002/121-126,1.5374750945392712,1.9386880456921836,1.0663709329166495,0.6350352184403809,2.5218801140500378,0.19960566060878054,14.766261226745167,1.3326842491739685,0.9386573406936306,0.847129177724483,0.8818674103464914,0.9637086595074347,0.9652698410482653,1.0664992911342777,1.0085398958452283,0.5573984111275011,1.1319938820936932,1.0,1.0,1.0,1.0
ODP0129-0801C-011R-003/121-126,4.502985718791968,3.3566635775131,0.8743749469424055,0.9225781879127974,2.7324020591803295,0.4668416424860094,9.601330046335462,1.1182854374046038,0.9910220987141343,1.0560226752491897,1.0029164599681206,1.138567044648865,0.9164461022325519,0.7359068006040025,0.9291975234930366,0.5393054897283892,1.165352771468576,1.0,1.0,1.0,1.0
ODP0129-0801C-011R-003/131-136,7.219653049952473,2.0137526152298233,0.4660613357321294,6.326207507935454,2.6552261299302446,0.5735354030177611,17.434313266858325,1.212990062455721,0.8746920167157374,0.9743675281712522,0.9741917934330603,0.9268381164995675,0.9419134854905366,0.9308467182349155,0.9596864492580426,0.860636654667783,1.1348426994774923,1.0,1.0,1.0,1.0
ODP0129-0801C-012R-003/032-037,1.6650778303935378,2.6827263393898724,1.0641473509607053,6.518108952267844,2.770243186006746,0.22418042004042607,10.426899273124917,1.190852688237747,1.3338428793654564,0.9187725421043946,0.9114346707791815,0.9221486420582292,0.9668802055667682,1.054700974125956,0.9968158691157616,0.7086629863874392,1.1161359033106402,1.0,1.0,1.0,1.0
ODP0129-0801C-012R-003/057-062,3.86489975643095,2.1229870781335802,0.6794555840888856,4.144965855653734,2.143478637069991,0.38271160853716574,11.690120236342064,1.1724543217455987,1.0411120226824795,0.9474502991271307,0.9757448349430994,0.9775020304289614,0.9723938496604039,1.079313448099546,1.0137431670366894,0.6250100943714924,1.0679361651270356,1.0,1.0,1.0,1.0
ODP0185-0801C-015R-007/031-034,2.6602963559809876,1.4438175496433534,1.6529349597412966,6.334448045692075,1.4587407925522267,2.0627665552065677,1.5139834225036923,1.3969227304510021,1.035981952073499,1.1348782071668588,0.8674555517783896,0.7802607668493726,1.0129750476892985,0.34465401231754067,1.2759713486718158,0.9250865168508929,1.513924243387305,1.0,1.0,1.0,1.0
ODP0185-0801C-034R-001/093-096,4.7796598953028,1.1920151146489752,1.637427918075172,10.4927167096542,1.416486474235463,0.8144506518202606,1.247532713622703,1.2150951273223887,0.9800306188164981,1.152623883630975,1.0407858085133666,1.0085855151260588,0.954209488755992,1.062926113722802,0.9988181957303879,0.9066032036800903,1.0294503769294894,1.0,1.0,1.0,1.0
ODP0185-0801C-040R-001/024-027,37.91733023922218,0.6923910443708308,0.75877635745719,16.75866698157982,1.0336129424208127,3.566597455831844,0.6366811959552189,1.1358287372986933,0.961733711931615,1.2202706885289922,1.0235984097499558,1.0405409060633672,0.8306791826860573,0.8489683787942623,0.76052549299828,1.0481479342227156,2.165596850677955,1.0,1.0,1.0,1.0
ODP0185-0801C-044R-003/023-026,6.833477186612175,1.5003498982443868,0.9629384202885949,13.549824572393522,1.188896900135749,1.046908066579864,0.6344779537883954,1.1845560289550479,0.9952838523349579,1.287605569919514,1.0393334233803915,1.0789240158949802,0.9409645560231636,0.9820865191324354,1.0972228048533414,1.1288458897609432,1.1717628692355226,1.0,1.0,1.0,1.0
ODP0129-0801B-037R-001/036-038,5.596781660888853,2.6518932396724684,0.9190616842608377,1.710997467704337,1.3832592293213184,4.665105424453695,1.4500877151820617,0.3027945814393933,0.9209150518387232,1.2484889086257374,1.2301267231875714,1.143253670881087,1.236722342678742,0.4133415293064627,0.8212105473577682,1.2902740062269629,0.12707458900069016,1.0,1.0,1.0,1.0
ODP0129-0801B-041R-001/026-030,2.486270690608257,1.9396094530659693,1.316528616693748,1.1970750355799533,1.4781269522115161,1.0740218146396716,1.7080156801218744,1.1055222093759123,0.9180457386297071,0.914113228090409,0.8970468819374482,0.9292211672930183,0.9898977574533061,0.8880181209614062,1.117741919902797,1.1738439411475676,1.009518609147209,1.0,1.0,1.0,1.0
ODP0129-0801B-041R-002/074-079,2.6244108185598436,1.7724067607708984,1.2862884953461906,1.1198699982723106,1.4703879726321845,1.4039466883785745,1.7345232426522448,1.0513256390516887,0.9295050782841184,1.0393738762501599,1.0655313659334584,1.120785747701523,1.0154044096772976,0.7656688118585414,1.160237251705953,1.2172668763729357,1.0042843479382315,1.0,1.0,1.0,1.0
ODP0129-0801B-043R-003/111-114,2.415171939020043,1.4719045254630394,0.8441856123711311,3.0629938726244594,0.9954829366593431,1.3941048529684459,1.1029170399101567,0.550520047317843,1.0377625313394134,1.642648828719128,1.3992818626418493,1.5843429355911458,1.0081824148362528,0.8895046839933635,0.9494178071257006,1.3132802594908177,1.0434124213110112,1.0,1.0,1.0,1.0
ODP0129-0801C-001R-005/033-035,2.6768682755248343,3.127054840100466,1.3280139049252926,1.239954835648231,1.4564037746381175,1.2094805593945546,2.075870003325346,0.7439155241129232,0.8928735395221863,0.9641349981626829,0.8986231782761709,0.9242476709340551,1.0031886958883347,0.9150264080884597,1.611913373319557,1.1932584836454254,0.7879508966387591,1.0,1.0,1.0,1.0
ODP0129-0801C-002R-005/024-028,1.5383691761222005,1.107243835151919,1.3950489951707554,1.149536033279406,1.4016643838772103,1.194458440155712,1.3255014705542703,0.9380524341412848,0.9203453054580447,1.1187510518254737,0.948477368919689,1.0008487868129066,0.9242066353452737,1.7208780285338072,1.212688036651809,1.1438119741829742,1.6233149759655612,1.0,1.0,1.0,1.0
ODP0129-0801C-005R-001/095-098,85.11614400264875,23.427319044213792,0.255535223869836,4.435042627507323,0.2776618119684218,66.92448728216333,0.9469701404783587,1.1134414745900714,1.0716568704451643,0.7649121440254869,0.5761086263924117,0.5727587796412487,1.16018617612268,0.2549703562655004,0.6577093836643931,0.9703947609130997,0.4289487166349608,1.0,1.0,1.0,1.0
ODP0129-0801C-006R-003/042-045,14.397351371558873,0.24878042856770952,0.5512455139559703,4.921478646058249,1.6337325582295774,6.530856215074675,0.5030486513557236,1.223600008716972,1.131069911929728,0.846836282959486,1.4472065144392792,1.5249847233201757,1.0044757302704972,0.2766291345294722,1.3465334622940797,0.6819428708413805,1.325102904985319,1.0,1.0,1.0,1.0
ODP0129-0801C-007R-003/043-048,20.576486039120017,1.021040808622958,0.2878280184888379,14.158724837434816,0.2900361627119387,3.1039685124141094,0.7265915404528753,1.4287417970642575,0.8577918879217515,1.1282888173448522,0.5708890301669995,0.5866857408405205,0.8417304465480263,0.7858362798863021,0.9853577709739916,1.4728727799695827,1.88289403554233,1.0,1.0,1.0,1.0
ODP0129-0801C-009R-004/001-004,0.1461677435137624,1.185052674615483,1.3138182018905213,1.0251600090591255,1.1584118621795876,0.19999704406951244,0.3099223038927703,1.2495678407188302,0.9823569154040372,1.0086767910228114,0.9236137261369219,0.9270758642600423,0.9694629871925545,0.8323652889094869,1.0160595560884276,0.5662564532508689,1.1999006504634966,1.0,1.0,1.0,1.0
ODP0129-0801C-011R-002/145-148,15.438960510650935,1.2798431556700431,1.2584715763260375,1.0958007637317149,1.3406307713327115,0.9242203674715115,0.8365021423939771,1.2392878910059288,0.9580771851387648,1.042393916886697,0.9676459524847157,0.996627066576019,0.9474946328356489,0.762459314711612,0.8892445796668724,0.49605501848697303,1.354263676432529,1.0,1.0,1.0,1.0
ODP0129-0801C-012R-002/111-113,3.169698579549753,0.9073994394865111,1.082528416963079,2.309279821408285,1.3144629821998677,0.5630342453053033,0.7314488676349693,1.5559238012065248,0.9466521381941346,1.1275718696963224,0.9540058848540502,0.9729766518546217,0.8381408633381441,0.8628758746270377,0.825426412659022,1.1597031645794709,2.009157146223177,1.0,1.0,1.0,1.0
ODP0185-0801C-014R-001/086-088,1.0205979790842705,1.640974105051346,1.5003730597399658,1.1494949389614195,1.6392015056950922,0.37959840951614654,1.456698720785494,1.1963840182335839,0.9726717034953563,1.0313252152189127,0.9627787190425627,0.9908415351229748,0.9585205745052505,1.0090910326232194,0.9584117315960389,1.1281447904933288,1.1643773709023195,1.0,1.0,1.0,1.0
ODP0185-0801C-015R-002/117-120,9.835164350813134,1.7376929000335923,0.8885139324763326,5.367294538293973,1.3789105884562185,2.11961124657918,1.0584376667355817,1.653860964115315,0.9585786216922093,0.9489734345977199,0.7566849657409788,0.7676534155452633,0.9949992919090656,0.6832581648042875,1.2672565067176729,0.9113613757248482,0.9712190451098447,1.0,1.0,1.0,1.0
ODP0185-0801C-015R-007/096-099,3.0114381167509454,1.3523577875874893,1.462245671552477,2.6394235075941768,1.4523290379488734,0.8750675060666263,1.0838635460305979,1.5006304429082458,0.8897957695295018,0.6140054464304187,0.6649237725784394,0.6300174775852471,0.8737910911908853,0.8842866346602203,1.0991014001595714,1.139009575130639,0.6331781296335041,1.0,1.0,1.0,1.0
ODP0185-0801C-016R-002/027-031,84.60430308250211,1.1753824513875697,0.8990187231964434,8.612962848045672,0.8219220485901123,12.670156360254014,0.9110856065197349,1.2419846763768865,1.0533129581927834,1.418127942648229,1.050126328171799,1.094953444317446,0.8448273163516108,0.7961236735568439,0.7627763459848091,1.2642426953405437,1.3029129397309736,1.0,1.0,1.0,1.0
ODP0185-0801C-016R-002/082-086,21.717936500810403,1.2635138218194812,1.7727871408298512,4.669800860798379,1.3493740400463918,4.159228219094688,1.5565077292303886,1.7969989434497777,0.9815922160460907,0.972376795839065,0.8596422330092949,0.8348799102579734,0.9832074055326526,0.4885240209381941,1.1839717146334152,0.9806023602133376,1.3638223357256476,1.0,1.0,1.0,1.0
ODP0185-0801C-016R-005/062-065,2.0176210900179266,0.5602304786031536,0.7601692235602314,15.510524844581946,0.8814943320836548,1.2273060177515145,0.6206877063902455,0.8236882132499513,1.074874383293927,1.1309514924370196,1.0878619330728536,1.1576003155862413,0.9365243341084571,0.3725246731423876,0.680561875028253,1.581291485603968,1.8884803756234017,1.0,1.0,1.0,1.0
ODP0185-0801C-018R-001/064-069,1.049830418082044,1.3241109298751494,1.447681387435365,1.7229404339033652,1.3819387827586125,0.4650333255126505,0.6758271474003437,1.343300997725052,0.9979912129539585,1.0479454821075027,0.966831821166535,0.964908075688523,0.9507182942896154,0.9874142042483866,1.0133109480646907,0.8040907537346282,1.0803920081397884,1.0,1.0,1.0,1.0
ODP0185-0801C-021R-002/086-089,2.7096665276274114,0.4795863177423471,0.7422754555178258,8.68033724056342,0.9236984296981947,0.5480473469024852,0.42937676037058947,0.9508808281227548,1.1098714158452938,1.48607420314293,1.3268702946907438,1.4459619283238887,0.8614826150172328,0.8267492133341395,0.8642329815269184,1.1603715314487886,1.7329199069105354,1.0,1.0,1.0,1.0
ODP0185-0801C-023R-003/080-084,0.4929293577469015,1.0335241304832892,1.4562649699912311,1.4051428110819177,1.3941513759865112,0.4674238785192646,0.652439814174723,1.2170690647994544,0.9795231602206208,0.9764342166532586,0.9681995026743099,0.9683150485231495,0.9618137860990014,1.0349357959951173,1.0703708107731178,0.9016910517925547,1.050791608109114,1.0,1.0,1.0,1.0
ODP0185-0801C-024R-001/046-049,5.826944762397824,1.0220814466920478,1.463237929287477,5.124406732902301,1.4826230627678547,0.5874487701061061,1.1202220931549698,1.1504429634602626,0.9971225379799316,1.0677379198078094,0.9806926446022295,1.0509244547317176,0.9544156093362863,1.0078647320728589,0.9944643443932464,0.8300610581685742,1.0066886703447029,1.0,1.0,1.0,1.0
ODP0185-0801C-025R-001/010-013,0.3110286696990351,0.9232195773469973,1.2417545678711297,0.7926964290628112,1.2967368207921024,0.2392712027329739,1.0506399074148092,1.1584628391171998,1.0173080345045002,1.0928332570209303,0.995148125184263,1.0673571547757512,0.968296155477279,0.9835978473482917,0.9594243772030275,0.6851874660638456,1.0972333302722728,1.0,1.0,1.0,1.0
ODP0185-0801C-027R-003/066-069,5.014637123428905,1.3535587822259594,1.4449020817503677,4.336302190647713,1.4933326999304632,0.5992847158471966,1.036552833400293,1.2419563238054943,0.9772913462214989,1.1072847013045473,0.984633974873969,1.0058573634365267,0.9501962077896793,0.8109636791360535,0.8782121534146118,1.0611204713300708,1.4002586780065425,1.0,1.0,1.0,1.0
ODP0185-0801C-028R-001/110-114,5.304411655311511,0.8188753546300928,1.0809095810976725,1.1911425741044013,1.1353497222198305,2.1174124303260795,0.7116245088292324,0.9964016848903108,1.0603306391062788,1.2409120853843019,0.9394357245919662,1.0099651873278988,0.9671398972275008,1.0955475918677233,0.8835501500634141,1.2162660993879457,1.129532080773511,1.0,1.0,1.0,1.0
ODP0185-0801C-028R-002/036-038,0.3117395164982349,1.1841494580958287,1.3421924709590694,0.9744406495181541,1.431530636582884,0.21932262125389151,0.8814365285772083,1.1586188721964854,0.9917257511072275,1.09264160978751,1.0031274221247977,1.0391129257958642,0.9753458719898661,0.9783663497381958,0.9032837667653765,1.0448244600854795,1.1232974731763814,1.0,1.0,1.0,1.0
ODP0185-0801C-028R-002/100-104,10.664007799178668,2.126528282688514,0.7556517853077371,14.493831509623227,1.179825412441762,3.9042831672515277,0.6945817985381032,1.102971940035576,1.0193414273685009,0.9614384256430174,0.9819513505250985,0.9969093800485005,0.9349635876661283,1.0135952296915973,0.9005920115202969,0.9279072657386602,1.247700636037673,1.0,1.0,1.0,1.0
ODP0185-0801C-029R-001/016-018,0.8187718875523337,0.7267493021535527,1.4855023186731433,8.731430536743886,1.2896851432686602,0.6035152006252058,0.6691442145996004,1.2789376860345918,1.0031702024733702,1.1262099555436935,1.0623095677144776,1.0523956749167827,0.9436676558981113,1.0308502095594652,0.9583815305665928,0.833973390006169,1.0985973310539614,1.0,1.0,1.0,1.0
ODP0185-0801C-030R-001/003-007,34.265375771329076,0.899476483007117,1.393058094458023,2.4378154954785436,1.349073511401287,2.3446032751869503,0.8446776164381408,1.2856515647046547,1.0208116678969257,1.0928873202543397,0.8436956354465989,0.835221257683593,0.9403265977505326,1.1004423009733826,0.9897241842256648,0.8978959429385973,0.93404687680759,1.0,1.0,1.0,1.0
ODP0185-0801C-030R-001/111-114,1.0206370015429331,1.064928667895863,1.3017673835527697,1.2153711385015866,1.2225559569095208,0.31319487728946255,0.21750893273601518,1.1142275053845994,1.0222707017930375,1.0702597046938005,1.0360173297641295,1.0443547185366135,0.957850958334362,0.9492315339705447,0.920855432305937,0.8231032069464532,1.1042067281221983,1.0,1.0,1.0,1.0
ODP0185-0801C-030R-005/039-042,7.591655842707087,0.6975223768162642,0.7565129273490764,2.934802017124729,1.1250174699655262,1.1609081805891,0.38592575729273954,1.0509701703038543,0.9971106221049091,1.2246415244773796,1.169109810477052,1.1859156259522396,0.9430430056276962,0.933013413646542,0.935062280974585,1.0703516702651898,1.3447266532047784,1.0,1.0,1.0,1.0
ODP0185-0801C-031R-004/043-045,0.5478982083989061,1.2185282348131785,1.3275632164775402,1.01482170046838,1.2399730120161228,0.2702514004083763,3.8679960828891673,1.0845321823062746,1.0222707017930375,1.1139076866926612,1.058808318121309,1.0822428798725923,0.9695673656798126,0.9201639998327004,0.9326726136421534,0.8450992586763769,1.1261909344739522,1.0,1.0,1.0,1.0
ODP0185-0801C-031R-007/007-010,24.063893377305526,0.753483141499626,0.785579759334764,1.1657035139032734,0.8776083895586091,1.5427896233047291,0.4423565460642329,0.9882254305469936,1.0054070011530423,1.301105986901385,1.0039820224062939,1.0199973476293358,0.9768298332792213,1.2103686779582818,0.8097924400438781,1.1314506462036187,0.8455213990712985,1.0,1.0,1.0,1.0
ODP0185-0801C-032R-001/121-127,79.82361761712285,0.8051676745053445,0.8072419516951963,0.4781999544437072,1.29591383644016,10.691424917626867,0.4245142608045364,0.7433543683821229,1.0644637305579971,0.9701687644035311,0.9427287044047304,0.9737297622629459,1.0203222434890198,1.1435157437667602,0.8251530311480767,0.7766107236259839,0.5837569837597806,1.0,1.0,1.0,1.0
ODP0185-0801C-034R-002/036-040,22.854885851025983,1.1438620844957739,1.3183881025078572,5.527161567189465,1.1624056566161702,2.3758502088343914,0.847743835957711,1.0765244315804532,0.9950710118287066,1.0892632655277348,1.1425650889347754,1.1878724224826613,0.9747037461033256,0.8917173805907808,0.8803442862301668,0.8764662405868507,0.9184516906479857,1.0,1.0,1.0,1.0
ODP0185-0801C-035R-003/100-104,1.4462677699886797,0.7157008196847104,1.1036250798826672,7.1365247630794375,1.0455510837600883,0.5368920056765227,0.7226224051719785,1.0932605715871826,0.9902556140091373,1.274244101442494,1.1810849746227154,1.1887772866009318,1.0061486608264842,0.9178930623366522,0.9280815421681319,0.988195326827603,1.0885552862255297,1.0,1.0,1.0,1.0
ODP0185-0801C-037R-004/106-110,1.2467355224084138,1.4349307659396604,1.5646117922060065,1.3538088061840197,1.3962707012235025,0.47779934582149003,0.1769314991414779,1.0621212892329701,0.9859559001454691,1.0601193340537685,1.057547401386895,1.085624281148696,0.9798608952621979,0.9147459774207213,0.9410086173295334,0.7923624875638443,1.091394162478388,1.0,1.0,1.0,1.0
ODP0185-0801C-037R-005/112-114,19.09408779927615,1.6382759696843412,1.1164524897161516,2.9464172875652905,1.185015831448274,1.737942935998106,0.5048508578933969,0.8948425619411776,0.9972255088702202,1.1108941918260877,1.030375859356683,1.0767753757831495,0.933537110221146,1.234546591020321,0.8753047150673835,1.2000961400635164,0.6565552537569661,1.0,1.0,1.0,1.0
ODP0185-0801C-038R-001/022-027,9.174055437956463,1.398342269050739,1.0702649651117015,7.2956649148245445,1.323975569846297,0.982744589504444,0.9990573944180233,1.233396609030747,0.9764331061661069,1.097561823275043,1.0117852317248157,1.0432182858525503,0.9249377767240551,0.9010243299001625,0.9140530695351983,1.0020185532297816,1.5096035714669835,1.0,1.0,1.0,1.0
ODP0185-0801C-038R-003/053-059,34.31662778873032,1.2513350887103818,0.1366220969773314,6.666687949685562,1.0635923225269868,2.609460504740576,2.882864802227432,1.0830924434897922,0.9507451111515604,0.9427185134389126,0.872075936766834,0.9178930540120624,0.951519947443217,1.5369627808315596,0.9649595900420705,0.8850203660433429,0.5165884121656027,1.0,1.0,1.0,1.0
ODP0185-0801C-042R-002/034-038,11.194713777240741,1.3258517601237365,1.2176250219586218,9.168344259739154,1.394493998557614,1.205814053609754,0.6368126133190175,1.2118599925619526,0.999100790156118,1.0861051740499397,0.9454935662580434,0.9387595931064127,1.021438246297489,0.894091056678221,1.015478891620079,0.9747695137663965,1.0181413051640942,1.0,1.0,1.0,1.0
ODP0185-0801C-043R-001/013-015,0.8464382788629703,1.2929767809494812,1.1869606382141846,0.9622160128323056,1.3235404457121964,0.3439707267535637,1.4449887275504385,1.1406832307085573,1.0172853853293677,1.054681673695802,0.9956084317576281,1.0506156530137876,0.9658028535459136,0.9619094647187122,0.9954121125030309,0.6841862245224504,1.0821536874747306,1.0,1.0,1.0,1.0
ODP0185-0801C-043R-002/101-104,75.54117202007933,1.1836556796404067,1.1187048067672785,1.8797911377289875,1.2465834552082047,8.76424942519289,0.5809109112940809,1.0265551064682938,1.003556274826915,1.108580841112191,1.0401749527575088,1.0615432021905393,0.9753268997500543,0.9055828033358149,0.9695734173606565,0.995353766481819,0.8025463277804273,1.0,1.0,1.0,1.0
ODP0185-0801C-043R-003/050-055,40.23899852735854,0.40946604916289475,0.9770794504738772,0.9520374218735136,1.1510643671073677,8.18028658079844,0.531265521733668,0.7070804006226094,0.997868302539526,0.8594685899073514,1.0800608217158647,1.0969822017626891,0.9946600902055188,0.990785865077707,0.7564172750126831,0.9605460774194359,0.7223848664261047,1.0,1.0,1.0,1.0
ODP0185-0801C-046R-002/048-052,10.734280956178658,1.3257274793629559,1.1882563139318487,2.230915756744182,1.4916169796993612,2.0173786368304443,1.1246623807898783,1.0487810955942432,1.0139559438879644,0.9428908761013605,0.8419076174424611,0.8781537016624072,0.9927180696357484,0.7854548708636522,1.04181342814272,0.9457361911656073,1.1817047248871084,1.0,1.0,1.0,1.0
ODP0185-0801C-050M-001/029-032,0.9193845844881783,1.3320635556643214,1.2696548413325888,1.2847013838794157,1.4874506911693548,0.43491906352104215,0.8824618785857569,1.3051522695744004,0.991092061801907,1.0487885389737706,0.9186203734154454,0.958632504799842,0.9598793777964675,1.0518545044006629,1.1021812140054592,0.872815437932054,1.020423206989417,1.0,1.0,1.0,1.0
ODP0185-0801C-052M-001/047-049,0.8439697418128335,1.0782966552679631,1.8228727795673019,1.3284094085612126,1.5980679463369907,0.5104697608316461,0.845088937036526,1.2396707136740663,0.977269735318776,0.9817985664539145,0.9453465539585078,0.9912161212006492,0.9685864359989782,1.0652349954408298,1.0193074687723418,0.7135906891703647,1.0527467024914194,1.0,1.0,1.0,1.0
329-U1365E-2R-1-W 36/40,7.272989683482605,1.2592835058389222,0.40242031052096616,0.42253868147133344,1.0055246062604963,1.382612628280167,1.4645506659783978,1.4674360224068967,1.0936682647655593,0.7923216654903741,1.0115972450446833,1.0116457815729223,1.0040005024890304,0.9112764012302065,1.139351270996753,0.9680310175522256,1.290840167689081,1.0,1.0,1.0,1.0
329-U1365E-2R-1-W 65/69,1.0473391769578282,0.46146806879250796,0.6841153659020508,0.6949395956149794,1.0884851182960877,0.5005866278494441,0.5211324975111011,1.3785108116737224,1.0883253234469479,0.7967435865951525,1.00259693578332,0.9771215640228865,0.9876672065694526,0.9227066665026905,1.0899225983434826,0.9232383886774902,1.385467996143614,1.0,1.0,1.0,1.0
329-U1365E-3R-1-W 130/134,1.9956654492161163,1.2311254979423614,0.5513084039963376,0.5744121297144906,1.050560298055601,0.6472088774533743,0.8590594192066648,1.3241604511841416,1.1178106437826407,0.8131597673051634,1.0251419642804038,1.0344333680778812,0.9807048849398092,0.9942652875336515,1.0549097688208529,1.0377955324640264,1.3533865990092673,1.0,1.0,1.0,1.0
329-U1365E-3R-2-W 20/22,1.7353340200232654,0.714608207156404,0.688522461571715,0.6981024005573871,1.1179549435168419,0.8561880505802386,1.7976810965272336,1.426594196098764,1.0906437444078663,0.788281475990415,0.9851140863626042,0.9772652614044655,0.9945095294097647,0.8988176185999645,1.1273800184214062,0.8908360580935959,1.368424610019633,1.0,1.0,1.0,1.0
329-U1365E-3R-2-W 22/24,12.330102299880268,0.7778169606615033,0.3911595152619377,0.5656010098134389,1.0352162591340368,2.3116362290664063,1.4519724581733768,1.4528949393287518,1.117364644306824,0.8194198849127905,1.0191068857900776,1.0318343588810288,0.9869432614786661,0.8760547127192105,1.0893584919347645,1.0189550936315148,1.3081540301790873,1.0,1.0,1.0,1.0
329-U1365E-3R-2-W 52/56,24.67515080615376,1.7827436229317726,0.2965331386013801,1.5553373619528992,1.1006067905178027,2.8243316974572665,1.3283280549241547,1.3978453799110306,1.0810288456113526,0.7767654124212838,0.9671234245789139,0.961164284408617,0.9767404280551115,0.7952714450496072,1.031507350199806,1.0150475533208512,1.082762932252829,1.0,1.0,1.0,1.0
329-U1365E-3R-3-W 33/37,2.8849456858547824,0.6816780830046276,0.22495611805695653,0.38626559788218967,1.0288656919856207,0.5155110639795668,1.9068281891605288,1.1586526138116648,1.1420082828604516,0.7911989073560098,0.9852821081053472,1.008641945183554,0.9321690376233599,1.1966878053617998,0.9224029969389561,1.0236014650309981,0.8973099083128746,1.0,1.0,1.0,1.0
329-U1365E-3R-3-W 112/116,1.924960682292291,0.6183274919975773,0.542474042602224,0.7087227203913516,1.0901872619443502,0.4220426025171618,1.7064756476588292,1.531000615087453,1.159661114121361,0.814289129028173,0.9891755260637536,1.008534320954232,0.9727076862888824,0.8738337628057641,1.0435934910380944,0.9857199666208677,1.0552637170434795,1.0,1.0,1.0,1.0
329-U1365E-3R-4-W 66/68,2.2438379402785884,0.5579073488812712,0.5646328967850364,0.6597098999143183,1.1459677423591244,0.431167020002496,0.9999007605806155,1.42021489240307,1.1120257015754524,0.8476052577420118,0.991410183262781,0.9992806802339077,0.9792860788914347,0.7710231159435805,0.9930985110282362,0.9703428753428611,1.1467471949481602,1.0,1.0,1.0,1.0
329-U1365E-3R-4-W 68/70,13.212333481840995,4.835752081154781,0.253627681052409,0.3779779383292012,1.1661436077015732,1.326590325407194,1.007487566579467,1.4330681716419038,1.1062907177778198,0.8402165553267493,0.9874163448573382,1.0266950195081292,0.9695578009936897,0.8318863281353913,0.9975416615474605,1.026541428625339,1.1151638696725792,1.0,1.0,1.0,1.0
329-U1365E-4R-1-W 22/24,12.892249289499208,1.387640916523477,1.1031556636775266,9.357887705889915,1.0591304767535745,4.159007851150045,1.0584768506296807,1.5113070518349192,1.0768409077500445,0.7582576277767069,0.9368044983283801,0.9374779190726993,1.0011560193574165,0.7911616941290782,1.2367688003442738,0.5751726149804264,1.2098052925360934,1.0,1.0,1.0,1.0
329-U1365E-4R-1-W 24/25,16.387978233098565,1.7083285692533785,0.6204858941839141,3.9660902967376255,1.1389058033840418,3.2602455362567957,0.9471935833908006,1.442369672922139,1.0986842557613032,0.7687304920835654,0.9700642852825259,0.9432331574975507,0.981466492146067,0.7703204655380668,1.1836568059997807,0.9117658960356477,1.2537800244721002,1.0,1.0,1.0,1.0
329-U1365E-4R-1-W 37/40,15.633875520351122,22.33015300258514,0.4027194678890057,1.1211192903093552,1.1370841041211113,2.6028814130565405,1.052648059962009,1.4293417145448255,1.1379517013249882,0.7805496334042635,0.9601913580759038,0.9788280396585803,0.9455785502356562,0.8716629352280824,1.1137724693039686,0.9671701385190858,1.2719376713355715,1.0,1.0,1.0,1.0
329-U1365E-4R-2-W 88/92,2.0836958985446437,1.2544061782176101,0.7983007348428934,1.2852271288523922,0.9819884583832428,0.6469742869933587,1.2769213322627186,1.3140136064822239,1.1029925463990222,0.7663289880638811,0.9994198951352206,0.997998708032119,0.9751078861464227,0.9919929569774396,1.0871964463449209,0.8246238484449695,1.1605124807335958,1.0,1.0,1.0,1.0
329-U1365E-4R-2-W 137/142,37.7423570504139,3.8801680208938905,0.8753997683842245,2.802404730818763,1.0213680896037793,7.366462852074943,1.7753250335065855,1.3386300424723936,1.0659005417117062,0.7230480462717969,0.9047293632215612,0.9110838142700162,0.9255451467799974,0.8061653042570176,1.0291420627306134,0.7595251622645929,1.0537721739399624,1.0,1.0,1.0,1.0
329-U1365E-4R-3-W 10/13,48.60736475323587,8.340898441927514,0.45681562540291093,3.818974418626422,1.0503926206502399,7.58453073283543,2.1250446334369157,1.410733632147482,1.0675666843344005,0.7135386026795086,0.9380639779687916,0.963486362672661,0.9460605977379671,0.761828255304198,1.0621319044796926,0.6239020405319541,1.176278638837342,1.0,1.0,1.0,1.0
329-U1365E-5R-1-W 8/12,26.71874170619924,5.062308655100652,0.4281145993937587,1.507640791882447,0.9326879558843225,6.227591704314903,2.0221136013427405,1.2392398283513841,1.1265541055848503,0.8282911703579033,1.0127640115807033,1.0239625974394635,0.9859272484160163,0.9325650900160394,1.0822853666121641,0.8562409375806691,1.1500812159106892,1.0,1.0,1.0,1.0
329-U1365E-5R-2-W 89/93,2.9628881369747773,0.5663633324680994,0.8055448291935794,1.1386722640952307,0.9657952034814093,0.8625929731096366,3.152918856044718,1.216749751661999,1.1123902524221876,0.8102289497914259,1.0526862547802118,1.0470165325305236,0.9789371261561162,0.9506743431189151,1.0069005404869187,0.6532866600067124,1.2122502123038492,1.0,1.0,1.0,1.0
329-U1365E-5R-3-W 29/33,1.9564495479005666,0.6695481750504313,0.49155170187827324,0.5186590671571552,0.969205381408813,0.5302859179566334,1.3434099926151022,1.3377491850353118,1.11040097232956,0.7931845227743338,1.0303331412820107,1.0032467767402091,0.9833153475077963,1.0123192363480937,1.1069346794416848,0.9784224009680726,1.0692694771672036,1.0,1.0,1.0,1.0
329-U1365E-5R-4-W 53/57,95.2704324445487,18.019741814692015,0.4729004837073105,3.395142423664591,1.0204944739945316,14.52717787072929,2.7367970183804644,1.3484694458184971,1.0549505017793763,0.6996605069434465,0.9258412519151099,0.9392748444544574,0.9366479355975349,0.8150565936747037,1.0505187169420303,0.6601554134412692,1.0692588508912286,1.0,1.0,1.0,1.0
329-U1365E-5R-4-W 86/90,10.087400678134657,4.837310592728571,0.17796914896201874,1.4721500638244838,1.1959181469193274,3.4074997051135134,2.075702518353653,0.9891366353059534,1.1219455222569985,0.8413663124317016,0.9111654466525818,0.9169508193268996,0.9634560598712617,1.0856878276470499,0.9039445870865576,0.8613781286988432,1.0238389807735477,1.0,1.0,1.0,1.0
329-U1365E-5R-4-W 144/149,0.7652321242127762,0.42421122268124123,0.6741669265663945,0.7181064637621549,1.0476507341333352,0.28687799869301517,1.3542226373235087,0.9414458441527527,1.154317333375297,0.9289068924909897,1.0052379374091482,1.0075838021276697,0.9750972025153316,1.1159696709101392,0.9790203470613338,0.9473090713989346,1.0994653624656192,1.0,1.0,1.0,1.0
329-U1365E-6R-1-W 8/12,29.04220666273883,7.961565360631918,0.2466560047931672,3.8791104464444834,1.0741752458211815,10.994866100285373,3.064370609118741,1.5415458531962476,1.039361649836212,0.6426612888948904,0.8191448546664257,0.8284312471643916,0.9688384484094072,0.4018356206735454,1.0876123964151996,1.037844649709609,1.0660157019825212,1.0,1.0,1.0,1.0
329-U1365E-6R-1-W 26/30,0.5945641766961017,0.8243103699615522,0.6885003214979158,0.6394586696392838,1.0621400415845212,0.2260833228838117,2.617110592266033,0.9893677310279052,1.1236573223226556,0.9306474517538794,0.9174302979325574,0.9521605112155883,0.9542018665845552,1.1984068704182256,0.927074341073532,0.9089878076423494,1.1047649844658056,1.0,1.0,1.0,1.0
329-U1365E-6R-2-W 19/23,0.6421049132203812,1.9200514531433734,0.12231795429900369,1.5862129320508493,1.089404032549934,0.26565294315543814,2.4305423198512854,1.4584104185138747,1.157122636658329,0.8308638693185852,0.8945957777060815,0.9491153776387097,0.9484840985071517,1.150537753681947,0.9852142150333827,0.8491328252005086,1.2278246140378704,1.0,1.0,1.0,1.0
329-U1365E-6R-2-W 99/103,0.443724562707759,0.260590089656104,0.7030118155051069,0.5742448997115615,1.1125938607029506,0.11636536946384768,1.4775911959983665,1.1493554517197877,1.1168462615994224,0.9507403598346765,0.9409825982669108,0.9398805411873267,0.968587613142455,1.1630655611442886,0.9644146820106095,0.914283646421278,1.1684599911223543,1.0,1.0,1.0,1.0
329-U1365E-6R-4-W 8/10,5.079859981705283,2.6604826371440837,0.13660890982144713,1.5455398811032632,1.0805168568207568,1.8215804039886867,3.936785351342641,1.2011333939243194,1.1488179140686188,0.7860618154845207,0.8012688957184299,0.8518952805405345,0.8948566664868198,0.9597963591624007,0.8949432701405207,0.8178336978759924,1.1550677432002743,1.0,1.0,1.0,1.0
329-U1365E-6R-4-W 10/12,3.71029769902,0.8895182285641193,0.8009810681018961,1.2622493262018706,1.183451861253504,0.9140744844961913,1.5606076645005529,1.0052814875407101,1.149466795453698,0.8687876163252782,0.9641236983815191,0.9845197647002162,0.9935807010197827,1.0298691330635554,0.9975720952784207,0.8834166154972216,1.0777130269006117,1.0,1.0,1.0,1.0
329-U1365E-6R-4-W 19/23,10.348660914416033,7.283746355247167,0.018886528758122984,2.9315451490806748,0.6294763130107617,9.121117693957075,9.712399156625542,1.2776560592429043,1.2059609541965577,0.7472896406519454,0.9037717299374418,0.9641447170653303,0.9377683600814782,1.0077255071220121,0.726268916848635,0.9932683983591853,0.8336146827037355,1.0,1.0,1.0,1.0
329-U1365E-7R-1-W 41/45,0.6174610652981755,0.5083107335144712,0.7220928680780231,0.5573300001103321,1.1316643801816497,0.17280413396034314,4.352009235410914,1.5348723281688748,1.0970180333393829,0.7884132726152531,0.9070922018117621,0.9031666172835359,0.9589928807610245,1.0551611260245275,0.8053149803356574,0.8279704010493326,1.1069852748545366,1.0,1.0,1.0,1.0
329-U1365E-7R-2-W 131/135,5.884598295424541,2.8253079280664424,0.21820466943934333,2.3013431848748906,1.0317317147076326,3.2106831847487447,5.247260487187759,1.449889978745225,1.0771503000289198,0.8616015493790582,0.9556329313634632,0.9479358169755415,0.9075847337193516,0.7790288154968489,0.9382680942560766,1.02189848503047,1.0669076651597436,1.0,1.0,1.0,1.0
329-U1365E-7R-3-W 0/2,12.590910721723988,2.57258106216417,0.3958652021408863,2.091784949077235,0.6380953009212219,10.766655306769692,8.906198225368321,1.3740436916229033,1.2255290685161864,0.7238556401168857,0.8399814017226082,0.8389394594310282,0.9231721779973452,0.5914895441900219,0.901196864551359,1.4208715075403302,0.9762800090487495,1.0,1.0,1.0,1.0
329-U1365E-7R-3-W 2/4,14.275341576928154,8.053377514325332,0.016477667116468354,5.118342978810872,0.2917036131947066,28.75602851176247,3.243858972055422,0.9375987393862172,1.239561411977576,0.49804213346567733,1.070805646963579,0.9972332589617895,0.9264907665915633,0.5971757221301216,0.40830450176910715,0.8110054932552148,0.5303507698408537,1.0,1.0,1.0,1.0
329-U1365E-7R-4-W 0/4,1.218041645267075,2.634750989966816,0.5201553066032588,0.5966260639659048,0.8077295145767619,0.34648055987402593,4.281802637562718,1.445191155675589,1.2670211750452665,0.7976228292511118,0.9305733261012673,1.0269409941810956,0.9711093369511388,0.854225879674153,1.0228556593757347,1.1606991950312073,1.1288927293580675,1.0,1.0,1.0,1.0
329-U1365E-8R-1-W 41/47,11.62378171341839,20.06933647794701,0.04670538250966633,4.547409949839826,0.2864707902194054,24.62966844430526,1.8033804844761412,0.9286600839718642,1.2484640579936361,0.47594815560426346,1.06186213347312,0.9470632149116187,0.9810709356375251,0.5488432265324831,0.7265925374280887,0.5819180461412474,0.5680709687871957,1.0,1.0,1.0,1.0
329-U1365E-8R-2-W 49/53,0.3325700885024032,0.5180902476607727,0.6250225590603123,0.48426154009144834,1.1305029131517321,0.12696843422579043,3.2922590764040844,1.5597901895513284,1.0591508165950998,0.8597290040419849,0.9246470928859801,0.8986086122126943,0.9432868399526392,1.204491232173643,0.8881916859119255,0.8541629649140755,1.0258033647973184,1.0,1.0,1.0,1.0
329-U1365E-8R-2-W 117/119,6.452022046190941,4.367387306614245,0.45062029201460235,1.471949863639533,0.7612244437040399,2.54807652790493,1.9400959581989845,1.489249807108697,1.2353667768997327,0.718862276588294,0.8596659634861447,0.959782454228711,0.8979818535622391,0.7644111533506386,1.0538115394690852,1.240984503440128,1.2473511189140418,1.0,1.0,1.0,1.0
329-U1365E-8R-2-W 119/121,0.3022318967125947,0.4955556864085736,0.7745790507429281,1.3042125935587288,0.9921538992698524,0.14383796722531964,2.711969610068321,1.711831930281697,1.1225229034756565,0.874501704000189,0.9423945434585788,0.9028853507897119,0.9786344132526559,0.870326152858981,1.0256772255172677,0.9142976999811149,1.1408082592013955,1.0,1.0,1.0,1.0
329-U1365E-8R-3-W 41/45,0.3447685574176907,0.2939647504662864,0.5896493609129384,0.8244437926292552,0.9664136472772483,0.2330556698279416,1.294697691925402,1.4515876613080465,1.1468115795166334,0.8508701269651356,0.9379293883692833,0.953615437267182,0.9652707909856189,0.9850477969543399,1.0242103043441173,1.180821421413092,1.0989683725195514,1.0,1.0,1.0,1.0
329-U1365E-8R-4-W 8/10,18.41102214973696,2.6764110232287064,1.2998767101952313,1.3622969626814274,1.2228029978182549,5.396161430130343,1.1308953200565095,0.6835120485418547,1.1242712578857004,1.146309059990802,1.3139391671043643,1.3337621130707122,0.9684618521756905,0.9529486057798767,0.8065455462027854,0.486176757567921,0.8110894787739144,1.0,1.0,1.0,1.0
329-U1365E-8R-4-W 84/88,6.502895852975898,0.8448505476516474,0.8052216995905738,0.7286516771855643,1.1647268398771762,1.5156627971405348,1.0292129509273005,0.92056345354103,1.1499016046135182,0.9978162159461581,1.27476847944027,1.2236681261960296,1.0274271025608746,0.8738525973739467,1.0528857683811523,0.9511000465230695,1.1042632124558787,1.0,1.0,1.0,1.0
329-U1365E-9R-1-W 84/88,0.6454367249260132,1.1259933362131342,1.041129782804993,0.9998943058844248,1.1169074956494423,0.5425456203532133,0.4452891850559339,1.0069275293045277,1.1008434216556071,0.961174202219545,1.2793807458509479,1.3048216250573759,1.0014236369103025,0.8241646463796893,0.9519137937525218,0.7457065503550553,1.224279355587312,1.0,1.0,1.0,1.0
329-U1365E-9R-3-W 138/142,1.9399855773746604,0.6706796358091306,0.9060886018606575,1.0070914282678414,1.1898908367633203,0.38638198921640987,0.7193548217567678,0.910640130956197,1.129457654237351,0.9980357092998136,1.2447840119189169,1.2246436190402887,0.9965426347280487,0.8492840610273078,0.959561788776315,0.9171991933864542,1.1190213138183072,1.0,1.0,1.0,1.0
329-U1365E-10R-1-W 46/50,0.5038267573792461,0.962434357905706,1.068676991985339,0.8044083602812453,1.081278932720452,2.1553245553723,2.8441540798519296,1.1252394344108807,1.070774906510324,0.821399523098292,1.0366756305128901,1.028702135714679,0.989955352455446,0.9035851340966157,0.9713410929003794,0.9808638139966132,1.035081348162621,1.0,1.0,1.0,1.0
329-U1365E-11R-1-W 75/78,19.125341203088286,0.6927021094761082,0.7690265470911839,1.0180869292744565,1.0808671476723621,2.155007389865224,0.8227841111064125,0.9926818230053484,1.1166266200288455,0.9740521475867735,1.2813265634691395,1.2216538422224683,0.9803684274775057,0.7858288606214379,0.9736489915642117,0.9746774024026452,1.1085861456192598,1.0,1.0,1.0,1.0
329-U1365E-11R-1-W 100/104,16.337197217539444,0.7071044959338357,0.7758216778270326,1.4193203828015002,0.9980383160357194,1.8459682482972506,0.716666806348753,0.9272930863166873,1.1040158674862286,1.0131114115007656,1.2743498035631813,1.1973768409760635,0.989856352145053,0.8263178812464143,0.9648630240365419,0.9705806534496909,1.1991877448897095,1.0,1.0,1.0,1.0
329-U1365E-11R-2-W 0/2,18.125014490033944,1.1589413655310332,1.2739446382008757,3.8679731675553697,1.139534956982074,3.634271352039024,0.755832229103632,0.9617963474253918,1.127538086157806,0.9588085167973289,1.279124720983411,1.2608747070915634,1.005651984904902,0.79003014701659,1.000294050728774,0.6433681581212108,1.0553052813074366,1.0,1.0,1.0,1.0
329-U1365E-11R-2-W 2/4,56.18950721571824,1.068910903844552,0.5622735303492127,1.9521116287868692,0.8986125688190297,5.411480564389007,1.3185107230547402,1.0670085028126413,1.0985360786675384,0.9484422644597348,1.2501607202308067,1.2204313636986588,0.9255402957920846,0.718939730676482,0.9043173739119272,1.1018722441453175,1.1286096036387452,1.0,1.0,1.0,1.0
329-U1365E-11R-2-W 89/93,39.09356729227008,0.5721447900920451,0.716108237436931,2.6219984088722197,1.0370852421447798,4.896880410058417,0.9116566126650156,1.0090617723840951,1.108753741549668,0.972090802571855,1.330349179119154,1.2740288878423758,0.9966986425494115,0.8044948499501762,0.9415884208518597,0.9438843288318511,1.0981656750636428,1.0,1.0,1.0,1.0
329-U1365E-11R-3-W 77/81,2.4648337383883407,0.38527984900893225,1.073108690724762,1.9554843189928937,0.8170041987320961,0.691095667779811,1.1793977085456315,0.9795093378976674,1.158182204812025,0.7297642243363791,1.5606719777761875,1.5288919736462252,0.9791704359103109,0.8775968620294613,0.975278448794315,0.980841549959871,1.2012457489452473,1.0,1.0,1.0,1.0
329-U1365E-12R-1-W 19/23,0.6568396600624012,1.467540836487749,1.1085268435725453,1.161251104820685,1.1121473342634332,0.5167502769315783,0.522584499158277,0.9832236432075904,1.1143895059252236,0.9409803214321093,1.2458696926941544,1.2233985149643816,1.0069608915773531,0.859110381901807,0.975715575415119,0.7114088734675762,1.1078714712771813,1.0,1.0,1.0,1.0
329-U1365E-12R-1-W 71/76,20.10343242502016,0.31961903407764697,1.0689921145977694,2.05212610278633,0.9332206603046664,3.582480903464813,1.6371405111973676,1.0439282640087177,1.098158180931745,0.5965551116544032,1.4256386025368915,1.440154294088922,0.9729194341440071,0.7908242691838752,1.0137455301031193,1.005349289737567,1.03342351470335,1.0,1.0,1.0,1.0
329-U1365E-12R-2-W 66/68,21.720411916593385,0.7500937558624162,0.6009855850898347,1.794425388069894,0.9431696387479953,4.111918740664805,0.6306927704095061,0.9363941997691849,1.1677663192672503,1.0773068404191697,1.4512105273210338,1.3725445449161002,0.9631802164774483,0.6729619384277298,1.0193122828434387,1.0848987023798327,1.0443794995326168,1.0,1.0,1.0,1.0
329-U1365E-12R-3-W 17/21,19.023513607479103,0.7810350123710217,0.8897125233754297,1.4192312923599377,1.2233563727612993,2.6716106680555125,0.8404070400932625,1.0142194578988362,1.142417621270872,0.9769396656817565,1.306726938325481,1.217435125894616,1.008431740555861,0.8507559567722595,1.030516446558699,0.9418373862883794,1.0647781321693395,1.0,1.0,1.0,1.0
329-U1365E-12R-3-W 128/132,3.5624754034344748,0.7478270323859335,0.8078636368805696,0.9660424281354065,1.1451650787711174,0.5761330593351522,0.6796389240330822,1.0466840121089056,1.090975304685915,0.9632623923578322,1.2036816742538543,1.1569890880824045,0.985918963910903,0.8590780230084267,0.9418530588042293,0.9176998015484796,1.2176767098510928,1.0,1.0,1.0,1.0
329-U1365E-12R-4-W 60/64,1.7737793231356276,1.0020467273379683,1.0586301936633913,1.1481525107970643,1.1058106119355846,0.8015030045472675,0.5477133887700365,0.9760555924794744,1.138735209192088,0.9777037121409465,1.3014053120485038,1.269471873794924,0.9937624286674319,0.8749244027444775,0.9022134963158805,0.6932394124528201,1.2576398844450438,1.0,1.0,1.0,1.0
329-U1368F-2R-1-W 13/17,0.7979640129162953,0.9934756026520596,0.8740523891037856,1.0190249701801337,1.2135337387724368,0.5895668227233132,0.7664332231438895,0.9335640721234048,1.1365232875684763,0.9462596923423872,1.2645725658939702,1.282318764421088,0.9697439631708419,0.8623703976238138,1.231236617552383,1.2374959558491132,0.9917047652617605,1.0,1.0,1.0,1.0
329-U1368F-2R-2-W 13/17,0.6625118458574913,0.8902254244549697,0.8697865030357346,1.0206216510376473,1.2185109630775688,0.48618921915534974,0.9543047048281572,0.9703715009744859,1.1003706226498953,0.901821062180144,1.1896235870385927,1.216148860805845,0.964447044691223,0.9419702342296006,1.1948335900373523,1.2752004127713927,1.0691079669300012,1.0,1.0,1.0,1.0
329-U1368F-2R-2-W 134/138,0.8654043854921323,1.1138978668580037,0.8735569852170465,0.9387766686528878,1.3147205202159546,0.6519915435322412,0.6138824419913103,1.0727943189829756,1.0719591584353825,0.8955355090089695,1.18659659452074,1.1709788259004843,0.9578972595282506,1.0067477855208389,1.2223525996164752,1.2787511909285716,0.9598751367566416,1.0,1.0,1.0,1.0
329-U1368F-2R-3-W 110/115,0.890952445525608,0.8539361962824357,0.7978625502600035,0.8723237084894077,1.350368299790698,0.5866070974965798,1.0634987838434218,1.0510640365499149,1.0658357923952997,0.8760915659722593,1.0373130020562036,1.0345736278649489,0.9601296691528491,0.9354979323671616,1.1802591878315145,1.22026967114538,1.0681579428429357,1.0,1.0,1.0,1.0
329-U1368F-2R-4-W 61/64,0.856651587651982,0.8667546638633105,0.7772654802884157,0.7531208840542288,1.285917196431392,0.5529924373365604,0.7842275030178983,1.0554947528940946,1.0912063120818696,0.7674056903737746,0.8818368541415021,0.8624014424213716,0.927921826993255,1.8797646504102274,0.9144064762819851,1.2748115260282995,0.758211951582303,1.0,1.0,1.0,1.0
329-U1368F-2R-4-W 86/90,0.4991108274069637,0.7095032026861022,0.6824555569500619,0.6579652505134123,1.4755761931705194,0.3222705472085817,0.561287359498306,0.742232383192551,1.1051675400192593,0.7730481312866744,0.9816749333976528,0.9766846900514343,0.9183767207121798,2.1269899955825586,0.8359623664609064,1.144997666720373,0.7637118980715365,1.0,1.0,1.0,1.0
329-U1368F-3R-1-W 19/21,4.587497829314414,0.994820904883365,0.9032720746175436,1.0764597280854336,1.1308288437981104,1.6915793063333084,0.8305402677023872,1.2156630861818252,1.1715592793461909,1.095341808668645,1.2564171010552716,1.286343718983102,1.0117719138186827,0.841218268935717,1.0400448661071267,0.9826492161930611,1.043578866545328,1.0,1.0,1.0,1.0
329-U1368F-3R-1-W 21/23,9.310538505035606,0.8384628671945891,0.9335686039704757,1.7344836725912238,1.0648922703961556,3.1502616719522325,0.9022764615306488,1.126883070991422,1.1213975219617367,1.0340972136519515,1.1869807863908846,1.204990179229001,0.9875364284134887,0.771914534738134,0.961774197385438,0.9779663555382663,1.0677517848430942,1.0,1.0,1.0,1.0
329-U1368F-4R-1-W 23/27,2.9330521372183305,0.5078078424391881,0.9605613139218568,1.1038860359836793,1.1202623899403672,0.9286969301066309,1.0664374372204024,0.75705404688606,1.1108914683827187,1.0190196050307463,1.299842735198907,1.3063007762563155,0.9998800639379217,0.8156247092840613,0.9475781317552756,0.8909352944723855,1.0479261343517638,1.0,1.0,1.0,1.0
329-U1368F-4R-1-W 66/68,5.268859882028308,0.47847102313189255,0.6768908094854234,4.330484932136168,1.0069917960646204,1.4028567571772328,0.890645849193275,0.8941100691574954,1.19064006071725,1.5634403479452685,1.8859661436715098,1.9165557708340721,0.9946892028611396,0.7488046083824764,1.105066386683195,1.0053953691613784,1.0581192429543578,1.0,1.0,1.0,1.0
329-U1368F-4R-1-W 129/131,9.018156927676428,0.76113931726072,1.012583439944712,1.877691229172465,1.1494956344682028,2.287528689152012,0.9752207984313016,1.1241780242626724,1.1054317334365122,0.9550379934326458,1.046414725182574,1.062007610177311,0.9650574623846394,0.7208708084519464,1.0029136072618874,0.9582667073000393,1.0610293895301073,1.0,1.0,1.0,1.0
329-U1368F-4R-1-W 131/133,7.65817112485527,0.9271698626867686,0.8434382889689045,0.7026902023977317,1.1177316177969043,2.102293306184637,0.8685641642655237,1.1112497176515408,1.1733706463149445,1.111600244963783,1.2385142654796177,1.2519093592161112,0.9950447032836878,0.8252471299064085,1.046121679885489,0.9772350162767763,1.0229249125130329,1.0,1.0,1.0,1.0
329-U1368F-4R-2-W 14/16,2.75816059097876,1.1654260839221238,0.7873380166457308,0.9227350329072375,1.0635007170114676,1.9088714685084307,0.7681605960183978,1.1479613526885148,1.188396095937453,1.1803702572730295,1.2870060244704147,1.2958824931740582,1.0299495058688775,0.854392074765616,1.0106170769251108,0.9771090869993705,1.0257875243667318,1.0,1.0,1.0,1.0
329-U1368F-5R-1-W 30/34,1.1599570178171235,0.5368858408933697,0.9534585704966353,0.874428202097956,1.105406450043011,0.9844979085910034,0.7125482717611196,1.018876983257082,1.1506720050768,1.0883207159303072,1.2316910880204377,1.2430216060211923,1.0147187418232204,0.836009313610463,1.0490324803525473,0.9365092674283978,1.0643127282461335,1.0,1.0,1.0,1.0
329-U1368F-5R-2-W 64/69,0.5610297727351129,0.5440621860988898,0.8772337284808922,0.9959284081878353,1.1763921583203758,0.5580430473803166,0.8249987430953294,1.0303014673459465,1.1557518732127847,1.0958007092640356,1.2305014455547774,1.2804070191654289,1.0011049798018297,0.8798819367462221,1.0222912625424896,0.958810847397359,0.9809289136986331,1.0,1.0,1.0,1.0
329-U1368F-5R-3-W 9/14,0.6195450137796389,0.5152100786484861,0.9555674735424041,0.9861782655440513,1.1840939013573273,0.5884956111911626,1.164010124178522,0.9872502447892254,1.1563865113702918,1.1255262786672489,1.2201629453365332,1.3040462956007963,1.003709549784073,0.8475119376074879,1.0327364597612672,0.9345420826215316,0.9811816517295713,1.0,1.0,1.0,1.0
329-U1368F-5R-3-W 93/97,1.2861779349008682,0.5641809974223111,0.972115222998879,0.9296231480943118,1.1228586853728475,0.7819570548989682,0.6845043267794731,1.0073324203356626,1.1026611444936278,1.0474550217185121,1.191502651437684,1.2752464506417296,1.0023111351153797,0.8407495446468661,1.0386094514255964,0.9752943889369057,1.0316315813443735,1.0,1.0,1.0,1.0
329-U1368F-6R-1-W 83/87,3.001883851108313,1.7256821615364644,0.6579072109732863,0.9119545311461817,0.8342352971320683,1.8100338728886103,0.7128409327651181,1.2662935140465834,1.1602925005302456,1.1778178024635824,1.2617673237037035,1.3142796124654441,1.0149082906968032,0.904778207175262,0.930409644894925,1.0221297817708692,1.1211730942121019,1.0,1.0,1.0,1.0
329-U1368F-6R-1-W 119/123,7.1152619397272305,1.033584750197588,0.885837468562005,0.9504071318539655,0.8838088713384881,3.416416449984058,1.0230465065639633,1.1461383072051599,1.1414701247695498,1.0357197986820461,1.1241184720876187,1.1868272953203247,0.988451583654456,0.8833987756934369,0.9035037891465502,1.0673803056710285,1.1390451508881814,1.0,1.0,1.0,1.0
329-U1368F-7R-1-W 48/50,1.039371188769482,0.8135803703939504,1.0672737113008661,0.8438610609058675,0.9145426239089083,0.9238759675896053,1.1542151516062316,0.9255447969442719,1.1176962744604613,0.9679794276963808,1.0670515348304657,1.1328108100554095,1.0039138351286943,0.9770747996108894,0.8487575645622099,1.1007755414795444,1.096322097109273,1.0,1.0,1.0,1.0
329-U1368F-7R-1-W 90/92,0.9846016581605805,0.5542775785106052,0.7897424910483047,0.7038731009044299,0.8760398381163549,0.7464500017063971,0.9406118892600941,0.9342447166749445,1.157356849982442,1.0575314734309247,1.1497166035068054,1.1641215553619955,0.9861986882100928,1.0103911254474585,0.8538870547693723,1.1443002949987509,1.1303008251758493,1.0,1.0,1.0,1.0
329-U1368F-7R-2-W 8/13,0.9216129608137708,2.653009638278766,0.8586822940440545,0.4734280711004947,0.900100466756573,0.9719370197743458,1.3463173611685235,1.5265245436142252,1.1817310783939694,1.0874916757916384,1.207090039404903,1.1929087915342933,1.0248285333535758,0.9693547297285126,1.0008085603407662,1.0635343348864408,1.2616060432722778,1.0,1.0,1.0,1.0
329-U1368F-7R-2-W 46/48,2.5752410713805935,0.6370738821309136,0.8876001545100489,0.7858580340477956,0.8864729550912661,1.2817550179072363,1.067139392736211,0.8834858654107747,1.1593948306802015,1.0464201131559125,1.1374631254523204,1.1435466882550749,0.9960275558081841,0.953386838568672,0.8658795544497774,1.1262504317708375,1.081883148397334,1.0,1.0,1.0,1.0
329-U1368F-7R-2-W 93/95,6.938575362296301,0.5627351511663744,0.7889320739640261,2.175986936255632,0.8295377943886088,2.470443273016019,0.6847508225596157,0.9183438416310928,1.1911055953289886,1.1909940579022498,1.3310545016621773,1.3870788158970817,0.9659196907215282,0.8507521265229124,0.8529275193466084,1.186365342058457,1.0826073959869529,1.0,1.0,1.0,1.0
329-U1368F-7R-2-W 113/115,2.906290022979887,1.0653260302608487,0.720985140703126,0.8347168139730724,0.9049256628512404,1.5006320738072905,0.7307745204785348,1.004061862778976,1.19648821313738,1.2322807528190542,1.2591696037005278,1.309586450491138,1.016459424031353,0.9470127427588766,0.9495376917618235,1.129667332688297,1.0646245586683332,1.0,1.0,1.0,1.0
329-U1368F-7R-3-W 16/20,3.5850716059401795,1.3592595440648412,0.7742053115276537,1.7182207807088372,0.8212941445075904,1.776941930786172,0.7464600338905345,1.126375374860894,1.171110151214898,1.1661245450216633,1.2399624183591904,1.3391255222644438,0.9934183823799059,0.9028117107507418,0.90088603557394,1.1770426819933917,1.1924000042015228,1.0,1.0,1.0,1.0
329-U1368F-8R-1-W 31/36,1.8252617662211543,0.7961227336417503,0.6179209048338885,0.6491963295444927,0.8067740359362425,1.1716468118267034,0.584635003068872,1.0760065296002181,1.1844588875283244,1.202098164176003,1.330048018377204,1.4013474287829815,1.0112064029102352,0.9185191722575076,0.9179986983263697,1.0506259647702156,1.0957741852560525,1.0,1.0,1.0,1.0
329-U1368F-8R-1-W 129/134,6.894802281859081,1.8770854069019773,0.7779716525069469,1.42627404588108,0.891437722847166,2.7625566772478916,0.8434757692811605,1.259112088338871,1.1500610362105343,1.0380042220481147,1.1809145089359407,1.1753004523637902,0.990968731883258,0.8639789005993052,0.9437432550348113,1.1030639464765588,1.1498325508183391,1.0,1.0,1.0,1.0
329-U1368F-8R-1-W 143/148,1.5024957456885772,0.9096913343099191,0.6441872418860624,0.7714070219097232,0.8229077074837564,1.0813236576280711,0.7098382555174283,1.1052652312851559,1.232168136941332,1.3111637759536388,1.38083372956376,1.4948653340390186,1.0148325795088815,0.9157368705485096,0.8996754862653414,1.066104787927028,1.0687515001460821,1.0,1.0,1.0,1.0
329-U1368F-8R-2-W 121/124,2.5908270884029214,0.8172427234378914,0.9206207979264449,0.8565790472946901,1.030172024445416,0.9573640782607081,1.1993895535097134,0.9835666600744006,1.1391265429387702,0.8493269747969027,1.043960202468981,1.0618325131908972,0.9838173745105665,0.9645336594195858,0.9014630845010391,1.1301661370637412,0.9949732844407162,1.0,1.0,1.0,1.0
329-U1368F-9R-1-W 29/33,5.989598372755127,0.5111348181777928,0.8504953847114001,1.0410118833011206,0.9077762858556251,2.3132556473794774,0.9274943748603747,0.9256496824949373,1.11739866409449,1.008101746117028,1.1426373900249809,1.1573722194793146,0.9740937479234515,0.8610577870690587,0.923838111534611,1.0373440314649633,1.115844571812752,1.0,1.0,1.0,1.0
329-U1368F-9R-1-W 95/99,5.200560141980691,0.7536960615603517,1.1505698775045439,1.2721097598960336,0.953123197889926,1.538576273310886,1.0567889378369868,1.0216857263245511,1.1013067192094728,0.9839944764115136,1.0719383001178084,1.0918302511570648,0.9825656120726517,0.9165258670186437,0.9314924428664009,1.1166304814250705,1.1139472943260778,1.0,1.0,1.0,1.0
329-U1368F-10R-1-W 0/3,5.284260169610164,0.6457544763149133,0.761263418055371,1.7447733533389487,0.8751583622619027,2.116631788205071,0.709923169531913,0.9494378211469764,1.154549986170499,1.0670987586762564,1.1817948368990427,1.1976981156563278,0.9575097246307742,0.8315133631725175,0.9554568956297438,1.2288843618000052,1.0770049428993316,1.0,1.0,1.0,1.0
329-U1368F-10R-1-W 3/5,4.172218333680499,0.4158982541949706,0.8869303385276426,1.264567594469125,0.8956124797118953,2.4677957552644445,0.7187743557505148,0.6166986456403165,1.1947683571520096,1.267805250449365,1.4266196865957848,1.6127729006330334,0.97221788505829,0.8856513122752346,0.856285718527083,1.033018817101315,1.0635176812007738,1.0,1.0,1.0,1.0
329-U1368F-10R-1-W 112/116,0.7376015277194369,0.43611560178565484,0.752929338044847,0.8861395835303442,0.9828079523250434,0.6511836706817057,0.8608161442635547,0.9610683747647356,1.164284847060273,1.0842468717815181,1.1584149465353977,1.238234945162681,0.9992696505497473,0.952304650091754,0.9441330305262015,1.1088357357518397,1.068407679283342,1.0,1.0,1.0,1.0
329-U1368F-10R-2-W 57/62,1.3292820003686046,1.4825832120717595,0.5851090103602911,0.9340968303777394,0.8895964703055028,1.0547330118349763,0.6371658276822267,1.2538587236278385,1.2202511731322103,1.3382222823658416,1.4138615221820867,1.4516707205907662,1.0353765866711524,0.9534217596007469,0.9484571138427288,1.064270110859709,1.1043232650742063,1.0,1.0,1.0,1.0
329-U1368F-11R-1-W 10/14,3.5691019249972875,0.7608932577878923,0.6777596058150321,1.1295982098917488,0.8617785701205326,1.8783983039755872,0.6158119000591619,1.0332625303895877,1.1607672725557463,1.1580091783381719,1.256574247513002,1.2206351587590405,1.0003761187214155,0.8480107544490308,0.9333329985231761,1.071787181980834,1.091812110354395,1.0,1.0,1.0,1.0
329-U1368F-11R-1-W 81/86,6.098794335268907,1.0201887632868432,0.9551280756392029,1.1379408374198288,0.9525779283258294,2.2804193106857213,0.8971660551790054,1.1198045288684986,1.152384661789177,1.0494060779930332,1.1505124469545702,1.1381217358016975,0.9961948174770171,0.8477632446453326,0.9349940718025476,1.0871669508011266,1.1490393756178923,1.0,1.0,1.0,1.0
329-U1368F-11R-1-W 133/137,8.909990211151833,0.907301741850331,1.318699870805962,1.1042474676218856,1.1351806065449201,2.3811079422194146,1.0827223721120887,1.1336907091067174,1.0803734989578833,0.7590244665825343,1.0504962671240006,0.990178726976041,0.9505406295035044,0.7607187466180189,0.9130512542785966,1.1580359721746039,1.0276060611795568,1.0,1.0,1.0,1.0
329-U1368F-11R-2-W 20/23,3.9162311719211105,0.8046403795687743,0.8690413130953727,0.8472478327606278,1.0197287069012022,1.51119225900222,1.2072606349001587,1.023290089737259,1.1683941102884914,0.8557653494522581,1.107653202237712,1.0877102492295048,0.982249207916653,0.9886390699785924,0.8876274629215057,1.1633924603442798,1.0036482962920026,1.0,1.0,1.0,1.0
329-U1368F-11R-2-W 74/76,2.5825984722752513,0.48588884790280096,0.7643062970423196,0.7973880631561138,1.024767744596173,1.1676830342693842,0.956136446833252,0.9976095986490859,1.189433583070399,1.0438562382435683,1.1719648301846903,1.2491143631593276,0.9916635708951677,0.9235005119390519,0.9830182768944205,1.1479234563467209,1.0160385270721244,1.0,1.0,1.0,1.0
329-U1368F-11R-2-W 76/78,4.46946109863921,0.868929057879798,1.0359919483544378,1.1957230924631819,1.0609608053291522,2.1517833868385168,0.9325469266121293,1.1519327795211156,1.0987180071241833,0.8899769431642798,1.0706199091058608,1.0967704479614437,0.9736880378138714,0.9165700522489548,0.9512509546957386,1.1481968486691796,1.065787601686981,1.0,1.0,1.0,1.0
329-U1368F-11R-2-W 110/116,1.2023761074551829,0.3402450062500262,0.794288128757899,0.7751096197966043,1.0058764044072417,0.7810250395170073,1.4245463391989293,0.9882441315744135,1.1317433281872706,0.9898200482137018,1.0722216893506946,1.1319417254117918,0.980393221317019,1.0075594782405284,0.90830409334642,1.1367888557747317,1.0227092196594811,1.0,1.0,1.0,1.0
329-U1368F-12R-1-W 29/33,4.662931590737729,0.7266080736196592,0.9231336456977152,0.9790169520191981,1.0695128562745526,1.544507591007772,1.044093123148691,1.0334622049912203,1.1570044293723099,0.9252521449347998,1.0625422079753593,1.1271474845146603,0.9902728760117643,0.9539865217282975,0.9093998649020499,1.141278419920616,1.0258536196444796,1.0,1.0,1.0,1.0
329-U1368F-12R-1-W 71/74,3.8994599369080234,0.8677913542490459,0.7725828352592525,1.3153829652557176,1.0280756876886028,1.8912255448416302,0.9770242958566615,1.0746147005132298,1.1763794213374046,1.0590930530477864,1.123875912256362,1.1598332945304677,0.9881105561387231,0.9110278378256191,0.9242252439394036,1.1530185173841094,1.0465912155129247,1.0,1.0,1.0,1.0
329-U1368F-12R-2-W 11/13,7.434669761620553,0.6345425804213783,0.8504549554928195,0.7521689208931607,1.0569509312230385,1.3862333281677637,0.8861489873053309,1.0815982761880178,1.1197601758542564,1.0269909533413177,1.118672921011489,1.1597668896836515,0.9702454961482712,0.9905007859481405,0.9810671322641185,1.0642352335740493,0.9957925362204555,1.0,1.0,1.0,1.0
329-U1368F-12R-2-W 13/16,9.365261740590107,0.7748373536662567,1.065665324687178,0.7535204243368211,0.9886750079995121,2.235838375680832,1.1458908524338693,1.0579768030496217,1.0838902050627763,0.9607998918107389,1.0862461208531766,1.1160670909645818,0.9697328297855907,0.9831615960034881,0.9551022600023397,1.0591358279155425,1.0711694454375114,1.0,1.0,1.0,1.0
329-U1368F-12R-2-W 122/127,0.8883811237370391,0.44009682095595704,0.808571779383261,0.8351998177332973,1.0097719860649494,0.7250166895965396,1.8701254381521752,0.9628287845773355,1.1742968513681276,1.0884134163671575,1.1180053374278949,1.1816099278249188,0.9850193130817587,1.0503911710790177,0.9666132136280191,1.11703257889321,1.020836383339967,1.0,1.0,1.0,1.0
329-U1368F-12R-3-W 51/55,10.195319709329556,0.7453034212721869,1.0424166436155082,0.936824290372207,1.023003046128696,3.7593762163825564,0.3345447307687772,0.9958391899609753,1.1324673371634388,0.9625759290849808,1.1003554064483467,1.1354279473724487,0.9808914939345307,0.8728341352081196,0.9226107444561824,1.1166548873484379,1.043829328444282,1.0,1.0,1.0,1.0
329-U1368F-13R-1-W 7/11,4.17339756078053,2.1955749987415043,0.7807943023344579,3.5072132093848998,0.9861352810164631,2.1769551886062946,0.6995297396512893,1.028229759164408,1.1761422115417193,1.1019760164555892,1.1509692352962284,1.1603562441880417,0.9964933310322167,0.764110237662559,0.9693188130937942,1.1086550458898803,1.1012671712678217,1.0,1.0,1.0,1.0
329-U1368F-13R-1-W 71/75,3.471320203988636,0.8117246224287493,1.0397877356183622,1.0205558179989502,1.004100170920302,1.6330841500604178,1.8821119301085913,1.0673915171705206,1.111467237784876,0.9787463516320613,1.0956627923524114,1.1276642169924558,0.995180109245761,0.911727774015788,0.9879403011415044,1.1178182835255188,1.1136515924485377,1.0,1.0,1.0,1.0
329-U1368F-13R-1-W 114/115,0.8677730787446337,0.5253778155152723,0.8661368889973056,0.7602288292689353,1.0477187454314327,0.6288042531339566,1.093646666706671,0.9902418158445911,1.1393552028779306,1.0178637253335139,1.084606441629486,1.1584789252192675,0.9916826981833086,1.0356051523363092,0.9609106052962152,1.0729281426528914,1.0340498274069891,1.0,1.0,1.0,1.0
329-U1368F-13R-1-W 115/117,2.964339410466012,0.840000207454356,1.0048379486447914,0.7611737625368767,0.9926058409936912,1.4330958803687779,0.9058381332671825,1.061434781458785,1.087867201862241,0.9776313105664669,1.0747189659357073,1.0982609528821496,0.9820541088616317,0.9941602610028211,0.9475860708419189,1.090517049081573,1.082575752198811,1.0,1.0,1.0,1.0
329-U1368F-13R-2-W 54/55,1.0459452248500585,0.4956472601338705,0.951461256112654,0.7844714454630071,1.0303337041427036,0.7346141502788346,0.9423498631119974,0.9617998805046781,1.1469218747351024,1.0329307366058924,1.0689278853752373,1.1289666026489473,1.0024763684755595,0.9840054723067845,0.9880700274061511,1.0877417505371185,1.0372906140933043,1.0,1.0,1.0,1.0
329-U1368F-13R-2-W 55/57,5.3264623544348435,0.7753212491644187,1.0133313634174637,0.8381853679476887,1.0037121752946456,2.023792458732755,0.9139757773325126,1.0838277816626234,1.0993622965954788,0.9812018296717044,1.0526005726560934,1.1171096802105005,0.9860064809544279,0.9666685379388694,0.9543112131849363,1.0627408052492842,1.1109430868483956,1.0,1.0,1.0,1.0
329-U1368F-13R-2-W 108/110,2.001189145787944,0.5935677635819584,0.8788886980152371,0.9738706641659449,0.9435190457282286,1.0908394174603122,0.9849305937190385,0.9490862441128635,1.1471001298132537,1.0481155830354811,1.0709309849190638,1.143151496217824,0.9850791011199015,0.9757048761405147,0.9214310181265204,1.2118212065941203,1.0256993545276663,1.0,1.0,1.0,1.0
329-U1368F-13R-2-W 120/124,1.9926528644292312,0.6246680866915728,0.7872614822920599,0.7002744884776791,0.9323509876296127,1.3061689911091845,0.7822829493134394,0.9578817225619736,1.167581496565502,1.0833585499886087,1.1526178175136685,1.215744737034605,0.9845491358228923,0.978578936121827,0.8928050397155471,1.2044171038009244,1.0437769824128884,1.0,1.0,1.0,1.0
329-U1368F-13R-3-W 52/56,1.3684049875514306,0.41415691145349176,0.8879885652702681,0.8379256062971093,1.054295088485645,1.1673812280098415,0.8804977608215723,1.0165341457892425,1.114801536253017,0.9521580111973025,1.0594497029897316,1.1192340283703812,0.9875773341204245,0.9774860281137508,0.9116486057629336,1.1160429321411147,1.0335840159748306,1.0,1.0,1.0,1.0
329-U1368F-13R-3-W 131/135,6.755764147534529,0.5697882539752743,1.1284039429742532,1.580561217914671,0.9699538628183721,2.3038847360133605,0.8741998151660483,1.0586949100287752,1.096346875183197,0.9355842470801695,1.0517659029536381,1.0922750764673144,0.9678065446866521,0.8633366213980586,0.9314916238807921,1.1012863017680743,1.1128209630061006,1.0,1.0,1.0,1.0
329-U1368F-13R-4-W 22/27,4.6375037167093005,0.498699923704285,0.8877450648367118,1.646015827858756,1.0011364967634138,1.9836658649027354,0.9437627805971822,1.03019900717206,1.1429575000975711,0.9981667469843689,1.0607751973677304,1.113058429206161,0.9905774786903071,0.9100792015684411,0.9389042068216984,1.140327594515204,1.056027877659117,1.0,1.0,1.0,1.0
329-U1368F-14R-1-W 39/43,4.310744847504256,0.4432231390272759,0.8094307650000115,0.7893844589824026,0.9337247374145137,2.6522364232847173,0.9141369118057452,0.9727797510747446,1.1398191573682521,1.0292670800277781,1.103649421612407,1.1551341384280225,0.9997516206906705,0.8779198664960884,0.9276325023125066,1.143052439213501,1.060307097218413,1.0,1.0,1.0,1.0
329-U1368F-14R-1-W 140/145,1.1462336110811333,0.40838490754463086,0.9088935650970537,1.076423528669917,0.9205189714592944,0.4149564852204332,1.1400551105606527,0.7436371974052055,1.2279995514568367,1.6955725815598786,2.000254251398191,2.244023587701847,0.9741174996665635,0.9039549641277215,0.9466445191290959,1.1776710352924986,1.1082380732758697,1.0,1.0,1.0,1.0
