,Rb,Ba,Th,U,Nb,K,La,Ce,Pb,Sr,Nd,Zr,Ti,Y,Yb,Lu,SiO2,MgO,Na2O,P2O5,CaO
ODP0129-0801B-043R-001/132-135,34.13327997907356,27.23837577695334,5.4014613889695156,5.104651495496057,22.23710376537411,-1.5113519142062124,,,12.269100447591144,-2.9256748837997684,-2.1411665194102163,,,-2.5240309185678207,-1.4790211060313885,-1.428306326217713,-1.9933533066610636,4.290558347014807,0.16879099969268907,0.10686332601514364,-1.7752426781286204
ODP0129-0801B-038R-001/022-025,105.66357104635688,47.56502928275435,-0.17025051533369862,30.689621768118222,13.74072365435417,78.84526134987163,,,-0.890746181472478,-12.136790430797316,-2.7955628459597506,,,-1.853916557597839,-1.2920010682580791,-1.4871068766523385,2.897914492372827,-1.9506904444894309,-0.7417464858797089,-0.016532151186003596,-8.766094610983414
ODP0129-0801B-040R-001/015-018,146.6937540091811,19.491682544203535,0.24332201998944214,4.504329977601465,8.382051931945924,75.8652609726428,,,60.898073348238896,-11.516525883580695,-2.7226180570272476,,,2.518793977141206,0.3299199426738273,0.14321865014157886,7.254395500532873,-5.988690141104263,0.3408574715975523,0.16811967875564066,-8.355468787080454
ODP0129-0801B-041R-001/020-025,57.180633430453646,8.313697028743768,6.506242879800688,-12.96935102592795,1.143293480497789,6.2074375493089775,,,94.73329141641281,-10.642319019946985,-3.9625864935744914,,,1.3206567680689636,0.8514129321437354,1.3960145787676463,-0.15357413645224938,-1.9984785469711195,0.7600442641700131,0.04388437392999878,-2.508391046049412
ODP0129-0801B-041R-001/026-031,28.71320156785101,26.658555802370756,-0.28063723308395794,29.469595258034744,13.247040282196764,0.43193037203643314,,,20.151635181729624,-1.7113155199004382,-3.9386883290901302,,,-0.11082012873399627,-0.2726043640450353,-0.32279122757356227,-2.0586740039392595,-1.211976619383405,0.8781342998388726,0.07906580329230839,-1.4574665701934428
ODP0129-0801B-041R-001/130-136,40.86751478225631,8.696943270915376,4.123939590011041,-5.104461750094963,3.933842951893169,-0.5093036535473416,,,109.86821420475346,-7.251623535151992,-3.1179496554758863,,,0.45231119892647076,0.917111203520693,1.8653606259708582,-1.172104041479237,-1.732951136136859,0.6090962679221978,0.020973569833458106,-2.029258073100979
ODP0129-0801B-042R-002/000-007,32.116676094333044,13.086766202858925,-1.1255703176754395,0.9306845717724315,-0.13235108059924272,-8.486491330333621,,,80.80298992774438,-2.5189588181411935,-2.009217101031915,,,0.5270961820667841,0.7007545246100975,1.1490684916142322,-0.5909634752764035,0.714590439059628,0.4329524172582566,-0.08317366889801514,-1.2679533694752543
ODP0129-0801B-042R-002/129-134,32.82007573803956,20.243038419577022,0.15807421050337922,3.8178640010559093,5.6601726015569085,0.129140578571441,,,79.08925973779962,4.307037191360067,-6.163974628729129,,,0.13797471614800205,0.09838543361157814,-0.19759228371152027,-1.4759097032640298,0.001517203498597297,0.3828121487971514,0.09194337276270431,-2.024161982677729
ODP0129-0801B-043R-001/022-027,35.26628268586184,40.8457044189523,2.2412551732362402,11.343754219230625,8.765708249398422,1.8208492472342215,,,38.74495970075792,-5.1477449351588795,-4.386558290230635,,,0.09541878657162339,-0.16120542346900013,-0.40008409537734657,-1.9991093105410442,0.9007166947670466,1.136941638948206,0.07385270508320457,-3.835567885135135
ODP0129-0801B-043R-001/128-134,19.08345840441567,14.04697075484809,-1.8856145404821554,-5.421897938766357,1.3410660860404278,-11.74108219606406,,,-3.7380065191967837,-5.778371994457682,-1.2666328352098972,,,-0.0069048429733236105,0.05269302606320991,0.6797770475680869,-3.7818411761336463,3.3716147516220154,-0.13970417377475153,0.01516734418013893,-3.480060292632615
ODP0129-0801B-043R-004/005-010,60.532905907271726,34.28983411484565,3.094096235881974,3.1960813737214337,8.173851257360027,25.49532769651941,,,67.575716147119,-4.230138910334677,-8.0898684212751,,,-0.5970243293730375,-0.42124418553085885,-0.3583815863908164,-0.7342211307262474,-3.1295256095668744,0.9176486948912226,0.07750769237100574,-3.583165629247242
ODP0129-0801B-044R-001/018-024,47.43150273105041,12.473816357390795,-4.340137845224504,-4.101630636172132,0.729145965737473,7.588446187935261,,,97.32045126698674,-3.6117898230513212,-2.533668547073809,,,0.2910950919702744,0.32489460598013853,0.9965986178089485,-3.028270217574793,-2.777665783820129,0.8625815507779997,0.014461364789965736,-0.24771282324956623
ODP0129-0801B-044R-001/107-113,74.20541474903374,27.074172219916683,-0.31836991277300797,-7.0726297733950645,8.67839714502334,49.450697447168146,,,-7.079648189970234,-13.151032176809622,-4.886599560419395,,,0.2533170923457986,0.1671878249351657,-0.5098707329307155,1.4248761841617892,-2.9374420940555117,0.3132230970204204,0.1481319967154816,-6.686937587024797
ODP0129-0801B-044R-002/027-032,74.68356961210819,35.294073791703845,-3.263047414368401,65.06581825722591,4.821431502375333,61.33973288931795,,,85.34915927378208,-12.42782841949605,-2.229471858714618,,,0.04563510786604841,0.392605157279724,0.9238471120104501,4.2102731840197265,-2.8791572860349155,0.21905221832767463,-0.0005052383033595786,-6.490943886511168
ODP0129-0801B-044R-003/028-033,39.26831638391396,25.2013910606322,1.595247412604408,11.436357554536059,9.187938050570871,7.57091225707299,,,122.53087145211424,0.41821255536406454,-1.728974711242703,,,0.45112038513609765,0.17610665076820897,0.19651935791408448,-0.18393344232556075,-2.280272250208079,1.1746396621105637,0.02581643691310853,-2.534077057813624
ODP0129-0801C-001R-001/014-020,21.7172514122229,6.140740279045872,-2.511019631193122,-2.2927370497550115,-0.005425758844978645,-10.087279717218827,,,-18.12415597482262,-2.7287098656273727,-2.6861084851980266,,,0.4139912145937421,0.05139930689079808,0.8772820805484196,-3.3404238631121217,3.708007335798821,-0.3642834354414144,0.061825637338929096,-2.8314493139827546
ODP0129-0801C-001R-001/109-114,31.223817605509705,28.074607504222584,-0.2582049856041735,8.710601119060783,8.732023806523316,-3.7787171757429796,,,-4.240422114357051,-6.707054850635043,-2.581251050283491,,,-0.18441248718635794,-0.5465112978972488,-0.4458079137441411,-3.0893156498651777,2.458235085286203,0.5585074195997848,0.15956826456248502,-3.555146761871744
ODP0129-0801C-001R-005/033-038,41.221200972306214,103.7279059938327,0.6520523619103464,15.674539259172917,9.157565808972372,9.52147024317452,,,50.99016161278465,-1.872502920384143,-3.1661054614207416,,,0.18676002358040922,-0.11071968922827402,-0.09398384368741297,-1.9382201135227817,-1.3080340148079408,1.6902880062989811,0.023371461669592475,-3.135679969331102
ODP0129-0801C-002R-001/112-118,36.1811581370776,18.825369921231953,-8.691584693701419,-5.788486041171616,2.5092478895751,-1.6722972992934615,,,16.267585846788844,-4.006468433389422,-2.8036822511364896,,,-0.10377145930583875,0.884088182342178,1.4038139793144335,-2.4399554909863497,-1.2044232908585828,0.933753485739417,0.05323522920586188,-2.7179242569025215
ODP0129-0801C-002R-003/114-119,44.655068500563225,29.48676485520113,-1.232529235136564,21.373613166522105,5.288155120612792,9.359856245847354,,,-3.9388994345157347,0.40545443095287936,-7.268622071490402,,,-0.25897851675967853,-0.750183486571748,-0.6523669245137107,-2.659611620590006,-1.6339514535868416,1.0018616578567556,0.06334279670775766,-3.464921850246819
ODP0129-0801C-002R-004/071-076,40.3953228047783,16.70683727604483,-8.037991980974809,-3.7197806562138,0.5478735993346291,1.3269800933010103,,,2.377725211290482,-3.117395753268692,-2.886489490141244,,,0.10320504993098023,0.6393099808379423,1.1308094084559377,-1.8259099702713186,-0.36811505634690356,0.8652672403267081,-0.012855002233367552,-2.8919735305931384
ODP0129-0801C-005R-001/103-105,91.38887533712938,19.956549808043324,-0.09448090938904552,19.31970126632514,0.6987551504297973,116.99615784270496,,,7.8929501147126,-0.41131372540868494,1.8952558431532225,,,-1.316227401942756,-2.5093365727744548,-2.9678752748222323,2.2961786594486853,-6.138085110920665,-1.007397721246194,-0.07573613175268162,-6.146528803263406
ODP0129-0801C-005R-002/087-089,27.577618588881823,1.2629326520035407,0.27012520829337083,7.838652756962174,1.33340383874807,10.144993931402821,,,8.833712658368436,3.666606813093195,-0.04254075750418718,,,-1.8383685942661607,-1.909210909108472,-2.339075389324581,-4.438918493315853,-4.721705638928556,0.7234838352991364,-0.07173995706534948,1.7407343964258164
ODP0129-0801C-005R-003/038-043,3.694128788054397,1.1470866126850212,0.8353079357251771,6.964386366121424,4.314661825247104,-1.8188850627670363,,,8.065417576097254,2.727235874992296,0.05673198244309585,,,-0.9507787787089441,-1.5092681149717269,-1.6844678165520595,-3.777766208677619,-2.977287928421963,0.46868253267851845,-0.02423634387258808,1.430376531563791
ODP0129-0801C-005R-003/125-131,45.693889317501174,-4.739846028695782,-3.845938653906126,30.661983455768418,-2.8756307142376403,17.25547953132811,,,52.7110350337184,-1.8087996252269782,2.242211412049932,,,5.259103952770925,4.931607587453439,5.973529298767047,-3.7912391950477655,-4.0704999433137194,-0.8385158560537331,-0.048105932013290595,-3.8379585828233234
ODP0129-0801C-006R-002/029-034,5.316841593221744,0.6341992531460485,0.3851539004688729,8.205500430344994,3.2251831823959103,-0.7606224852612029,,,10.408223472613024,0.8752422411326206,0.39578706082379345,,,-0.14168689900385,-0.34143640661737695,0.06746877956125896,-1.9859266344703883,0.2061201127637684,0.15433816489189667,-0.01575519625403253,-0.047697140371314006
ODP0129-0801C-006R-002/119-124,1.696444330998888,-0.14221567471045005,-0.4998787686628824,-1.5657637890759737,2.861340570215746,-2.789016372822659,,,10.031990279182967,0.9742722396464165,1.057616277080113,,,-0.2267699722126384,-0.701027679905236,0.1164291273532152,-3.285633731738791,-0.773261635482835,0.1133954827313568,-0.07396388233733112,1.381408220478951
ODP0129-0801C-006R-003/037-042,12.072861847481427,-0.9594688808618115,-1.4413969290850384,29.03806949827155,3.2533628614757806,12.65458266966584,,,12.133152215963793,2.368006626885489,0.30606945441960054,,,-1.237798730193374,-1.8665443725461874,-1.3170507610307576,-9.77223471045368,-5.397472085083902,0.5668794706546234,-0.06207422124705179,5.093766099376628
ODP0129-0801C-007R-001/053-058,-2.5192092420123684,1.440246933725347,-1.1165058036140625,-2.153268237322127,4.297121287864049,-7.718798544435046,,,56.60266219704711,-1.4100436291137468,0.33991374446325473,,,1.901774331145738,1.1127536621765461,2.401918942297743,-1.1648395415455113,-0.22556128630827477,-0.13863376972844055,-0.027839510103433024,0.15537308845160602
ODP0129-0801C-007R-001/099-105,0.8113128102641098,2.3865889551531767,-0.3225426043254196,14.543806402127245,7.073593500146597,-2.37278719414988,,,63.52350739796865,1.0557699313817457,1.2346009497465182,,,0.13938982914001663,-0.1093871694812929,-0.09675117266680644,-3.5194637899158607,-0.39108199279185474,-0.0351326690605136,-0.02561024314592933,1.029678858857661
ODP0129-0801C-007R-003/000-005,20.603525347410002,0.9365698195220324,-0.526419190687895,7.628284158456952,5.39165484027602,3.1850901310486623,,,90.75721734621798,0.6311068725090454,0.05934267225052281,,,-0.12420886569836398,-0.639108514969287,0.3975443225613642,-3.0324920088145078,-0.7801414265949829,0.046901541729971186,-0.07011165997572863,0.24154552154897324
ODP0129-0801C-007R-004/077-083,2.3508212571513805,1.1594425675513318,-0.4469765874603375,14.694757983767245,7.130728599812499,-2.0420523470729774,,,78.52356827027722,1.148255134481496,0.19306221886921193,,,0.38515151928720215,0.31316990027289116,0.19919089150585023,-1.5475368908587797,-0.09683958394736614,-0.026444236599223014,-0.09439119648076352,1.1511981826176392
ODP0129-0801C-007R-004/137-142,0.43360060277318846,1.9308909646704007,-0.7153339288654568,-1.5044540347449753,5.604213635977508,-4.066232111160653,,,60.84254217479265,0.7230044380181164,0.39053984427597044,,,0.33481320493585187,0.11471109071790941,1.2059944701156997,-3.6580449639879262,-0.766678256759989,0.04577936911225988,-0.08046841636333257,1.299353423466929
ODP0129-0801C-008R-001/065-067,30.932165757193673,2.8097223571323955,-0.1499248662107029,30.076284397521153,5.012557326128766,11.488246104319852,,,21.146940409808387,2.1014275022025366,-0.6534022743346117,,,-0.9259014837187785,-1.713340721724304,-1.9057501353758548,-3.5204271424413776,-3.6945491992581205,0.6851163190923835,-0.0796089000571518,0.544122887839336
ODP0129-0801C-008R-001/101-106,2.954955956642823,0.030609566035409097,-0.5768876163025349,-1.4639174751962973,5.7045027475031045,-3.1875105588038415,,,61.06352962203574,0.42466995205331237,0.13416893001372365,,,0.565834949563218,0.32285390178533824,1.4611365890760784,-2.8723086006498804,-0.46850637045024257,-0.038315441841867415,-0.07951554421533641,0.7476827074725847
ODP0129-0801C-008R-002/078-080,2.4777250617378956,0.6857899046928113,-0.1376920204654173,5.3594835010902635,6.740323532916436,-1.8696843665151697,,,79.02939906909273,1.4704665625958295,-0.07472859401843657,,,-0.20757964699283704,-0.021148534099255656,-0.3221509582448121,-2.8732633945446366,0.2767905647334157,0.008791913125618667,-0.02880034909140866,2.141418796403576
ODP0129-0801C-008R-002/133-139,3.8568623020128285,1.2256292108966054,-1.076061485272501,14.902810967382138,4.281883545601426,-1.7665841800437927,,,77.72680370664372,0.8447789803530252,0.6219649886898537,,,0.5204343721214819,-0.1280377003276545,-0.030630758906575295,-2.1295378272978382,-0.4083180758332059,0.7165868917870779,-0.010774237143337029,0.9885849730125642
ODP0129-0801C-009R-005/020-024,1.0110775102872982,1.3162525818999886,-0.2588230444897215,10.831191639971358,4.008311917018455,-1.9503231285225642,,,78.29077216373031,0.8068622397902203,-1.4635875510956167,,,-0.021677001218931125,-0.3854583175237085,-0.3621268599562111,-1.1440103622243214,0.10205037838485698,-0.023781570821999054,-0.09914111883262594,1.4245434364811818
ODP0129-0801C-010R-001/055-060,0.9078926233043368,0.6181648244542666,-0.7217286608773219,-1.718455084855115,6.087292024333949,-1.5091974286044438,,,78.80930409435095,0.4986340683948507,0.30312012453962733,,,0.24879311293961948,0.11383592927194375,0.905329781454161,-1.281564316019825,-0.008172823318882472,-0.13648680193662432,-0.08363634398646294,1.5244120418826874
ODP0129-0801C-010R-006/067-070,1.1233984180037935,0.062041227982771785,-0.5555812772887798,1.1595050875118043,4.661370620588155,-1.4030876693281022,,,39.32817632032918,1.3880391968116355,0.14422828288540934,,,-0.3383612037261159,-0.20692529919038094,0.6376150470918116,-1.898486707162803,0.03460230402413167,0.09961023451398576,-0.09809706138806812,1.7052714539210605
ODP0129-0801C-011R-002/121-126,0.5505243465221985,1.8012403296838517,0.18305884022131158,-2.1893935715937847,7.61743899412977,-4.200029779287973,,,78.78406058904542,1.6208509758148555,-0.6491710417617647,,,-1.7450836156412333,-1.211865356470982,-0.3714910789604602,-1.7432184552499734,0.42399951267867664,0.02379390981353291,-0.08734537774783545,1.3829115743415574
ODP0129-0801C-011R-003/121-126,3.6752368011902634,3.214583502131811,-0.21973689291985332,-0.31969131764315506,6.224616469442658,-1.7943167300343577,,,50.470296521718346,0.5664669793504746,-0.08028863393977659,,,0.5246766263060412,0.025363711044020576,1.2005838185895463,-4.194807339913567,-1.8876442338660349,-0.19582743175946415,-0.085423664146944,1.7793099265580263
ODP0129-0801C-011R-003/131-136,5.4267035519597755,1.152473139991013,-0.9434685102384889,24.05506888269101,6.120181904879071,-1.298053871887027,,,79.65987443222447,0.9320466833875196,-1.0580468860981131,,,-0.25439523145301735,-0.21924343772460553,-0.6506974530844847,-2.9101426637649723,-0.4457443770949565,-0.10879813558104656,-0.027528189251504992,1.427035501457885
ODP0129-0801C-012R-003/032-037,0.6290196427571944,1.9744437235987427,0.11346920578297026,24.18803627457417,6.273697092939914,-2.41653457256039,,,63.668606419341906,0.9190584982251089,3.5121445294381406,,,-0.9520933623812589,-0.9303219668589016,-0.7986041845383376,-1.658592695583259,0.35267496018457223,-0.008912102467736105,-0.0781105174810463,1.1757848694927144
ODP0129-0801C-012R-003/057-062,2.3346805578730327,1.8921361206329863,-0.777027256707947,14.452256935856873,5.237420044920517,-2.252560297878473,,,77.27811384688192,0.8295501699671322,0.40830129175066077,,,-0.5973082240570804,-0.23748815916076538,-0.217716817410599,-1.3882654153743346,0.5019031787973578,0.03823032529703996,-0.07199689905916082,0.7067564702910705
ODP0185-0801C-015R-007/031-034,4.226202722355211,0.6949190246388095,0.975920692125454,19.24875540297666,1.7245526599654712,4.757879444189773,,,5.259716406981255,2.1411557282602756,0.3232097192126613,,,1.0526552908038473,-0.9607913516193456,-1.7239883099660132,0.6545323484873364,-3.8409501929689127,0.8262023696877563,-0.021540673390740117,4.840770430035391
ODP0185-0801C-034R-001/093-096,5.85301800930252,0.276579418540537,1.1449590993554029,34.033794279992456,1.8598395635224048,-0.7079207206002347,,,1.9562319665815515,0.9899650100300699,-0.24680283625815314,,,1.8625307999668426,0.4483115199717851,0.09973348817321259,-2.3000601333220843,0.40730174639945016,-0.003372127362909705,-0.025651577436807405,0.29237237555550166
ODP0185-0801C-040R-001/024-027,28.672160343044318,-0.41954295074072967,-0.5236187514137935,73.88302294478835,0.1267955053373253,7.286208950502811,,,-2.4111751469938643,0.6631048698441644,-0.2879843637219448,,,1.8169986776159917,0.17536280503364754,0.31169101245039155,-8.587534372018084,-1.1118760793853015,-0.6518022525967866,0.007028238758623739,12.858399177103962
ODP0185-0801C-044R-003/023-026,11.830271231278132,0.8398058392037338,-0.09508801485869744,64.83388145536449,0.8423312369623979,0.29175464733870893,,,-2.4342206706601672,0.9820685768904687,-0.047244965992378596,,,2.773648974238723,0.3623280297556697,0.7216214857823786,-2.9587847067419872,-0.11673745165923943,0.27114072140615963,0.024311710542608084,1.851368647531885
ODP0129-0801B-037R-001/036-038,109.42388980123454,51.782979049618675,-2.2275580796382464,19.57021892707634,15.738181110776722,100.11930654674651,,,10.317073874548083,-14.622950088717436,-1.4397313312112416,,,1.3604146888551014,0.8348202246248451,0.5503193662536123,11.42532656431888,-3.76116319583561,-0.5094519554442067,0.10033698745571151,-9.617151509279296
ODP0129-0801B-041R-001/026-030,46.31704892797012,31.260404023862556,9.192785179505695,7.917942048013167,24.3621854934525,2.887538815075807,,,11.092930060678789,2.4608936653159326,-2.24164829221953,,,-0.6793769180556524,-0.5982883791226641,-0.3983488309049097,-0.48903986213991146,-0.653214297915353,0.37184699782309094,0.10218762067686304,0.08118248045640364
ODP0129-0801B-041R-002/074-079,56.24269745683781,26.687715362685047,8.457638284502647,4.719919385685721,23.869667505805296,14.214442624178659,,,13.539197626083638,1.2285962216745325,-1.898834437749894,,,0.2722530357136783,0.3255941325765317,0.5723397678821538,0.7388137614281334,-1.560843332015244,0.4778513102276327,0.1233348368280931,0.0381813319364106
ODP0129-0801B-043R-003/111-114,51.95122874768539,19.45025581722154,-5.928070124879881,108.40497549039338,-0.29083658092967823,18.21011439142805,,,2.9308322001319915,-12.69195654121891,1.0964898380305854,,,4.239010717663249,1.7132438035333095,2.322591344543662,0.3877016212302067,-0.727936078865798,-0.15716733756124635,0.19012268326563353,0.4077407170535281
ODP0129-0801C-001R-005/033-035,50.508931744946054,72.41042300112179,8.42691676429185,8.865013822129605,21.844106767998554,7.710010638617426,,,16.7161700040537,-5.693805162156288,-2.924166373142974,,,-0.282877048175898,-0.6178426721801467,-0.44524798080826855,0.15450982229688037,-0.47918150819223104,1.9056887205657542,0.11045577102751603,-1.7707741764987688
ODP0129-0801C-002R-005/024-028,31.5791556579331,7.649853227910953,11.960160940351432,9.725313826496347,22.949110878178217,10.458599605376598,,,9.649806294902064,-1.270693211027453,-2.3458917884374735,,,0.9448168608944103,-0.353695205707675,0.005546816495397344,-3.8445871292474934,3.1040585694424028,0.7085578830691652,0.0966867025725121,4.546283022518492
ODP0129-0801C-005R-001/095-098,122.16965476681959,24.655410281101755,-0.6169457265792837,11.249024872647666,-0.9997362850156064,139.28895849234948,,,-0.19402645542574826,0.4292633144020406,0.27012871097555946,,,-1.4455097185032741,-2.447637673391375,-2.499892611160219,7.922420534812034,-6.340793300772505,-0.7598254065734733,-0.0026023707009056457,-6.616466650346722
ODP0129-0801C-006R-003/042-045,19.19702428265297,-2.000399019193573,-1.3504046410042576,17.871288335098065,1.343793323654427,12.329863271864703,,,-5.008965455485862,1.255792519354178,0.8190432421587257,,,-0.8427153497115292,2.3442412055038204,2.7726542269666856,0.22278936840474728,-6.249726267680487,0.7823509440153287,-0.033207572898523746,3.4519567166703293
ODP0129-0801C-007R-003/043-048,11.281965830295455,0.018310317953950772,-0.4657500096965017,23.676862445686417,-0.8617241594614584,5.336646485553684,,,-2.432629380077663,1.7777456789511437,-0.560775782042128,,,0.929608446181521,-2.7901149073258646,-2.6941983840090535,-7.878406105937771,-1.4989133115561444,-0.0338803662615863,0.04912137444541563,10.19863301415932
ODP0129-0801C-009R-004/001-004,-0.464556635879657,0.14746420258535609,0.32878333115922453,0.060070737121225015,0.4046854859010418,-2.77222506305111,,,-5.958547575325724,1.1737294776408689,-0.11990988207480235,,,0.06938439043781042,-0.572047914706169,-0.550622629559169,-1.5380910412120699,-1.2909458292019629,0.0422012809181922,-0.10264189472933724,2.2590643810701714
ODP0129-0801C-011R-002/145-148,7.982582827808795,0.2024170911173666,0.3262002001234572,0.2968298739518467,0.8908922342988026,-0.24476145957357387,,,-1.1644665758630275,1.107264639057572,-0.3457920864965418,,,0.3977592518331381,-0.26992821787326093,-0.028080946545943064,-2.6438472373338584,-1.7695778206190171,-0.3039020217745598,-0.16762439417157735,3.785226974027971
ODP0129-0801C-012R-002/111-113,1.2827873706323758,-0.11257823782222776,0.13632919530653664,5.3456658659092415,0.9596164230464757,-1.1028259091412413,,,-1.9908814350668997,2.6246789413701626,-0.4370158937595292,,,1.1711706988702133,-0.3765000382664505,-0.22669500784701135,-8.126357714625613,-1.0170575261085872,-0.48432362822388075,0.026027261998948864,10.60310657970051
ODP0185-0801C-014R-001/086-088,0.028191605101079764,0.87186313483593,0.8435565380436132,0.6162021548806607,2.2313930611829096,-2.604889228982107,,,3.0821738411665613,0.9879996816771772,-0.286356272977379,,,0.345793472170584,-0.3787608167820249,-0.09355533941020688,-2.0741431293632075,0.058289073206134745,-0.11585905407654051,0.03135055222893207,1.7590019289499939
ODP0185-0801C-015R-002/117-120,7.992961729080523,0.9293492809932886,-0.200759607157448,21.194593214626764,1.321920158197738,4.84105820820907,,,0.4385795078530039,3.035421270051758,-0.4116876631816986,,,-0.5707921819506989,-2.5502554091215597,-2.331386310281734,-0.2507392002038955,-2.0490042910296804,0.7402371450502412,-0.02120258835482733,-0.2987091601565055
ODP0185-0801C-015R-007/096-099,1.2832723534749022,0.5144655684322048,1.0153043105013233,5.9746731594841584,2.245241377487625,-0.31901696996356543,,,0.6375233992826184,2.3874703925256693,-1.1342556481376533,,,-4.393642095977581,-3.015413352302775,-3.428314365134857,-6.348063739813114,-0.7641934493830398,0.27951410165619706,0.027826090159207423,-3.707740145264408
ODP0185-0801C-016R-002/027-031,60.380148795021825,0.29462593899048484,-0.26957732700699166,32.1569759139916,-0.9389629795176102,38.911684362037,,,-0.7821081335761573,1.3573958190079214,0.49717391037912506,,,4.218551633280411,0.43957529845119936,0.8320351959385963,-7.780424179146792,-1.441765589945132,-0.6842006068759421,0.0478638931085022,3.178124769393577
ODP0185-0801C-016R-002/082-086,16.82566493001502,0.33421534410121634,1.2872357409673159,16.016536640648646,1.6704234688981696,9.71946113854262,,,4.728541037272468,3.5943766060892264,-0.18974585850101455,,,-0.3433924636135526,-1.4141636256314243,-1.713176920419908,-0.8329624325081753,-2.889671012490874,0.5298636269314811,-0.005360746206078737,3.5773409734377495
ODP0185-0801C-016R-005/062-065,3.653680745971099,-1.0265723196451053,-0.6235696751399438,77.0696587138184,-0.5486849617954777,1.7750082596480201,,,-3.124439007648001,-1.359379881833748,0.4357529054592497,,,0.8652348322168164,0.46853936854055345,0.8352617224122554,-3.1781063932394886,-5.002626282567858,-0.896504551728978,0.06837462751596488,10.157527479403656
ODP0185-0801C-018R-001/064-069,0.025264944814597734,0.3404242825281114,0.705795446561053,2.677427723111383,1.7094405991743482,-1.3937089419892927,,,-2.7226242415576802,1.5140118905960636,-0.022150053815041204,,,0.574161029415027,-0.35558601443008797,-0.3902204500564519,-2.4741459459494806,-0.08132086468860944,0.03730650751965259,-0.05725556805439447,0.7969314847668993
ODP0185-0801C-021R-002/086-089,7.2733237322159745,-1.4486001469143217,-0.6617390587241139,38.59400695412797,-0.3614667337316826,-3.6278169476186823,,,-6.700937975252452,-0.3329518237986502,0.9797114608553805,,,4.040052385898063,2.483455901076142,3.275908422980317,-6.934852439462453,-1.272008800372145,-0.39273847844018217,0.027641410893380985,8.052763992108165
ODP0185-0801C-023R-003/080-084,-0.3450560612872986,0.04265180081558162,0.9030751307696001,1.4828326227179423,1.756577484267483,-1.4599460916022744,,,-2.9111389986666625,1.0819575598839606,-0.21923904575811726,,,-0.26839721869456135,-0.30379944777634904,-0.31174088384807064,-1.9172237869019426,0.23258219044874373,0.19854787368623672,-0.0245311443456179,0.4959326808264688
ODP0185-0801C-024R-001/046-049,4.22671254391919,0.025162360656666882,0.9348543586223648,15.292253720219627,1.8627216108522022,-1.47115725336098,,,0.9039054121118371,0.7561085741367402,-0.026641116149120236,,,0.6859949128250058,-0.17371295599419945,0.4505174403467489,-2.292077881535178,0.055950096444411734,-0.015474785670837043,-0.03951301588082007,0.06843556163878262
ODP0185-0801C-025R-001/010-013,-0.5965173948799172,-0.09198350337942651,0.42602289664753457,-0.8966296230151896,1.0366510432249973,-2.680751260376947,,,0.37133679748924386,0.777936442157328,0.1620937701947298,,,0.9222851948316908,-0.04618402920831066,0.6233897045508261,-1.5899460937800427,-0.11439509296818962,-0.11334157405182843,-0.08499910121350895,1.0261827940220485
ODP0185-0801C-027R-003/066-069,2.7862836927701737,0.42980088779960846,0.7063853875276391,14.911487032630461,1.5336342254031936,-1.1556008821861092,,,0.2567803569816469,1.1726054810937399,-0.18877364283343923,,,0.9561222860381839,-0.12282068868694118,0.047687732948213934,-2.4970133972844195,-1.396274076271018,-0.33975870519903095,0.010079988815365426,4.1933643394485305
ODP0185-0801C-028R-001/110-114,13.545926600004536,-0.39876336510081734,0.14354208986197836,1.0010267513227378,0.4765220933040806,5.1037309123328685,,,-2.374337392401398,-0.021051710807175716,0.47737127457514905,,,1.8347404324410643,-0.4263047140618914,0.06813468355479912,-1.6563581078100356,0.7282407428191577,-0.3308121483764701,0.032006069978781526,1.3325542534015078
ODP0185-0801C-028R-002/036-038,-1.5054805492278982,0.2625614072712965,0.6358762241452818,-0.12327990147381218,1.627729321006946,-3.262251465635103,,,-0.8279096604323675,0.8045508338438472,-0.07332723132537566,,,0.8571854541922388,0.02586466097752016,0.32096316683963266,-1.2315109451411104,-0.1581008989253272,-0.2676795398996279,0.0075935525422909655,1.3665601300653094
ODP0185-0801C-028R-002/100-104,7.421068427005508,1.4628951665068757,-0.4679221924157846,54.086964778643676,0.6006895944090598,7.67458842486878,,,-2.3038601248059942,0.4999774524152185,0.13060689185198981,,,-0.3182211832911346,-0.12489717821127844,-0.021910883546739868,-3.2811626145212145,0.1035474222299424,-0.2627060972729507,-0.010644064292288091,2.7356840783850274
ODP0185-0801C-029R-001/016-018,-0.12374204018191748,-0.3631327250162928,0.8728204353222551,28.335079358950797,1.3451814533792898,-1.2386027737106962,,,-2.7995402129819187,1.2093756371784252,0.0380435746058172,,,1.5369064904757526,0.6769693283109355,0.5920622029944784,-2.8289512417883955,0.20051060971966805,-0.11811813275652616,-0.04857528228591934,0.9854372155937092
ODP0185-0801C-030R-001/003-007,21.098048964715012,-0.1274445131394053,0.7501999479622095,6.572020193332462,1.4951644613149186,3.674183358064553,,,-1.250926644081427,1.274137328998851,0.23127772834231308,,,1.1170454244098078,-1.6872705428125734,-1.8235766661044934,-2.9965950776683243,0.648961566898203,-0.029071012537345897,-0.029565847852127014,-0.648200519630926
ODP0185-0801C-030R-001/111-114,0.017990780721449107,0.08723704253168152,0.5672615153106999,0.8691535630919569,0.9727604899153626,-2.33134277695211,,,-6.688332781347364,0.5393085937843916,0.2413462656085006,,,0.8166240765406094,0.3702174424210565,0.4671802551784463,-2.1161407169495945,-0.33534313875266,-0.223461651835267,-0.046636440933119666,1.0428159115716422
ODP0185-0801C-030R-005/039-042,8.135818529434303,-0.3753837265855402,-0.4203040818593031,9.072694150216714,0.4083411999087576,0.46940957776819037,,,-5.692361651016612,0.25743124818860963,-0.022471477999819633,,,1.8786919590524107,1.2587047492870127,1.4299938008840813,-2.8706707184723683,-0.5126230979835418,-0.17848002351391257,0.010976512916895664,3.8632614676113644
ODP0185-0801C-031R-004/043-045,-0.36904639091994307,0.2976561839585292,0.6270103961990936,0.060159622125087964,1.0612981257528302,-2.4606269945894557,,,24.645985150943712,0.4026462696364934,0.2413462656085006,,,1.3282502777018905,0.6061174269501155,0.8636501410472306,-1.5273327449320817,-0.5266501635617313,-0.1898533563987277,-0.04050774329886134,1.262815911571641
ODP0185-0801C-031R-007/007-010,23.546024962257043,-0.4077333161291756,-0.5715794030181045,0.8055106359258435,-0.6356890259779115,2.628685081320161,,,-4.2790054922011835,-0.05759791022493843,0.05203160089733139,,,2.9449225838014,0.036766055964003286,0.18810484548473383,-1.1651144862191387,1.4078241799320708,-0.5331874437812751,0.02462991831651845,-1.6826870569048342
ODP0185-0801C-032R-001/121-127,70.60038743736649,-0.2098129389689396,-0.2921616511134213,-2.0056843796454302,0.8518855516103163,28.958302393134005,,,-5.34616015182862,-1.3171990342957636,0.49646527902990734,,,-0.25409750595522596,-0.430059736782507,-0.1972382333310687,1.022563202345303,1.1220053211060401,-0.48524278958753664,-0.050338119441523554,-4.4992925233363925
ODP0185-0801C-034R-002/036-040,42.165163821469335,0.24113621622472836,0.6364182838662746,24.143219815233486,0.8092895989055062,8.360409914963796,,,-1.100376106341149,0.3874285372722257,-0.05743606645531507,,,1.0680294045483247,1.467956930114875,1.9534743423566105,-1.268051928940153,-0.7225176939559086,-0.33843887209485146,-0.03016228496914289,-0.8372792657684034
ODP0185-0801C-035R-003/100-104,1.0107329507059557,-0.7786631451476456,0.286104148728652,33.00285118252105,0.2645768394606298,-1.89729931435641,,,-2.438249524994686,0.5013183679901356,-0.12136821713544599,,,3.3158225808524495,1.9499428972989374,2.1223343963706434,0.30946538655371114,-0.5384982031295351,-0.21387662031532617,-0.0028550194598269685,0.8802200578002761
ODP0185-0801C-037R-004/106-110,0.26366591046591514,0.6114954847669305,1.0868369245085787,1.2942713805129524,1.8827556052554897,-2.117799315277262,,,-8.779651427144278,0.3132292672371255,-0.17147679530756577,,,0.7191571831155983,0.6148004134010847,0.9144773607331835,-1.012647504588898,-0.5685179826643969,-0.16988861110607711,-0.06000913861289833,0.9069122904169316
ODP0185-0801C-037R-005/112-114,21.340278865265034,0.89749547698542,0.23192705318156626,8.24183082562655,0.7817419640145511,3.2095572558466046,,,-3.2324397670384646,-0.5396779648579368,-0.024657698798026928,,,1.042121406775605,0.26012089278630945,0.6600178593574508,-3.3368953519126237,1.6870758409685385,-0.3461760655121475,0.03451381902699538,-3.761096589140215
ODP0185-0801C-038R-001/022-027,6.4123717689123705,0.5747076516592071,0.13825524975800385,23.17589609338729,1.496336432974016,-0.05731868316823929,,,-0.0063918459041465425,1.1210354585027655,-0.24777414457528835,,,1.1174691635508793,0.11600704463849176,0.42323582585888353,-3.763913641703226,-0.656890704896516,-0.24165293969950907,0.0004230422449642557,5.289791383526998
ODP0185-0801C-038R-003/053-059,29.04934258926481,0.43969941915244815,-2.15605112389704,25.6619192191093,0.29853136107143197,6.6325460193980295,,,13.614391270870048,0.3890427504387368,-0.4782738004314364,,,-0.6329934108061153,-1.2318316660715674,-0.7857229745366165,-2.437453592589982,3.462218619999187,-0.09659211789794098,-0.02195605760525901,-5.1654893954347045
ODP0185-0801C-042R-002/034-038,6.812114316158093,0.400880482627773,0.35115011032010646,33.558327625333774,1.1585561120780183,0.5571937749051243,,,-2.9881589243001674,1.0688180007433319,-0.0073118247042653906,,,0.7631678739526357,-0.4279798833098436,-0.49719993566463927,1.0766994862858041,-0.7995666236479222,0.04298511247140091,-0.0044778525146401404,0.19279143364472695
ODP0185-0801C-043R-001/013-015,-0.1234234543479501,0.3533897383668474,0.3632043241141709,-0.15520081685922626,1.2136825122053212,-2.4371529195918784,,,3.3441101942555296,0.6897263661958402,0.16314018407896214,,,0.5515112353113185,-0.04214102140165643,0.4811203158613555,-1.7158716306135346,-0.2617485817991607,-0.012813112359566059,-0.08354785775076767,0.8684886403742578
ODP0185-0801C-043R-002/101-104,47.08487280252037,0.21578944684511403,0.1897481120654747,3.610486329634133,0.7768033264719878,21.96054218166142,,,-3.4141118780304307,0.1211268068829563,0.02748047401099818,,,0.9708474138816232,0.31572364625635085,0.4951397288573478,-1.2410836803255805,-0.7006356119463986,-0.08253311292228549,-0.000802882544918504,-2.1331146612785563
ODP0185-0801C-043R-003/050-055,81.5439128395506,-1.0606572171735944,-0.03422141048973937,-0.16433110546866825,0.40678522415278495,34.32347432260652,,,-4.299649142177895,-1.4253902952171384,-0.011817224705761298,,,-1.0457430494416489,0.5067045593730386,0.6319990282976331,-0.26756990330430597,-0.07049267169904816,-0.6247219650919149,-0.004394968461546231,-3.158975919951464
ODP0185-0801C-046R-002/048-052,19.707715302685735,0.4464664413134094,0.35227538542823456,4.49285058467993,1.6040189723131735,4.753997185634572,,,0.9413957030200555,0.2512980366751263,0.12096742227173252,,,-0.537791622815746,-1.3559684488940924,-1.0106455057529615,-0.3648601021746032,-1.606108009661467,0.11759624242565092,-0.011245954877155129,1.9174484722134846
ODP0185-0801C-050M-001/029-032,-0.19193843711493397,0.5278894011003679,0.47724016858617446,1.4457348788600797,1.9901530623028139,-2.15020819809598,,,-0.7747730305323532,1.4959143718901018,-0.09890785915245992,,,0.5735632866482998,-0.8679202696465662,-0.43910697015199673,-2.0083730742348607,0.3347345886788018,0.2864682751481782,-0.03176643460443768,0.20935112377497944
ODP0185-0801C-052M-001/047-049,-0.11616655788890717,0.09340058645198246,1.2533414816092412,1.306734423294317,2.162534140102759,-1.757797193477486,,,-1.076608300371623,1.1453446337236137,-0.23877352959526554,,,-0.20576105699142566,-0.569922568580262,-0.09053323802129754,-1.5736191099533272,0.42684282826665765,0.053983991765946815,-0.08388498739100383,0.5581573082715998
329-U1365E-2R-1-W 36/40,5.6337715427817745,0.4206952081759354,-1.333706573426225,-3.2246842285143744,0.016929659945889686,1.0627997059570151,,,4.316830987822005,2.3982535985001885,0.701892433929082,,,-1.4613211605586853,0.07311340692173118,0.07288089579301538,0.20078209116677925,-0.7136627022324227,0.3571380676606788,-0.004495494107933901,2.7796712353682267
329-U1365E-2R-1-W 65/69,0.03930743294677541,-0.609292141179628,-0.5644114001926468,-1.297177892606146,0.23106654998857312,-1.2191269352314926,,,-4.090843887503485,1.9445694279600367,0.6590866716824202,,,-1.4299805401686356,0.016366213637769356,-0.14515208276117342,-0.6180961266624436,-0.6223965738339388,0.22523497893411237,-0.01166092757841633,3.4267836641997356
329-U1365E-3R-1-W 130/134,0.8501929188777337,0.3930414129267066,-0.9843000596361178,-2.2245826271910665,0.13251458651542114,-0.9515752694528681,,,-1.3640152384689461,1.6767368658439379,0.8353969536653185,,,-1.2543787861314257,0.15044840854132246,0.20191395212934982,-0.9689810169271453,-0.0458539231723174,0.14053939038029695,0.004957543847245199,3.1576266287266854
329-U1365E-3R-2-W 20/22,0.6624853372014619,-0.32661885237238875,-0.5327503857787454,-1.2575783030933585,0.28950057909467297,-0.38118791837881894,,,5.463635253743339,2.122403072899502,0.6530294044993417,,,-1.470665668112436,-0.09348227477560567,-0.1432514454742062,-0.2745485029333494,-0.8206554312488956,0.3152355422205835,-0.016680893703168886,3.3133235212892522
329-U1365E-3R-2-W 22/24,8.656436856455256,-0.365663452834029,-1.3331013881567322,-1.7542242050886934,0.10301997990819745,3.268720716515912,,,4.081989024594931,2.260922930624843,0.8446438264602953,,,-1.2456448799427235,0.11885022603953743,0.193032285623552,-0.6545942884980818,-1.0016870193234748,0.23050021108361207,0.002608998078949043,2.8606453025358594
329-U1365E-3R-2-W 52/56,12.65098466049708,1.053029741946955,-1.056403564466097,2.120486406899507,0.18360978164697217,5.299756617551028,,,1.4275981216422764,1.9626177472832778,0.4583876176563493,,,-1.3490319999300997,-0.18134603623883105,-0.21355557659879842,-1.1628113933304078,-1.7196477449071708,0.0809441425825157,0.0015287746186234685,0.9204599754837677
329-U1365E-3R-3-W 33/37,1.608966729796124,-0.5160995649873661,-1.1531134264039868,-1.7991174459933423,0.052190390979988344,-1.3125196806548263,,,2.8718494447821588,0.7866577221020119,0.7061675065362971,,,-1.16313696712764,-0.07455340703157631,0.04369889704846397,-3.3727414012517087,1.7718025806732136,-0.1850746444892506,0.0021875593884072148,-1.1674484907478284
329-U1365E-3R-3-W 112/116,0.6885334507118148,-0.46777721618178614,-0.6141981440323777,-0.8330403795338994,0.1453542546601405,-1.6734299536325008,,,2.9456365619359737,2.596476096261801,0.8129263859617408,,,-1.0160812250134228,-0.056040414229093116,0.04291252141968904,-1.3464793803365183,-1.1449526254717188,0.10568438120160017,-0.0013744452914853794,0.6231830962666844
329-U1365E-3R-4-W 66/68,0.8182286724558013,-0.5298949777391686,-0.6712777102630046,-1.126756736816953,0.24198953858986472,-1.6121566459194667,,,-0.0006372381590367127,2.0701868320818617,0.6271528327093421,,,-0.8382816041876557,-0.04640227081937631,-0.0038013043808335922,-1.0335532679823132,-1.9956919955325114,-0.017373626319855617,-0.003025791620327317,1.6099876270977642
329-U1365E-3R-4-W 68/70,7.407277372815218,4.087218248339197,-1.3273373338675465,-2.5451233795031447,0.29331203513520876,0.988471813405889,,,0.046937247484875044,2.1314161927406374,0.6173483779431779,,,-0.9130561016781842,-0.07043423640637858,0.14485098008750175,-1.5146406728503692,-1.4327990414167342,-0.006333499708900181,0.0026663169655542773,1.245698567304002
329-U1365E-4R-1-W 22/24,4.404337268937962,0.3343020518455111,0.1090031613539526,9.688586655221448,0.14408588768017783,5.171250026342122,,,0.2532662154828591,2.334255191730092,0.5427501853579368,,,-1.707302565535886,-0.4063101020419486,-0.39691972297828126,0.05790742866596332,-1.7580010855194654,0.5666666630205759,-0.0944495625217252,2.118335203485607
329-U1365E-4R-1-W 24/25,10.473411497428724,0.91348180382017,-0.6702841603017127,8.856651702403202,0.3067749883757287,5.930227512102038,,,-0.34550627927492084,2.090041896013564,0.6687059341979138,,,-1.600679660330571,-0.18789872464421897,-0.35632962846018934,-0.9286897958822777,-1.8635063646977006,0.44996550917433975,-0.011975629284955935,2.3468841762726402
329-U1365E-4R-1-W 37/40,10.143311949843472,22.517889802693734,-1.0000978257488848,0.3981876221714127,0.2973835958157083,3.8700758377194866,,,0.32136559124139374,2.006263695311387,0.8979878619546655,,,-1.5125201303944014,-0.2532278374174757,-0.13399913086405135,-2.724011893781288,-1.0482950051523714,0.27478497705993243,-0.004060580474152906,2.5550071953407123
329-U1365E-4R-2-W 88/92,0.8940047767312498,0.3032381439392182,-0.26106573705589375,0.5478255313885909,-0.04334409179693122,-0.7620426335235639,,,1.7087406051301501,1.5307854735572732,0.7007204039837696,,,-1.643361831045735,-0.0036562057659557112,-0.012501375523364722,-1.247531295056774,-0.0664298709100315,0.21013193171458688,-0.0254411416421345,1.6529037874346422
329-U1365E-4R-2-W 137/142,18.61072787722562,2.68715367559419,-0.13530345097182828,3.1608135152633476,0.049053697645651706,12.371518891205685,,,3.2025903721644333,1.5666008338485877,0.43085367430811683,,,-1.9213029944880269,-0.612253782402064,-0.5620976798848041,-3.72778995192013,-1.5989285570641236,0.07390698182628874,-0.03918074429690807,0.5688164392809849
329-U1365E-4R-3-W 10/13,23.960529909834573,8.736351305764098,-0.8425449752174936,6.993486732862976,0.12721432358849505,16.670889112505257,,,4.282105449588228,1.8970217652126173,0.4546583582190973,,,-2.0066031812586322,-0.40320392504986113,-0.2298106776476292,-2.7047794289595615,-1.9383172084164046,0.1538480372281441,-0.062165371405217884,1.7010002969814781
329-U1365E-5R-1-W 8/12,22.635589912754934,4.217347676345604,-0.9709785613785029,2.0240310332045177,-0.19263686161204596,13.774611102007405,,,5.5744889337297145,1.1758891437413057,0.9128290971773474,,,-1.2175600916022464,0.08244291532986647,0.1534974512285645,-0.7049741264881604,-0.5394416259691788,0.20755990774816357,-0.022854784807562117,1.4599609214946323
329-U1365E-5R-2-W 89/93,1.755107136215515,-0.4022115988603121,-0.25312816549336525,0.31343373694507815,-0.08584854129747921,-0.3058902792861016,,,14.885399778875659,1.0846175093248682,0.7925095581754213,,,-1.343618257416205,0.33169796031527277,0.29586903104038687,-1.0538568139961484,-0.40729657775994355,0.016996058418324633,-0.06786602431340952,2.1013025548978863
329-U1365E-5R-3-W 29/33,0.7900693548750832,-0.37084853054341815,-0.8810172585819954,-2.0665673953981085,-0.09151959674429833,-1.3916690205469373,,,2.4871159702568066,1.670527719893439,0.8302841758484556,,,-1.5033734469514641,0.2014145979913673,0.021982229134381193,-0.8392250912750612,0.0938254542968533,0.28884693692305774,-0.003092997729031516,0.6964347675502474
329-U1365E-5R-4-W 53/57,35.07654966726178,16.505227795812683,-0.7682878918997659,5.154386811666221,0.05381622416439491,28.934495399886455,,,5.7777751853454085,1.5528379659846996,0.38304320600643127,,,-2.1888453571380317,-0.4970615475437512,-0.4044169347528861,-3.2019359834487133,-1.4612918243690212,0.11637612260311547,-0.05733527296348681,0.6620780751254216
329-U1365E-5R-4-W 86/90,15.009000615919952,5.223057779858627,-0.8069864238826792,1.3332455737150566,0.2358843958355703,12.21055978381198,,,2.586553317674062,-0.053117622216867666,0.5479232395080711,,,-0.8285210690956282,-0.48623819592349715,-0.45471524619020265,-1.8316422951894396,0.6519198597801052,-0.24227850309775434,-0.013940590318448881,0.25670600135649124
329-U1365E-5R-4-W 144/149,-0.2743550048529231,-0.5855179394105157,-0.2538924037399607,-0.5856617290068307,0.05978515949872665,-3.0376280679339027,,,0.9712419173754565,-0.2864552730137939,0.6833872982373661,,,-0.34225442038859644,0.027280162262907304,0.03893033526672607,-1.243738813294648,0.9311079668566702,-0.05014439998498155,-0.004818228630838403,1.0875732347199971
329-U1365E-6R-1-W 8/12,20.195879958473583,8.82476154537864,-1.5962477871751382,11.41426473102784,0.1488153963930836,25.86691309710615,,,12.153571731665881,2.6717153437759293,0.23301341462539327,,,-2.100145106194562,-1.0317478999029825,-0.9632615476089512,-1.5512613436034783,-5.046285450049895,0.22233124126110004,0.003910834518914982,0.6922007304128694
329-U1365E-6R-1-W 26/30,-0.8570227085583111,-0.18146711482050926,-0.2194128726934238,-0.7622187612798037,0.07129643784738726,-4.780635462631914,,,3.558643483419167,-0.048461243146970645,0.5380359589810144,,,-0.3225453947519208,-0.4511218120916327,-0.25141644220099213,-2.302909181336979,1.5744647199985122,-0.1738433468462386,-0.008260293269478566,1.124593371294381
329-U1365E-6R-2-W 19/23,-1.9492840096359934,1.4290383937735198,-0.7543752795795666,1.7309874158465273,0.10113069635303562,-5.790791615268997,,,2.5578850651710674,1.698977219216192,0.6237504937451024,,,-0.843009356633015,-0.5510803027089821,-0.2519854043025562,-2.6112509423930987,1.0441128685586962,-0.03646867546228272,-0.013192150151794091,2.4797642226411334
329-U1365E-6R-2-W 99/103,-1.6755113754654023,-0.8205202254720065,-0.20933066892706154,-0.9996097403431325,0.1256592299504975,-6.628098343573544,,,1.2538657405475773,0.609581409409448,0.5149455258164961,,,-0.22488729139325425,-0.3151684978264475,-0.3213709314636102,-1.5814714249252262,1.2688393308661752,-0.08228333785929198,-0.007734579085959231,1.8035938894339605
329-U1365E-6R-4-W 8/10,17.318353414614595,1.674827837113755,-0.6757089152627291,1.7810943167991815,0.09948345672570325,6.928741561010199,,,4.754099452928959,0.7965525080636957,0.5983634376333944,,,-1.1371607996595392,-1.186074772425287,-0.8415051186083717,-5.321692333337609,-0.2927948692158653,-0.2500391276930385,-0.01653862877970881,1.7654818300404234
329-U1365E-6R-4-W 10/12,2.0352885351461802,-0.09809677614402856,-0.13573347239868605,0.4385610624587257,0.21360543190153924,-0.27897124816037566,,,1.8694085957146571,0.026510222535918615,0.7161363087593875,,,-0.7112758264230434,-0.19612334381530871,-0.08098828097438915,-0.3210357910531201,0.24159368450948904,-0.006181887025508814,-0.011976163859757527,0.8947490376440026
329-U1365E-6R-4-W 19/23,33.09588582904954,15.827261676948748,-1.4841115071313764,5.801909705441927,-0.6215283852648894,40.56749732311242,,,23.753437275202373,1.0887466056994208,0.7304168140151832,,,-1.2479765696363923,-0.4424100831584985,-0.16195932897085896,-3.0541516283629804,0.06730994904057219,-0.5578126691995733,-0.0005311648689018955,-1.8046879628059784
329-U1365E-7R-1-W 41/45,-0.8107882326625715,-0.4367029300208993,-0.15694349121212803,-0.8650638982717558,0.12092055227685528,-4.178247826102853,,,7.355707636770374,1.8913711391552974,0.38002841585745806,,,-1.0182992566288553,-0.44264491173177056,-0.4601005231112092,-2.037457479296563,0.4443582687461376,-0.517345327300434,-0.01457005662415796,1.2060836840335156
329-U1365E-7R-2-W 131/135,15.798671939235442,2.427276470574898,-0.4617134429200558,3.6455759771161866,0.030841547124083712,11.178459737334292,,,10.017923398233014,1.6085209993062515,0.2810891690169459,,,-0.5757497786461054,-0.18915643935668403,-0.2270952294537576,-4.56483701569465,-1.9401630234147191,-0.1315869230166431,0.0015027238862340836,0.7500791232243547
329-U1365E-7R-3-W 0/2,28.30618359230669,3.9702780038673873,-0.495443621862425,2.700523915503163,-0.533003628064479,31.037811161239816,,,12.531839949299874,1.4551572700349804,0.6840750402513698,,,-1.1889496953097067,-0.6717356167801691,-0.6621959432896762,-3.785748429380007,-3.1562566090802147,-0.22036728051715349,0.02199333948849877,-0.2797288540245759
329-U1365E-7R-3-W 2/4,62.23923144305927,29.698036831336772,-2.6572359775433085,15.982144558776822,-2.8443734800538243,118.45508492665567,,,11.94418600718081,-0.40781089926574854,0.7130100161563382,,,-2.416757907607781,0.2502125268599915,-0.01024462780801505,-3.609010063155452,-2.914051619832418,-1.4346609961695618,-0.014419181130199327,-5.331910301586455
329-U1365E-7R-4-W 0/4,0.22995098959120397,1.4618805729690143,-0.28074420320249477,-0.5864363776692005,-0.21068152556136543,-1.6463402910771294,,,6.386190252568734,1.725956049759732,0.7699945296828852,,,-0.8268140080773514,-0.27837169721711064,0.0958582840190636,-1.4071828065225276,-1.401041055243759,0.04468990158334529,0.008566614619120685,1.45504870905134
329-U1365E-8R-1-W 41/47,50.66665694722235,85.04447439478656,-3.1179557177325368,14.917990953962121,-2.9820708601042085,98.81458204417363,,,4.654433589832457,-0.4664191689110657,0.7598902701158652,,,-2.666675252662732,0.21360593741765,-0.2038199596592003,-0.928672629877255,-3.296275829137284,-0.5681936535502137,-0.03259989749782781,-4.709532620507645
329-U1365E-8R-2-W 49/53,-2.2661065782150382,-0.5630519474198432,-0.2119727707195736,-1.2581368722944188,0.12197960520875306,-7.202037810341152,,,6.545351836299385,1.874382573249588,0.24185354326683317,,,-0.6351417119468508,-0.36248443344421766,-0.49534024100936325,-2.8564399710965915,1.5517338874224773,-0.2744251365759487,-0.011972916768206193,0.30316655599943587
329-U1365E-8R-2-W 117/119,8.971602299377583,4.057062413003983,-0.31379644198177786,0.9102183864145204,-0.25639085934006367,5.196919655127229,,,2.1312199085253893,1.8643176410716062,0.6646365672542185,,,-1.23321720139958,-0.5910518230645376,-0.15053204364277084,-4.987402151670864,-1.9817035339102809,0.10416999283594786,0.01281641888593961,2.9405827082187344
329-U1365E-8R-2-W 119/121,-1.905986526883722,-0.5302252062608379,-0.11934074880558321,0.6986659512986528,-0.007872031803930368,-5.195440749132333,,,4.887573335203971,2.4575385570487094,0.4630777161899515,,,-0.5477279248466034,-0.26342055505505524,-0.4582049321165842,-1.063438722744415,-0.9818740363622949,0.057078457747607114,-0.006186553680888898,1.6281940582068959
329-U1365E-8R-3-W 41/45,-2.050767920000864,-0.8230623341459639,-0.22252196610913688,-0.3257524390710844,-0.031483262909871024,-2.8723948309640503,,,0.8568831448674659,1.6781660280914483,0.49947342334010525,,,-0.6102932198065365,-0.264173819603315,-0.19329177542244524,-1.7107522312351975,-0.12902290252419313,0.0489307027860999,0.010106705041802493,1.134836401101916
329-U1365E-8R-4-W 8/10,20.549498145158,1.715749184960278,0.39973861444536296,0.8907827663194077,0.765271311681472,15.217469497882632,,,1.8562180483086514,-1.8426918063236757,1.2809463486499233,,,1.2989716953545685,2.5863179681516044,2.7472909840849002,-1.5644319061985854,-0.3540154154296662,-0.5444721779038453,-0.16130403429505807,-1.8832380652702607
329-U1365E-8R-4-W 84/88,6.281796113418624,-0.2813855791148687,-0.40251603374823075,-1.151654145745416,0.5696672166148926,1.7817814289169611,,,0.35037757334603903,-0.45345833321272977,1.3696657782684643,,,-0.01829734516972792,2.06924916547775,1.7459238985914096,1.3625096235225058,-0.9946249592957042,0.1466697036948279,-0.009331659259726066,1.0015981709465702
329-U1365E-9R-1-W 84/88,-0.41919036893962425,0.1512176806387402,0.07033869950791782,-0.0003338055376671534,0.3827020065781013,-1.324719719867291,,,-7.168931553446898,0.03507428853445749,0.9017495335129677,,,-0.3209602868676402,2.1034850500798417,2.2405080984939554,0.07074401450453394,-1.4194161479440472,-0.13421913920995854,-0.05767332961031932,2.0467252687077107
329-U1365E-9R-3-W 138/142,1.066732223195103,-0.5800533247022366,-0.17981613598237733,0.031089349194571625,0.6705760904323692,-2.2178959885491167,,,-2.928536053662196,-0.4854344296085662,1.175209806208855,,,-0.016808511167793583,1.909930608132174,1.7774961477474767,-0.17214964901229735,-1.1907723186085404,-0.11167728956717093,-0.01601265371685684,1.1921164824759067
329-U1365E-10R-1-W 46/50,-0.5354197743535993,-0.04950399647685111,0.11692162406692153,-0.7870557136056338,0.2844575740148909,5.146642247291956,,,14.181212699059659,0.6227539308075851,0.6669836673433451,,,-1.7658399990488345,0.34642097220414314,0.2704430388899617,-0.5028638221646489,-0.6636900534210515,-0.080252166700995,-0.004587176802570758,0.36677027990713285
329-U1365E-11R-1-W 75/78,16.265831049317107,-0.5634738813826201,-0.4830143004011329,0.07543208748326702,0.2978378713221561,4.1167892958318095,,,-1.89676710414399,-0.03963479369002787,1.0418911561676616,,,-0.2205495261404664,2.1773061585637628,1.7340692514562361,-0.978606534323859,-1.6924840028006827,-0.07307327732381896,-0.004501120086427696,1.0669526797030162
329-U1365E-11R-1-W 100/104,10.709618681628474,-0.5633444656820117,-0.466197666632437,1.3798823948123844,-0.007693939444480158,2.8000632698671764,,,-3.2038030043239694,-0.4061592932027107,0.9257456311379748,,,0.10817464849252012,2.020115572970754,1.533693647034295,-0.5065386632954159,-1.3746296460813516,-0.09759633568308601,-0.005376427580556092,1.8464872445142806
329-U1365E-11R-2-W 0/2,17.444511701138506,0.16702737474140927,0.41768040676277574,7.028033743564007,0.4821942670531274,8.098285737715837,,,-3.2707918252246326,-0.2119151345610799,1.2136099800268596,,,-0.355813176406814,2.2049982830789148,2.0674071179575435,0.2808423688684485,-1.6531172772187706,0.0008260396502941525,-0.10289565128941022,0.5575334073838221
329-U1365E-11R-2-W 2/4,31.988407204612134,0.17222031024605355,-1.1194789039153472,3.361738761842601,-0.4107001500979508,11.954117417017613,,,2.3402538762223424,0.31816857594509074,0.8220329821540346,,,-0.43353949629556165,1.884808055971173,1.6737412347619687,-3.738510867947255,-2.1697013368252174,-0.2687484253590977,0.01639898763335454,1.2134644475587102
329-U1365E-11R-2-W 89/93,30.386456625201493,-0.7563829650436473,-0.562602030139461,5.010004742530064,0.13172547001471502,11.530433530036834,,,-0.9694905833426155,0.046578878197224505,0.9418452370069339,,,-0.22564692395107677,2.384945079829123,2.055243774614426,-0.16412409397712935,-1.552872475064004,-0.16191174211628478,-0.010054794423866198,0.9191653935007906
329-U1365E-11R-3-W 77/81,0.9504387582182269,-1.5826034660817807,0.1896211950730664,4.1144829508649226,-0.7588729824491574,-0.9363474640766465,,,1.9351892061843774,-0.10690661067153595,1.3407751849818013,,,-2.1566555701544496,3.984238803181303,3.923338530353761,-1.0394249287195692,-0.9623799816735943,-0.06539835078845124,-0.0032228898304222653,1.9560837998968843
329-U1365E-12R-1-W 19/23,-0.36455260448477966,0.5268263733494929,0.17581529554769992,0.45040594082054897,0.379075365549403,-1.4692759479232036,,,-5.772732323645432,-0.08726188251665778,1.047266195059711,,,-0.5102928312534605,1.96013374671786,1.8244190080301141,0.3465372862953018,-1.1151645041780132,-0.06744874457602901,-0.07195419255762445,1.0923038197842043
329-U1365E-12R-1-W 71/76,13.404491450764565,-1.7124930270807244,0.1771683345501054,4.386937519866235,-0.2616155253497845,7.424636744694888,,,5.821736631689337,0.22104843602537727,0.8641258421852402,,,-3.606232955129859,3.405642592456301,3.5760622133221833,-1.3613773448589228,-1.5923106416708679,0.03701648595944862,0.0009437817054097075,0.3506563428360572
329-U1365E-12R-2-W 66/68,25.09561743517422,-0.6557824326292525,-1.0729860498978296,4.514296307092552,-0.24061722447141864,12.418854591044898,,,-4.937144306105603,-0.36010600673679516,1.523520942581527,,,0.6195002086345269,3.1721648037714347,2.6740042060009435,-1.8337638017902123,-2.527034328492613,0.05267095002033395,0.015494481682329059,0.44472357643017446
329-U1365E-12R-3-W 17/21,15.433780669120724,-0.3834105708449733,-0.21200853402688935,1.6065983540916862,0.7535292641440559,5.898284124190874,,,-1.6755563634538682,0.07744277809949018,1.326287704767358,,,-0.1997026038738703,2.3892376841178207,1.7421216306462366,0.41864732401148785,-1.1192128461909494,0.08410026692550066,-0.01171789962094455,0.6527884691599759
329-U1365E-12R-3-W 128/132,1.4716560778226122,-0.34955206860881205,-0.34053120573123774,-0.09627362634735404,0.47619107754796763,-1.0274642029332526,,,-2.8349809861206987,0.22668716576756953,0.7765831091901187,,,-0.3038638578200743,1.5385636235674767,1.199912798540649,-0.7021101728220387,-1.1253049621462727,-0.16421973909297405,-0.014797358266382371,2.085422715161913
329-U1365E-12R-4-W 60/64,0.7481070727846332,0.0023495576990097966,0.10013619610276425,0.41198012005608,0.3533003795351064,-0.605266702078445,,,-5.978258401314082,-0.12468203763823826,1.2440671229891063,,,-0.1883244030734499,2.324195651778828,2.1265026189587335,-0.3110743839013921,-0.98496608665541,-0.27638201535748363,-0.07483833642024454,2.3273445539290165
329-U1368F-2R-1-W 13/17,-3.520510181803017,-0.11001451405860152,-2.0277164007074777,0.39512091699452867,4.609935601608907,-8.385490636472472,,,-3.691177689304439,-1.0104579123943331,1.805124940886797,,,-0.3312374666016167,1.2847967633217028,1.3148562858787267,-1.4970084457685715,-1.072475273404991,0.5991088954603145,0.064124117636923,-0.08924265558894184
329-U1368F-2R-2-W 13/17,-5.875117717787351,-2.0009534417400054,-2.0196670524863993,0.45219513941898626,4.419114453853595,-10.331321558023534,,,-0.7110401890062565,-0.44278856418302404,1.3119981899381905,,,-0.5985022314263002,0.9385099807637385,1.0391376920356743,-1.7576915927203984,-0.4312326925330261,0.5283253140726378,0.07299757644966459,0.7198986958664157
329-U1368F-2R-2-W 134/138,-1.8924672900551283,1.9036525231011439,-1.8585700392714095,-1.1777606361352646,5.798821489155898,-5.218021033885616,,,-5.273081107337303,0.9855035493826847,0.9406403721352792,,,-0.6392419868992434,0.9169610827994399,0.8280318882460396,-2.07327690762002,0.05288318338030962,0.5620878403093208,0.07013733110671855,-0.42898361609847235
329-U1368F-2R-3-W 110/115,-1.8481143098569746,-2.6688836955893898,-3.2574796341030474,-2.796642507218479,6.204007104360386,-7.9964830932154385,,,1.0237047136117958,0.723751277133978,0.8358159000523226,,,-0.7498232847317601,0.19870145575323672,0.17630947714740586,-1.9737300971410718,-0.47437221394066853,0.482621986272477,0.05658957485951449,0.6963561868441577
329-U1368F-2R-4-W 61/64,-1.9115614473393556,-2.1138745530458998,-3.018470176763101,-4.596183956114066,4.458026562991902,-7.337852648747312,,,-3.122163866652201,0.6024676904008857,0.9436266641274607,,,-1.3429000864955123,-0.611034995596591,-0.7004781564123528,-3.556829299590177,6.884552278770757,-0.22558938230529657,0.057799791507926884,-2.5298194281692945
329-U1368F-2R-4-W 86/90,-8.360367121026094,-5.163465871078104,-5.129252441719213,-7.729057607818669,6.588438169528084,-15.418957009575404,,,-8.902438199317187,-3.6348269632421513,1.126519152046905,,,-1.294117482054566,-0.0931242039936464,-0.11711629279132652,-4.050426827129499,8.138527387575667,-0.45328228719136554,0.03395421713020358,-2.4072680344019837
329-U1368F-3R-1-W 19/21,7.193804285557338,-0.01720252106930875,-0.34949701480149686,0.45870846522183584,0.7627078815883346,2.426601753688608,,,-1.7871799729931297,1.1294139450601834,2.035365635608132,,,0.8720237551754195,2.518659441601214,2.714079567653572,0.5839580507129654,-1.0286990502419417,0.11435396319327218,-0.004151637202145786,0.4434063110425299
329-U1368F-3R-1-W 21/23,15.864355546212899,-0.5565246839396765,-0.22116010635215577,4.355259839571319,0.4059916740840199,5.71947131000852,,,-1.131767999880502,0.6949497645772746,1.4435967944759387,,,0.3130366599908232,1.8282743987276504,1.8565133386335955,-0.6203158950411307,-1.5069490474488028,-0.11724801727839029,-0.005204444756035709,0.6382597282972036
329-U1368F-4R-1-W 23/27,2.0256295061729563,-1.8815389233711357,-0.11985602218501112,0.48834501983604994,0.6382989213828267,-0.29084654984133484,,,0.7186895875669332,-1.4847014471783044,1.2240756891695312,,,0.16306415551709108,2.4943732956399884,2.5047904484637815,-0.005938506802493748,-1.3072707264425567,-0.15080763057544377,-0.027621632733789814,0.4802853406351577
329-U1368F-4R-1-W 66/68,10.625474511336161,-2.622944902642866,-1.4357330940408515,20.45690735779952,0.04278446887084453,1.7545887180378292,,,-1.0858261648758756,-0.7306209623067046,2.1520601263543995,,,4.038086302064915,5.765324211126761,5.694793672040991,-0.26168253221319304,-1.8551041220827686,0.2814278927763776,0.0013503242673220672,0.5966330479609265
329-U1368F-4R-1-W 129/131,14.08133898286501,-0.7251754709795293,0.036457659899166384,5.207122367871839,0.8377812212527154,4.0285075894604905,,,-0.24629526437366422,0.6518256287021593,1.2258341362356031,,,-0.4333484521457738,0.47800080232418374,0.5978139902582509,-1.7374278038635538,-1.9825209232637437,0.00830870845570475,-0.010060237447728076,0.583838688202384
329-U1368F-4R-1-W 131/133,13.728685285287414,-0.27399400563134213,-0.622192421061762,-2.019273589692017,0.721416463963954,3.9358839273574024,,,-1.4679368321686788,0.648357344039832,2.0935776024402646,,,1.0266182534430985,2.3567102000862103,2.440709672761141,-0.2461601130873845,-1.1307889388304941,0.13182388388385924,-0.0053812145005815715,0.23226770680210151
329-U1368F-4R-2-W 14/16,4.15481324259311,0.6965597190386692,-0.8735515889175485,-0.5308198332045935,0.3932198354703713,3.158488821005402,,,-2.6457410467402447,0.9093807543635775,2.2154781881178653,,,1.610705880255086,2.7711663799212882,2.796966207378043,1.4864988344505576,-0.9475509993760953,0.031411561046116976,-0.005508316308674849,0.26335415818435415
329-U1368F-5R-1-W 30/34,0.2737456301491339,-1.7909936193663643,-0.16067528548296384,-0.8316862653428787,0.6774065229647457,-0.04123222001417082,,,-3.2741065444910618,0.10751070376158722,1.8582525855927372,,,0.8229483031268074,2.264905462318696,2.2265683083373595,0.7336751857769386,-1.0572965937691219,0.14770051529956252,-0.016499630678556088,0.6213403387099419
329-U1368F-5R-2-W 64/69,-0.9253055621182442,-1.5908652429295562,-0.4528093457480873,-0.024885843049465173,0.9964449429646463,-1.659065295418003,,,-1.9555576796981153,0.162690489153011,1.8262760741768727,,,0.874543764550678,2.230156307442096,2.595804252319688,0.05479065479594425,-0.7999844311727893,0.06541559150290555,-0.009923432006466337,-0.19496898341840208
329-U1368F-5R-3-W 9/14,-0.7279042811797916,-1.7361571971958185,-0.1464925047813388,-0.08565830603764635,1.0164539381625666,-1.4648139023809357,,,1.7105167735452635,-0.07301232525029633,1.8114722843094953,,,1.1261599154446191,2.122370923677865,2.7397792885293146,0.18360932533957453,-1.070550078382083,0.09414530161299739,-0.01589095374237337,-0.1946764156933991
329-U1368F-5R-3-W 93/97,0.43909369898325257,-1.397474642787629,-0.08533435242121801,-0.4337807707895873,0.7136262926096055,-0.5841311240612277,,,-3.4325579502560997,0.039882969596802376,1.208479189374092,,,0.4316239431430162,1.8396673031795174,2.413478895956972,0.11478302695935128,-1.1308067004157998,0.11115078878213236,-0.005851562584908904,0.3087323840701792
329-U1368F-6R-1-W 83/87,7.137873084873713,2.920634922427772,-1.5202778041099876,-0.6688379477525546,-1.256210911826785,2.968725468823072,,,-4.168428951789039,1.6310217806234606,2.073494390146921,,,1.6660351147255295,2.644969718947946,2.969127388145777,0.7465101429917027,-0.6314594587021887,-0.2169066399000079,0.005447846679946605,1.2267284636119768
329-U1368F-6R-1-W 119/123,18.31381002257134,0.11829327676811063,-0.34863789773090836,-0.29146397621544207,-0.7968483879333448,6.914471171789216,,,0.22701349023594197,0.8650395046929278,1.7372607239061324,,,0.34928532567337633,1.3072979803641367,1.8478058915034214,-0.5753110492117699,-0.7708309867373382,-0.289434017382336,0.01484268942075026,1.3396368015395073
329-U1368F-7R-1-W 48/50,0.12301918530449996,-0.5572964627159123,0.17098221441524553,-0.9251854908616917,-0.5386141810276683,-0.2732949962856974,,,1.4424220502460674,-0.43760409137399137,1.4209931168231922,,,-0.32188188759275427,0.7170204818455304,1.3253429617003256,0.19477289403477016,-0.15368328259870623,-0.44726377566326736,0.022280879691983835,0.9454186085080085
329-U1368F-7R-1-W 90/92,-0.04805875550374461,-1.7002750064581433,-0.7460670251270884,-1.9994220273573395,-0.8541982287872418,-1.067346321617599,,,-0.6271237004630894,-0.3876088421430097,1.917305894671765,,,0.5598766625818996,1.5763942038319634,1.6502207464517102,-0.6886670620237609,0.06869885952163646,-0.4380545854409683,0.032250975209239835,1.2686186711894987
329-U1368F-7R-2-W 8/13,-0.22792736000804892,5.704572526086837,-0.4779174131994255,-3.2825454810132846,-0.6889055640356716,-0.09072733103506492,,,4.008778361928812,3.0637146077278397,2.2959841861414176,,,0.894527262076652,2.199414050804217,1.9811737562251555,1.2404230232966142,-0.19916878392334514,0.0024398794393629686,0.015278214923773181,2.4738464541883864
329-U1368F-7R-2-W 46/48,5.557963637159961,-1.3747709922657494,-0.34758961580256553,-1.4014168052057663,-0.7586656481424399,1.0744708268615852,,,0.7272988908119942,-0.7207774424412428,1.8816557000331073,,,0.4424474490652788,1.3878068974416866,1.406879024157739,-0.19800251830067594,-0.3070428937620102,-0.3980802448708989,0.02774425738878672,0.7997982343146397
329-U1368F-7R-2-W 93/95,21.433459577303942,-1.7748689602022845,-0.7791953145414632,7.842787446527112,-1.2304483939530568,6.130492487955823,,,-4.093784707434073,-0.5021900574409628,2.2522358206894406,,,1.6844534027833298,3.0931838084879555,3.4296015447409403,-1.6974534168182416,-0.9859194268127904,-0.44660034557694805,0.040823590803325316,0.8350470202000739
329-U1368F-7R-2-W 113/115,7.243206580099891,0.2504948814573229,-1.1603605999744762,-1.16817803393496,-0.65958315307443,2.1548454812938074,,,-3.089057552068885,0.025961695916763894,2.412368632403327,,,2.1358277784189763,2.571699506358348,2.9753360956726738,0.8198464385349524,-0.34802144169638005,-0.14774054586694518,0.02982939942343993,0.6803516170052042
329-U1368F-7R-3-W 16/20,8.11194256633129,1.2998530334240992,-0.8122924231444326,4.785583731927278,-1.3557899931723894,2.51883215517199,,,-3.066194829935373,0.7859072376839418,2.1259594862608253,,,1.5175304052113674,2.354154473697509,3.0448078608805176,-0.32822013796035066,-0.6448275378693937,-0.3036505518055326,0.04094997650473603,1.8265391672633573
329-U1368F-8R-1-W 31/36,3.1884433324424455,-1.0002824788401075,-1.7354292419013553,-2.7489103572777687,-1.4798930842341607,0.7160890313562618,,,-6.72577412517518,0.4919189769698713,2.3720650562694026,,,1.8829624436430006,3.289834337053561,3.7397191121279256,0.5622005734933069,-0.5366888604300986,-0.25904587368922716,0.01232369170774722,0.9849583775172928
329-U1368F-8R-1-W 129/134,17.38531510651771,3.164448886500355,-0.7695973756131096,2.733921645452833,-0.7327104283159036,5.68030995651332,,,-1.6157307979777666,1.55561281865364,1.8556510791366279,,,0.37763234724773476,1.8980896002511187,1.7764069408060745,-0.4508485680331873,-0.8989576910260393,-0.16750472388419801,0.023510391772844697,1.4578571667139428
329-U1368F-8R-1-W 143/148,2.1115091016585046,-0.4355575579368045,-1.688195292683647,-1.8552943359768754,-1.3720414918762307,0.40699854478137176,,,-3.8854982374608245,0.6794975527470459,2.8688360032291556,,,2.794903607157865,3.663319147768524,4.449401647134776,0.7394127982346177,-0.5567013293634897,-0.31334841050814877,0.015602234837047702,0.7268925491287401
329-U1368F-8R-2-W 121/124,4.970794099324444,-0.611059732800808,-0.24138830642655895,-0.9328141124700604,0.17064103105790185,-0.23323286495315276,,,1.964980315196284,-0.09363554310720357,1.6321057444761244,,,-1.7717789223773686,0.4775294571367681,0.6541788076719861,-0.813064699472946,-0.23055074674429932,-0.2852932681038607,0.028980742887730504,-0.05374713170870038
329-U1368F-9R-1-W 29/33,17.02514567945779,-1.5692641478494833,-0.44205586711658285,0.25587376912403403,-0.5851945388858342,5.450775554029461,,,-0.6861363926806394,-0.45357359331611313,1.3678636104458946,,,0.07623084528221824,1.377928470722095,1.4753727659864833,-1.291730560883181,-0.9310601223878532,-0.22588760064089186,0.008315921243817248,1.1224214686111882
329-U1368F-9R-1-W 95/99,12.425433576273162,-0.7777835850154067,0.3767599423898722,1.5757914651505551,-0.29023496071252275,2.1998884059635273,,,0.538301650423934,0.12466675092921875,1.2116445128459805,,,-0.16035869638749922,0.759870063916205,0.9148871241603445,-0.8690883440142017,-0.5510139132024436,-0.20372246142557993,0.025851026488069195,1.0975960887717644
329-U1368F-10R-1-W 0/3,13.339194586140112,-1.365891518346515,-0.881801692352044,5.1356719589381905,-0.8887002517860161,3.867977395336868,,,-3.5635601106584964,-0.3071366820603485,1.922757520382758,,,0.6629155070840174,1.900867775343638,1.97233762985217,-2.1242703124599345,-1.1144457125927065,-0.13566329816690725,0.05224418625594818,0.7737367971662454
329-U1368F-10R-1-W 3/5,5.676125748182393,-2.8424881919858467,-0.3873953873338021,1.421429036478302,-0.7319488078889638,3.8417411778220143,,,-3.2677460540808845,-2.6369687150692513,2.271852526066086,,,2.2017828304920712,3.559444667661939,4.505672122395517,-1.3782213063878572,-0.8392314897626321,-0.42294292836590897,0.00804279623524376,0.6347707813910706
329-U1368F-10R-1-W 112/116,-0.8816866905628227,-2.1205741283831525,-0.9632137654791819,-0.8209334380822835,-0.10653527911444716,-1.589689081976223,,,-1.4970706387819348,-0.2346240550231231,2.0006015481659762,,,0.8224861218994413,1.6749389441792708,2.3674559370999138,-0.03640529470406051,-0.313025812588247,-0.16509203660105642,0.024292908074716707,0.7130708653162543
329-U1368F-10R-2-W 57/62,1.2661010836824333,2.3758646342347998,-2.2457617635035176,-0.49674151580003567,-0.823295782558243,0.2989445992600057,,,-5.467581530842219,1.5947479421773192,2.907781264860997,,,3.1880493823745812,4.135172187512042,4.45701998349603,1.762309106478014,-0.30045064062242766,-0.16085803016162625,0.016440880471050134,1.0722593963909102
329-U1368F-11R-1-W 10/14,8.833110844162674,-0.9142742676321083,-1.3659559056854946,0.9702806570977911,-1.0261508745276187,3.3470147161719632,,,-5.537660222622428,0.2022282764322787,2.080055219427406,,,1.515422563098877,2.602984036986644,2.2520993799897617,0.018828943650277097,-0.9875591065233067,-0.20142965529143364,0.017958731446142018,0.9211248162892751
329-U1368F-11R-1-W 81/86,13.655549175460695,0.06473135460059742,-0.13306409954752008,0.8063587968331225,-0.30877076598429287,4.508844950235975,,,-1.0470497946951944,0.6868464090187372,1.9233168268902592,,,0.5065385576571124,1.614638741989916,1.4734562743685924,-0.19019136102736667,-1.0002305864065226,-0.19467139358644525,0.021167011188612694,1.4102448842974802
329-U1368F-11R-1-W 133/137,25.493595894851502,-0.21075391983471148,0.6413176556309379,0.5776780935663215,0.6907601852942618,6.581605690289487,,,0.6634277971250011,0.6955351537178691,0.9579278175449915,,,-2.918243391018912,0.5364407823455277,-0.1054577400132608,-2.478846602994537,-1.5695859470854323,-0.2514039465241944,0.03602780712912504,0.2792411394422931
329-U1368F-11R-2-W 20/23,8.403121468976687,-0.6575324578353299,-0.4374168768315272,-0.8760966086984343,0.11596455026707364,2.0668195304752333,,,2.100936366517164,0.13120982308759466,2.0553167987776,,,-1.7370768499970524,1.1638493126605116,0.9672399419349755,-0.8918142478109488,-0.07389024190520033,-0.32915677872612426,0.03707743603403177,0.038375727390503656
329-U1368F-11R-2-W 74/76,4.5740851173349455,-1.896028058254948,-0.9028868631627356,-1.3208328849847204,0.14733497781857796,0.7269961580556918,,,-0.5071077415700387,-0.014150788734526465,2.3068537746894435,,,0.4331515179117673,1.82096068794546,2.4983409639662035,-0.41570188855665435,-0.5003320538696361,-0.04957949049226862,0.03348795427566653,0.17050202401586922
329-U1368F-11R-2-W 76/78,9.534253024133346,-0.3172984538997192,0.08889003746052548,1.0412068908605576,0.3326451954950542,3.8311228693539587,,,-0.5735472184466861,0.8168663701271441,1.2156325154878864,,,-1.2309906115038078,0.7633323184047782,1.000864617191926,-1.3127768580499648,-0.550695697132296,-0.1434924466336973,0.03354185834296727,0.6673556963514038
329-U1368F-11R-2-W 110/116,0.6466590287286884,-2.435338710591193,-0.7284028543852981,-1.4273402943040097,0.035956525305368636,-0.8809920071483077,,,4.433516506792449,-0.06654270089862635,1.606665100348188,,,-0.11042777551042704,0.7756095437876329,1.338403951742995,-0.979625752325127,0.049368169221670755,-0.26853463887836604,0.03027782658096137,0.23780946067943276
329-U1368F-12R-1-W 29/33,9.6732831297339,-0.8573721492273054,-0.23330323672029873,-0.1250112785761024,0.3888940140964605,2.33866196304254,,,0.44852071265273885,0.19088111770921312,1.8521321281347252,,,-0.8251658858632105,0.669964553128441,1.2888994198075245,-0.48690976777911743,-0.29856127315702086,-0.26301340685194674,0.03165919486781393,0.2699075593113083
329-U1368F-12R-1-W 71/74,9.304738043649088,-0.4880187886749878,-0.8720211303907233,1.9873973351143635,0.17111559504179752,3.4551233389154303,,,-0.24592678716408223,0.43927642938159117,2.15505313773264,,,0.6137682634967465,1.3234578704313193,1.653517358941622,-0.5940808021085573,-0.5801081167587574,-0.22218565254605815,0.03503576740558742,0.48672778265531846
329-U1368F-12R-2-W 11/13,17.703870121166357,-1.1966887959309611,-0.44981816256269713,-1.6439643106155089,0.30888477510604506,2.0428320590393527,,,-1.0713122892249611,0.4559433086345397,1.3950302435599315,,,0.26139097014634594,1.188727757282214,1.5360601377535126,-1.4815220341485116,-0.0628165599890167,-0.05442103323956049,0.014191702001235651,-0.04396204330272191
329-U1368F-12R-2-W 13/16,20.68655347258909,-0.5892981967884845,0.14790976034351688,-1.4250427303010929,-0.06425487416624875,4.631615218798087,,,1.2263205871044,0.32599323941364755,0.9868315350935113,,,-0.3819976530489839,0.8646869775919157,1.1178467900125533,-1.5069088444440695,-0.11183795069313618,-0.13162325884679715,0.013127977708021321,0.6926438584736747
329-U1368F-12R-2-W 122/127,-0.27358177979238985,-1.9604247098551284,-0.6485605712025109,-0.9772868235460557,0.05865828760766423,-0.9931607666258797,,,8.832802679806434,-0.21482277840777897,2.0577569268169817,,,0.8684812152549934,1.2412542120581023,1.8060310349167228,-0.7465862963799808,0.3300591880142152,-0.09671190143436359,0.025930813320386298,0.21465324295892074
329-U1368F-12R-3-W 51/55,24.765297205731123,-0.6460870532555558,0.10295191587419783,-0.35000564354448116,0.13132778874252526,8.71312619073778,,,-5.860182824799196,-0.022997892608048076,1.6067948020308513,,,-0.3907963056333834,1.0760598113515911,1.3552505465194145,-0.9491023433951824,-0.8479335342588001,-0.22731675713072752,0.02585587091039096,0.43517127664552113
329-U1368F-13R-1-W 7/11,9.930515462678512,4.325003304611249,-0.8169947414094834,16.461465912889203,-0.08834535641106811,4.530244479405015,,,-3.7353803978790996,0.1671875285164326,2.1908250860453755,,,1.0126951687482606,1.610768913367112,1.6954901189064042,-0.1751058862141619,-1.5250357455118513,-0.089892581921025,0.0262779069894008,1.0409308187510256
329-U1368F-13R-1-W 71/75,5.657042910762852,-0.48387062180895635,0.09873836556209614,0.10758559845902571,0.024232005269258394,1.827202181376188,,,7.830168847660264,0.37591736783086827,1.3676003591662766,,,-0.21679532409006086,1.0158632262968847,1.2900866964353916,-0.23993384287590658,-0.5857526582218995,-0.035644178728329035,0.0265213282239464,1.1116456438890676
329-U1368F-13R-1-W 114/115,-0.33318366880587336,-1.518256480844836,-0.40895828627703823,-1.4648723732509206,0.2685589135163582,-1.5457837732065798,,,0.918237549265216,-0.0543950484918172,1.6444472319030918,,,0.1778325390877633,0.8933025875292842,1.563856821435623,-0.41497493103403116,0.23207182556778072,-0.11349589714429298,0.01626209383096497,0.3553362781053444
329-U1368F-13R-1-W 115/117,4.789343775271131,-0.4153173759144755,0.011855202313865831,-1.3738859240128196,-0.04282498335327123,1.4244346624639048,,,-0.8444227396181407,0.3472739872402828,1.0425995192102402,,,-0.2242652024913685,0.7784746764582682,0.9602357452432084,-0.8939558284691955,-0.03870993591374283,-0.1543235668514189,0.02020104760286051,0.8075988452979335
329-U1368F-13R-2-W 54/55,0.13105741891792722,-1.827199199954864,-0.14722298148853907,-1.365080078598318,0.17824060350101423,-1.072105091641279,,,-0.6221429038967123,-0.22499582884034286,1.733736991691572,,,0.3267199116133632,0.7268735233203856,1.2708734518162075,0.12348267112537314,-0.1045977777588547,-0.034652423810718425,0.019631634555193567,0.3894762336721058
329-U1368F-13R-2-W 55/57,9.840661404015547,-0.6035604868290481,0.033246385415760304,-0.904234937100818,0.02165256161025564,3.355826610980752,,,-0.7379232221898526,0.46685099591344326,1.1790106904401725,,,-0.18831898009630876,0.55534366608161,1.150128949274782,-0.697599304317194,-0.22136645399541344,-0.13453209935766441,0.01412455189614198,1.0644381562432077
329-U1368F-13R-2-W 108/110,3.1537421592681705,-1.5148066144140393,-0.3858277899272573,-0.1699489179606699,-0.35344471838679503,0.31982040032958947,,,-0.1608672061719787,-0.30798854997094693,1.7369927965347323,,,0.47870722334215543,0.7498271518533581,1.4085164801587844,-0.7440159395902484,-0.15911147444112306,-0.22851940870088328,0.046867112663981386,0.2688470712847124
329-U1368F-13R-2-W 120/124,3.1702138346440814,-1.4293447833359276,-0.7578510638297549,-2.0741238004223534,-0.44023325287113924,0.982071345602189,,,-2.7153122680372768,-0.25838239482844294,1.9818859712481363,,,0.8044168203684485,1.539595477695837,2.0357124900962216,-0.7687382520355683,-0.1400958101179075,-0.3157719020469836,0.04480683247783235,0.45002981049120727
329-U1368F-13R-3-W 52/56,0.9625881122628597,-1.9433761194511745,-0.335175841408895,-1.0047839204661022,0.3090151315850287,0.6257545513625642,,,-1.2446098147525273,0.09426886561763226,1.3764187649252762,,,-0.4931489612287887,0.6347886382483452,1.2055021655463634,-0.6200154459292335,-0.14694751280634577,-0.25779089353613305,0.025734337701351417,0.3529464457457401
329-U1368F-13R-3-W 131/135,14.704845358758774,-1.046009811667217,0.2923104467445521,3.3305367362268594,-0.17429010714925486,4.939903011509731,,,-1.1754822527229258,0.3278890742447018,1.1421273537365906,,,-0.6539356283196227,0.5403159769989916,0.9010497389410457,-1.6036742974899099,-0.913372229312194,-0.20078319762687702,0.022383419872951782,1.112593877424663
329-U1368F-13R-4-W 22/27,8.86711821670131,-1.7676592453922764,-0.34719830586533496,3.789049675915913,0.006822047593029623,3.5492198480719845,,,-0.5535728456205664,0.17428489479204767,1.6926414136228836,,,-0.01856548865551133,0.6419248675632119,1.1349251373148395,-0.46958629637998683,-0.5888805696564283,-0.17829558339633333,0.030964725522493214,0.5843969786558656
329-U1368F-14R-1-W 39/43,9.962619047590447,-2.1377448462479522,-0.668228631922533,-1.3633616455207322,-0.43969431080747157,5.111257712682633,,,-0.9073340580402824,-0.16099552399862116,1.6882824363514786,,,0.28336490436849004,1.0951936019702089,1.5307435333122008,-0.012377331463838459,-0.805134955891555,-0.21297579396404176,0.03149074249110098,0.6189723526315358
329-U1368F-14R-1-W 140/145,0.8252794193479636,-3.4895851746425812,-0.5278803954126525,0.8281706266383431,-0.598590461319632,-5.660873018728851,,,1.435755446502272,-2.0972063228142908,2.563925062895839,,,4.773831672664924,6.104645623196527,6.8469709998509884,-1.279275594556637,-0.7288736410885379,-0.15048852134735347,0.04107338799104357,1.0916801054916458
